Using pre-set license
Built from '2023.1/staging' branch; Version is '2023.1.20f1 (35a524b12060) revision 3515684'; Using compiler version '192829333'; Build Type 'Release'
OS: 'Windows 11  (10.0.26100) 64bit Core' Language: 'en' Physical Memory: 16237 MB
BatchMode: 1, IsHumanControllingUs: 0, StartBugReporterOnCrash: 0, Is64bit: 1, IsPro: 1

COMMAND LINE ARGUMENTS:
C:\Program Files\Unity\Hub\Editor\2023.1.20f1\Editor\Unity.exe
-adb2
-batchMode
-noUpm
-name
AssetImportWorker2
-projectPath
C:/Users/tudor/OneDrive/Imagini/Documente/GitHub/Anarchy chess
-logFile
Logs/AssetImportWorker2.log
-srvPort
49917
Successfully changed project path to: C:/Users/tudor/OneDrive/Imagini/Documente/GitHub/Anarchy chess
C:/Users/tudor/OneDrive/Imagini/Documente/GitHub/Anarchy chess
[UnityMemory] Configuration Parameters - Can be set up in boot.config
    "memorysetup-bucket-allocator-granularity=16"
    "memorysetup-bucket-allocator-bucket-count=8"
    "memorysetup-bucket-allocator-block-size=33554432"
    "memorysetup-bucket-allocator-block-count=8"
    "memorysetup-main-allocator-block-size=16777216"
    "memorysetup-thread-allocator-block-size=16777216"
    "memorysetup-gfx-main-allocator-block-size=16777216"
    "memorysetup-gfx-thread-allocator-block-size=16777216"
    "memorysetup-cache-allocator-block-size=4194304"
    "memorysetup-typetree-allocator-block-size=2097152"
    "memorysetup-profiler-bucket-allocator-granularity=16"
    "memorysetup-profiler-bucket-allocator-bucket-count=8"
    "memorysetup-profiler-bucket-allocator-block-size=33554432"
    "memorysetup-profiler-bucket-allocator-block-count=8"
    "memorysetup-profiler-allocator-block-size=16777216"
    "memorysetup-profiler-editor-allocator-block-size=1048576"
    "memorysetup-temp-allocator-size-main=16777216"
    "memorysetup-job-temp-allocator-block-size=2097152"
    "memorysetup-job-temp-allocator-block-size-background=1048576"
    "memorysetup-job-temp-allocator-reduction-small-platforms=262144"
    "memorysetup-allocator-temp-initial-block-size-main=262144"
    "memorysetup-allocator-temp-initial-block-size-worker=262144"
    "memorysetup-temp-allocator-size-background-worker=32768"
    "memorysetup-temp-allocator-size-job-worker=262144"
    "memorysetup-temp-allocator-size-preload-manager=33554432"
    "memorysetup-temp-allocator-size-nav-mesh-worker=65536"
    "memorysetup-temp-allocator-size-audio-worker=65536"
    "memorysetup-temp-allocator-size-cloud-worker=32768"
    "memorysetup-temp-allocator-size-gi-baking-worker=262144"
    "memorysetup-temp-allocator-size-gfx=262144"
Player connection [43584] Host "[IP] 192.168.0.100 [Port] 0 [Flags] 2 [Guid] 1686291182 [EditorId] 1686291182 [Version] 1048832 [Id] WindowsEditor(7,TudorValerio) [Debug] 1 [PackageName] WindowsEditor [ProjectName] Editor" joined multi-casting on [225.0.0.222:54997]...

Player connection [43584] Host "[IP] 192.168.0.100 [Port] 0 [Flags] 2 [Guid] 1686291182 [EditorId] 1686291182 [Version] 1048832 [Id] WindowsEditor(7,TudorValerio) [Debug] 1 [PackageName] WindowsEditor [ProjectName] Editor" joined alternative multi-casting on [225.0.0.222:34997]...

[Physics::Module] Initialized MultithreadedJobDispatcher with 11 workers.
Library Redirect Path: Library/Refreshing native plugins compatible for Editor in 23.79 ms, found 4 plugins.
Preloading 0 native plugins for Editor in 0.00 ms.
Initialize engine version: 2023.1.20f1 (35a524b12060)
[Subsystems] Discovering subsystems at path C:/Program Files/Unity/Hub/Editor/2023.1.20f1/Editor/Data/Resources/UnitySubsystems
[Subsystems] Discovering subsystems at path C:/Users/tudor/OneDrive/Imagini/Documente/GitHub/Anarchy chess/Assets
GfxDevice: creating device client; threaded=0; jobified=0
Direct3D:
    Version:  Direct3D 11.0 [level 11.1]
    Renderer: AMD Radeon RX 6600 (ID=0x73ff)
    Vendor:   ATI
    VRAM:     8120 MB
    Driver:   32.0.12033.1030
Initialize mono
Mono path[0] = 'C:/Program Files/Unity/Hub/Editor/2023.1.20f1/Editor/Data/Managed'
Mono path[1] = 'C:/Program Files/Unity/Hub/Editor/2023.1.20f1/Editor/Data/MonoBleedingEdge/lib/mono/unityjit-win32'
Mono config path = 'C:/Program Files/Unity/Hub/Editor/2023.1.20f1/Editor/Data/MonoBleedingEdge/etc'
Using monoOptions --debugger-agent=transport=dt_socket,embedding=1,server=y,suspend=n,address=127.0.0.1:56200
Begin MonoManager ReloadAssembly
C:\build\output\Unity-Technologies\mono\mono\metadata\icall.c:1842:
C:\build\output\Unity-Technologies\mono\mono\metadata\icall.c:1842:
C:\build\output\Unity-Technologies\mono\mono\metadata\icall.c:1842:
C:\build\output\Unity-Technologies\mono\mono\metadata\icall.c:1842:
C:\build\output\Unity-Technologies\mono\mono\metadata\icall.c:1842:
C:\build\output\Unity-Technologies\mono\mono\metadata\icall.c:1842:
C:\build\output\Unity-Technologies\mono\mono\metadata\icall.c:1842:
C:\build\output\Unity-Technologies\mono\mono\metadata\icall.c:1842:
C:\build\output\Unity-Technologies\mono\mono\metadata\icall.c:1842:
C:\build\output\Unity-Technologies\mono\mono\metadata\icall.c:1842:
Registering precompiled unity dll's ...
Register platform support module: C:/Program Files/Unity/Hub/Editor/2023.1.20f1/Editor/Data/PlaybackEngines/WindowsStandaloneSupport/UnityEditor.WindowsStandalone.Extensions.dll
Register platform support module: C:/Program Files/Unity/Hub/Editor/2023.1.20f1/Editor/Data/PlaybackEngines/AndroidPlayer/UnityEditor.Android.Extensions.dll
Registered in 0.003016 seconds.
- Loaded All Assemblies, in  0.324 seconds
Native extension for Android target not found
Android Extension - Scanning For ADB Devices 210 ms
Native extension for WindowsStandalone target not found
Mono: successfully reloaded assembly
C:\build\output\Unity-Technologies\mono\mono\metadata\icall.c:1842:
C:\build\output\Unity-Technologies\mono\mono\metadata\icall.c:1842:
- Finished resetting the current domain, in  0.526 seconds
Domain Reload Profiling: 847ms
	BeginReloadAssembly (105ms)
		ExecutionOrderSort (0ms)
		DisableScriptedObjects (0ms)
		BackupInstance (0ms)
		ReleaseScriptingObjects (0ms)
		CreateAndSetChildDomain (1ms)
	RebuildCommonClasses (25ms)
	RebuildNativeTypeToScriptingClass (8ms)
	initialDomainReloadingComplete (39ms)
	LoadAllAssembliesAndSetupDomain (144ms)
		LoadAssemblies (104ms)
		RebuildTransferFunctionScriptingTraits (0ms)
		AnalyzeDomain (134ms)
			TypeCache.Refresh (133ms)
				TypeCache.ScanAssembly (121ms)
			ScanForSourceGeneratedMonoScriptInfo (0ms)
			ResolveRequiredComponents (1ms)
	FinalizeReload (526ms)
		ReleaseScriptCaches (0ms)
		RebuildScriptCaches (0ms)
		SetupLoadedEditorAssemblies (485ms)
			LogAssemblyErrors (0ms)
			InitializePlatformSupportModulesInManaged (319ms)
			SetLoadedEditorAssemblies (3ms)
			BeforeProcessingInitializeOnLoad (6ms)
			ProcessInitializeOnLoadAttributes (105ms)
			ProcessInitializeOnLoadMethodAttributes (52ms)
			AfterProcessingInitializeOnLoad (0ms)
			EditorAssembliesLoaded (0ms)
		ExecutionOrderSort2 (0ms)
		AwakeInstancesAfterBackupRestoration (0ms)
========================================================================
Worker process is ready to serve import requests
Import Worker Mode flag is 0x00
Begin MonoManager ReloadAssembly
C:\build\output\Unity-Technologies\mono\mono\metadata\icall.c:1842:
C:\build\output\Unity-Technologies\mono\mono\metadata\icall.c:1842:
C:\build\output\Unity-Technologies\mono\mono\metadata\icall.c:1842:
C:\build\output\Unity-Technologies\mono\mono\metadata\icall.c:1842:
C:\build\output\Unity-Technologies\mono\mono\metadata\icall.c:1842:
C:\build\output\Unity-Technologies\mono\mono\metadata\icall.c:1842:
C:\build\output\Unity-Technologies\mono\mono\metadata\icall.c:1842:
C:\build\output\Unity-Technologies\mono\mono\metadata\icall.c:1842:
C:\build\output\Unity-Technologies\mono\mono\metadata\icall.c:1842:
C:\build\output\Unity-Technologies\mono\mono\metadata\icall.c:1842:
C:\build\output\Unity-Technologies\mono\mono\metadata\icall.c:1842:
C:\build\output\Unity-Technologies\mono\mono\metadata\icall.c:1842:
Symbol file LoadedFromMemory doesn't match image C:\Users\tudor\OneDrive\Imagini\Documente\GitHub\Anarchy chess\Library\PackageCache\com.unity.visualscripting@1.8.0\Editor\VisualScripting.Core\Dependencies\YamlDotNet\Unity.VisualScripting.YamlDotNet.dll
Symbol file LoadedFromMemory doesn't match image C:\Users\tudor\OneDrive\Imagini\Documente\GitHub\Anarchy chess\Library\PackageCache\com.unity.visualscripting@1.8.0\Editor\VisualScripting.Core\Dependencies\DotNetZip\Unity.VisualScripting.IonicZip.dll
- Loaded All Assemblies, in  0.741 seconds
Refreshing native plugins compatible for Editor in 3.79 ms, found 4 plugins.
Native extension for Android target not found
Native extension for WindowsStandalone target not found
Mono: successfully reloaded assembly
- Finished resetting the current domain, in  0.488 seconds
Domain Reload Profiling: 1226ms
	BeginReloadAssembly (256ms)
		ExecutionOrderSort (0ms)
		DisableScriptedObjects (4ms)
		BackupInstance (0ms)
		ReleaseScriptingObjects (0ms)
		CreateAndSetChildDomain (21ms)
	RebuildCommonClasses (27ms)
	RebuildNativeTypeToScriptingClass (8ms)
	initialDomainReloadingComplete (32ms)
	LoadAllAssembliesAndSetupDomain (415ms)
		LoadAssemblies (259ms)
		RebuildTransferFunctionScriptingTraits (0ms)
		AnalyzeDomain (228ms)
			TypeCache.Refresh (210ms)
				TypeCache.ScanAssembly (201ms)
			ScanForSourceGeneratedMonoScriptInfo (15ms)
			ResolveRequiredComponents (3ms)
	FinalizeReload (488ms)
		ReleaseScriptCaches (0ms)
		RebuildScriptCaches (0ms)
		SetupLoadedEditorAssemblies (330ms)
			LogAssemblyErrors (0ms)
			InitializePlatformSupportModulesInManaged (17ms)
			SetLoadedEditorAssemblies (3ms)
			BeforeProcessingInitializeOnLoad (60ms)
			ProcessInitializeOnLoadAttributes (221ms)
			ProcessInitializeOnLoadMethodAttributes (26ms)
			AfterProcessingInitializeOnLoad (3ms)
			EditorAssembliesLoaded (0ms)
		ExecutionOrderSort2 (0ms)
		AwakeInstancesAfterBackupRestoration (5ms)
Launched and connected shader compiler UnityShaderCompiler.exe after 0.02 seconds
Refreshing native plugins compatible for Editor in 3.14 ms, found 4 plugins.
Preloading 0 native plugins for Editor in 0.00 ms.
Unloading 4305 Unused Serialized files (Serialized files now loaded: 0)
Unloading 67 unused Assets / (59.8 KB). Loaded Objects now: 4844.
Memory consumption went from 163.3 MB to 163.2 MB.
Total: 3.379400 ms (FindLiveObjects: 0.204900 ms CreateObjectMapping: 0.104100 ms MarkObjects: 2.965500 ms  DeleteObjects: 0.104000 ms)

AssetImportParameters requested are different than current active one (requested -> active):
  custom:scripting/monoscript/fileName/CountdownTimer.cs: 29151b8b1909dcb5f8770e606e1b626a -> 
  custom:scripting/monoscript/fileName/NickNameField.cs: 4566439151a528588c6e77fbea15ef25 -> 
  custom:scripting/monoscript/fileName/ConnectionHandler.cs: 33c1e29051dc60b1fb7e8675cafa9a54 -> 
  custom:scripting/monoscript/fileName/NetworkProjectConfigImporterEditor.cs: 0b9c7f8db96d38ff89dc9f2e19e80a40 -> 
  custom:scripting/monoscript/fileName/StringInputField.cs: 766f94c288e6bb2cfcd18d60914c0461 -> 
  custom:scripting/monoscript/fileName/PhotonTransformViewClassicEditor.cs: 174be401c238aa6e741f961399731929 -> 
  custom:scripting/monoscript/fileName/Fusion.CodeGen.User.cs: 7518413c31be8fc7fe79dd8f5b20fa0c -> 
  custom:scripting/monoscript/fileName/SmoothSyncMovement.cs: 31ee6a992a574c4e665f73e48482d3fc -> 
  custom:scripting/monoscript/fileName/PlayerListCell.cs: 76799f985e8a3951e5d132618c3350d8 -> 
  custom:scripting/monoscript/fileName/NetworkCharacterController.cs: 0d9ab4a1b508efe718225ceffebd8e54 -> 
  custom:scripting/monoscript/fileName/ConnectAndJoinRandomLb.cs: 9dd47be72f766f78cbbffce9f8575ef1 -> 
  custom:scripting/monoscript/fileName/RoomInfo.cs: 86776ad49e4deb535029b369c45e7f36 -> 
  custom:scripting/monoscript/fileName/ServerAddressProperty.cs: 284ddbe40a77584c9c8835a0d4d63859 -> 
  custom:video-decoder-webm-vp8: 9c59270c3fd7afecdb556c50c9e8de78 -> 
  custom:scripting/monoscript/fileName/SlotRacerSplashScreen.cs: 76e2c64393d61c31f26e20612278ec67 -> 
  custom:scripting/monoscript/fileName/ChannelCreationOptions.cs: 4231621e658bee43f79b42f64c894f83 -> 
  custom:scripting/monoscript/fileName/SystemConnectionSummary.cs: bf5673a8df4878a9885c94fd51dd3397 -> 
  custom:scripting/monoscript/fileName/RunnerLagCompensationGizmos.cs: f7028307a5d8b8de388a40efb20302af -> 
  custom:SearchIndexIgnoredProperties: e643bd26f0fe6173181afceb89e7c659 -> 
  custom:scripting/monoscript/fileName/DocLinks.cs: 22fc6e62d47c65fdd35bd32f57891e69 -> 
  custom:scripting/monoscript/fileName/FriendListView.cs: 04c66340ac95991cba62207cfc3f8015 -> 
  custom:scripting/monoscript/fileName/RunnerEnableVisibility.cs: e1b57f1bd6fcbd3137975404af4bcf85 -> 
  custom:scripting/monoscript/fileName/OnClickInstantiate.cs: 3929e8581c0458b4fa6c3ecec790414e -> 
  custom:scripting/monoscript/fileName/PlayerNumberingInspector.cs: e277bf463a09eaa6bcf2868a0f243e5c -> 
  custom:scripting/monoscript/fileName/NetworkProjectConfigImporter.cs: a2caae9d85fed596662aa6841efc1b3e -> 
  custom:scripting/monoscript/fileName/IChatClientListener.cs: e6ec1b8d09bf11f3791c0bd18ae45880 -> 
  custom:audio-encoder-webm-vorbis: bf7c407c2cedff20999df2af8eb42d56 -> 
  custom:scripting/monoscript/fileName/FusionEditorSkin.cs: c6dee1ba664a2a78ce51705f2322e50c -> 
  custom:scripting/monoscript/fileName/PunClasses.cs: d6a17dc119cdc0b4a5b92f4135a56268 -> 
  custom:scripting/monoscript/fileName/ScoreHelper.cs: 7e2091fcb90bdab85f4be0c18d586eba -> 
  custom:scripting/monoscript/fileName/FusionStatsGraph.cs: 7021e2a0a0c25bbb5696ad6d6108403d -> 
  custom:scripting/monoscript/fileName/IsConnectedAndReadyProperty.cs: af06b6e7ee3f25798787bf32cafcb247 -> 
  custom:scripting/monoscript/fileName/OnEscapeQuit.cs: be21f25ae17e13db5ee6619d0c4d06e1 -> 
  custom:scripting/monoscript/fileName/FusionRunnerVisibilityControlsWindow.cs: 503e55d51d5bac9ff9db7e3128ab6896 -> 
  custom:scripting/monoscript/fileName/OnJoinedInstantiate.cs: e6fcd481d2d6dd67f5b18fb26017d8ba -> 
  custom:scripting/monoscript/fileName/IgnoreUiRaycastWhenInactive.cs: 64ae0ba0567ac5043ee479695fe7bd2b -> 
  custom:scripting/monoscript/fileName/PlayerListEntry.cs: 3811c0a731ead3815771e470aaca8954 -> 
  custom:scripting/monoscript/fileName/ChatUserStatus.cs: 70a3ef1ac77c9464b5af9f3f7bba93e1 -> 
  custom:scripting/monoscript/fileName/CurrentRoomEmptyRoomTtlProperty.cs: ba459c40e550063227b6dbef6f2e12d7 -> 
  custom:scripting/monoscript/fileName/FusionAddressablePrefabsPreloader.cs: 609c7194fc18608a6ba4972670be253b -> 
  custom:scripting/monoscript/fileName/MonoBehaviourPunEditor.cs: a420633076e18e6ded9ee7ff41e5161d -> 
  custom:scripting/monoscript/fileName/IngameControlPanel.cs: e8e78297d18e08fd0d6ef99a75e376c2 -> 
  custom:scripting/monoscript/fileName/CustomTypes.cs: 32fb10f0e1ae6f1f4c5b8deb3c8e83c3 -> 
  custom:scripting/monoscript/fileName/PlayerManager.cs: 5b0494b39b9a262c0ad29b1931262023 -> 
  custom:scripting/monoscript/fileName/CurrentRoomIsOpenProperty.cs: 401af34d1219dc5c3b2d226ce3b12b08 -> 
  custom:scripting/monoscript/fileName/RegionListView.cs: d1509ce3c1dcf26ebb758f8eb59e1c54 -> 
  custom:scripting/monoscript/fileName/ConnectToRegionUIForm.cs: 662fbbb8f06b04129a615111e69dec89 -> 
  custom:scripting/monoscript/fileName/SendRateOnSerializeField.cs: 8559ed016d3004cf7fa75b6b51babcf0 -> 
  custom:scripting/monoscript/fileName/Block.cs: 4912a9664024ee7276656eb28373609a -> 
  custom:scripting/monoscript/fileName/RunnerVisibilityLinksRoot.cs: 64f229c02655e4ab1b3ad93c7368ccfe -> 
  custom:scripting/monoscript/fileName/WebRpc.cs: ee2bfdfdd166ac7a426061037e23ee8f -> 
  custom:scripting/monoscript/fileName/BezierSplineInspector.cs: 64d312faa4ce8272425b85e56f7f3f74 -> 
  custom:scripting/monoscript/fileName/IPhotonViewCallbacks.cs: 6b192d91218207b95c2b171719310343 -> 
  custom:scripting/monoscript/fileName/Launcher.cs: 6d0f0651107e8b978d50eb5d8ca63cd3 -> 
  custom:scripting/monoscript/fileName/PropertyCell.cs: caa15b0e3299de64e13d6f1d4cf295aa -> 
  custom:scripting/monoscript/fileName/PunTurnManager.cs: c24499e0acfb9782133d39c092b0366b -> 
  custom:scripting/monoscript/fileName/CurrentRoomIsVisibleProperty.cs: be95d33e9289a548289bfd3ab9507d59 -> 
  custom:scripting/monoscript/fileName/ChatChannel.cs: 052e931f7bf91536d9bda80d682b6368 -> 
  custom:scripting/monoscript/fileName/BezierCurveInspector.cs: cd033eb785ec71c240751fc164fcbff1 -> 
  custom:scripting/monoscript/fileName/AppSettings.cs: d20c247df910115cd4c5ae83482475ef -> 
  custom:scripting/monoscript/fileName/PhotonAnimatorViewEditor.cs: fd89a9c520118567d7b47e39070bcd39 -> 
  custom:scripting/monoscript/fileName/PhotonViewInspector.cs: da72c707197b3a14a9e4fc031131a7bc -> 
  custom:scripting/monoscript/fileName/CurrentRoomPropertiesListedInLobbyProperty.cs: c8880d240fca5295b2028661629631dc -> 
  custom:scripting/monoscript/fileName/ThirdPersonUserControl.cs: 1e36b4529ca7c2f8667ed6449c3722b9 -> 
  custom:scripting/monoscript/fileName/CurrentRoomIsOfflineProperty.cs: a3b570f54686008ce7d1ddf281dfdde2 -> 
  custom:scripting/monoscript/fileName/PlayerControl.cs: 6df8b26511518ec75eac4160d12ac3bc -> 
  custom:scripting/monoscript/fileName/LineInspector.cs: b46fbdbe979ee95575b26620e8af2791 -> 
  custom:scripting/monoscript/fileName/PhotonNetworkPart.cs: 28ef43a4727cd01eb0456d4c51a096be -> 
  custom:scripting/monoscript/fileName/CustomTypesUnity.cs: 013c37589fb09e7f77b2d495dfa13043 -> 
  custom:scripting/monoscript/fileName/ChannelWellKnownProperties.cs: 7e2dabda8907dc60fb63ae9c28cb0b10 -> 
  custom:scripting/monoscript/fileName/ToggleExpand.cs: 8df2d7619ad2c56cf93b2f0cedc9c9a4 -> 
  custom:scripting/monoscript/fileName/EventSystemSpawner.cs: c525f40330ddc66d7e7f5297346da241 -> 
  custom:scripting/monoscript/fileName/PlayerNameInputField.cs: 27839abf4289ab34aa2cc2967033966d -> 
  custom:scripting/monoscript/fileName/IsConnectedProperty.cs: 981ecf71603e1baa6ce21b0fd1acc020 -> 
  custom:scripting/monoscript/fileName/PlayerAnimatorManager.cs: a7d34eb870b3ee44c83d5db31316a095 -> 
  custom:scripting/monoscript/fileName/MoveByKeys.cs: 0be06a6581575752c58847799d9932e6 -> 
  custom:scripting/monoscript/fileName/FriendListCell.cs: 8dfedb1e000853780b714ad0651f22a9 -> 
  custom:scripting/monoscript/fileName/PhotonTeamsManager.cs: ed14ceec94e7d1247f794ca4f7f3aa2e -> 
  custom:scripting/monoscript/fileName/ChatOperationCode.cs: dac444e0d5bbc5c837c33663c8b2cefb -> 
  custom:AudioImporter_EditorPlatform: d09bf68614088b80899f8185d706f6e7 -> 
  custom:scripting/monoscript/fileName/ChatEventCode.cs: 764a52cdc3a575d4587f1a0939ee2b6d -> 
  custom:scripting/monoscript/fileName/PhotonTransformViewEditor.cs: d59344a8429d1e1c91f78e42f728790a -> 
  custom:scripting/monoscript/fileName/DocLinkButton.cs: 551275f4066ad419ab79864501010643 -> 
  custom:scripting/monoscript/fileName/Room.cs: f509531380bf8f44be3c84421df8f27b -> 
  custom:scripting/monoscript/fileName/AsteroidsGame.cs: 39019f3fa92643372bcb4670a7434593 -> 
  custom:scripting/monoscript/fileName/LoaderAnime.cs: 95ab941fc8d4427c4fa6c07cf9af1057 -> 
  custom:scripting/monoscript/fileName/ButtonInsideScrollList.cs: 663db374c5f487d95198d2dce6dd1ce7 -> 
  custom:scripting/monoscript/fileName/ReorderableListResources.cs: a21396365aa80586d6fe0c3f093e8e8a -> 12f8cf94345b17bd1a3aef7c3b5bd157
  custom:scripting/monoscript/fileName/SendRateField.cs: 5786bd6806651c5e23c7d4a511e3dfaa -> 
  custom:scripting/monoscript/fileName/PhotonTeamsManagerInspector.cs: 55bea48a55e757c56d53ded3ae32c48e -> 
  custom:audio-decoder-ogg-vorbis: bf7c407c2cedff20999df2af8eb42d56 -> 
  custom:scripting/monoscript/fileName/UserIdUiForm.cs: 0a1836b26b3227dc4bf5c907f6dcc697 -> 
  custom:scripting/monoscript/fileName/ChatAppSettings.cs: db433ce9dc535a56c6c28a3183328622 -> 
  custom:scripting/monoscript/fileName/NetworkSceneManagerDefault.cs: 871a1346f3625e42e5be83f620052e51 -> 
  custom:scripting/monoscript/fileName/PropertyListenerBase.cs: f9338b1da94c09d1d4dc5b01f854e0e3 -> 
  custom:scripting/monoscript/fileName/FriendItem.cs: 7041a5cee458fd755b4167724bf865d2 -> 
  custom:scripting/monoscript/fileName/ChannelSelector.cs: 787aa32b539868663942ded37c6d24ef -> 
  custom:scripting/monoscript/fileName/RegionHandler.cs: 6de377e0adf86218af15234cc2039610 -> 
  custom:scripting/monoscript/fileName/ChatAppIdCheckerUI.cs: 1bb8fafd3e2c10dfddf187c423c0f4b8 -> 
  custom:scripting/monoscript/fileName/CullArea.cs: 75f7e0f84478d7778555f1e1e66d50b7 -> 
  custom:scripting/monoscript/fileName/CountOfPlayersOnMasterProperty.cs: aa74237d4beb81bd33ceee77917bae47 -> 
  custom:scripting/monoscript/fileName/GameManager.cs: 56bc6cc643bcbf5a5a0d63cbd09e7487 -> 9933fbcc6190e2a9171c2ec8808a053e
  custom:scripting/monoscript/fileName/CurrentRoomAutoCleanupProperty.cs: a92fec09d98c752e495341af83135d64 -> 
  custom:scripting/monoscript/fileName/ChatPeer.cs: ab4cb6a09b2bd7026434274768d75701 -> 
  custom:scripting/monoscript/fileName/DemoHubManager.cs: 0dd9c19f14946313f8d78bca90723987 -> 
  custom:scripting/monoscript/fileName/CreateRoomUiForm.cs: bf1ce360a976c4439345f8064d17d3ad -> 
  custom:scripting/monoscript/fileName/NamePickGui.cs: 2c5392a37dc177dc65a116f98af1080e -> 
  custom:scripting/monoscript/fileName/TabViewManager.cs: a7d06552ed611c43e44fb3fef2b558f5 -> 
  custom:scripting/monoscript/fileName/PlayerUI.cs: 4d64fa5e9e8828968d6cc191a132718d -> 
  custom:scripting/monoscript/fileName/EnableOnSingleRunner.cs: 9976ce768e23cc0678b095d30598d8cd -> 
  custom:scripting/monoscript/fileName/PunCockpit.cs: 534cb157a89724d3ca07a36bb2005880 -> 
  custom:scripting/monoscript/fileName/RoomListCell.cs: 8d1543bdc9816b8a578d6cd2eebe48be -> 
  custom:scripting/monoscript/fileName/CurrentRoomNameProperty.cs: 72010acf97fe1f3e9ff0b8c322c93e83 -> 
  custom:scripting/monoscript/fileName/NetworkObjectProviderDefault.cs: 0eb113b3784be4de9cc2f3cdcdf5e36c -> 
  custom:scripting/monoscript/fileName/PunPlayerScores.cs: eee61e21995464ded106b44bf2f6edd4 -> 
  custom:scripting/monoscript/fileName/PunTeamsInspector.cs: 4df913dbc11ac67364301ce3915ea909 -> 
  custom:scripting/monoscript/fileName/Extensions.cs: 3f8618856b92f72822431fd67127e289 -> 
  custom:scripting/monoscript/fileName/AutoSyncSceneToggle.cs: f5a0c8cb6428054959052eda2623401a -> 
  custom:scripting/monoscript/fileName/ToDemoHubButton.cs: 76a2afa2c645f73081ead15c9512dae8 -> 
  custom:scripting/monoscript/fileName/CountOfPlayersInRoomProperty.cs: 22a26994633102695250e14533d8bd88 -> 
  custom:scripting/monoscript/fileName/AppSettingsExtensions.cs: 7eb3b190282e171c2845b1d8ee71ed5c -> 
  custom:scripting/monoscript/fileName/Region.cs: a0331a07d2a132f6cd24585218741838 -> 
  custom:scripting/monoscript/fileName/Bezier.cs: b8534c761c3f32134ac0822189e167cc -> 
  custom:scripting/monoscript/fileName/PhotonEditor.cs: 9beee3a7ca2bc764b51880f31127a0ea -> 
  custom:scripting/monoscript/fileName/CountOfPlayersProperty.cs: 92593170cc4984fa211f8cfbd69ac9a3 -> 
  custom:scripting/monoscript/fileName/OnStartDelete.cs: ca7ff388213f651af9d8be5d8844a8f4 -> 
  custom:video-encoder-webm-vp8: eb34c28f22e8b96e1ab97ce403110664 -> 
  custom:scripting/monoscript/fileName/ChatClient.cs: d3eb880194f03abd869e259e1e9fd5f0 -> 
  custom:scripting/monoscript/fileName/PhotonRigidbody2DView.cs: cfabe07ff5658dc80bf23a32c3f3d3ea -> 
  custom:scripting/monoscript/fileName/RoomListView.cs: 2b7207d3ddc2539dd2b806ed485e033b -> 
  custom:scripting/monoscript/fileName/OfflineModeProperty.cs: 142619a08af07c654a2536f2386c9c6c -> 
  custom:container-demuxer-ogg: 62fdf1f143b41e24485cea50d1cbac27 -> 
  custom:scripting/monoscript/fileName/Noise.cs: dc35aa19dae9f4b9d9d351205aaba1c6 -> 
  custom:scripting/monoscript/fileName/GameVersionProperty.cs: 212cdb5858947bda9a55c4e8f58ef2c6 -> 
  custom:framework-win-MediaFoundation: 216162199b28c13a410421893ffa2e32 -> 
  custom:scripting/monoscript/fileName/ConnectAndJoinRandom.cs: 00d6f17fa442bd592f9dfb4622a40a5d -> 
  custom:scripting/monoscript/fileName/PhotonTransformView.cs: ea668b9d3ca2e512312f4d0840810b14 -> 
  custom:scripting/monoscript/fileName/FusionBootstrap.cs: ce6761b6f61ee75dccdb3d85fc55a691 -> 
  custom:scripting/monoscript/fileName/RoomListEntry.cs: c7ba9dd428a6b8b410fe51075bfba1e1 -> 
  custom:scripting/monoscript/fileName/CurrentRoomMasterClientIdProperty.cs: 8a7f2b18c7369cf86e69820d5f0602fe -> 
  custom:scripting/monoscript/fileName/PunTeams.cs: 97cdf6951e96c2643337cf5fb8f69c0b -> 
  custom:scripting/monoscript/fileName/RegionListCell.cs: f6a1e00ce33d3dec4b7e2cfe425726c7 -> 
  custom:scripting/monoscript/fileName/PunSceneSettings.cs: 91ded15e638c075e189911af7f870d60 -> 
  custom:scripting/monoscript/fileName/ThirdPersonCharacter.cs: d37a384ef7557636dd0499ecb4e48640 -> 
  custom:scripting/monoscript/fileName/PlayerDetailsController.cs: 4a8b583bcd181f124e040cd407eab3b7 -> 
  custom:scripting/monoscript/fileName/PhotonRigidbody2DViewEditor.cs: 1bbd8586933ea3b91d286e3a03ef0b15 -> 
  custom:scripting/monoscript/fileName/Fusion.Unity.Editor.cs: b14e14e52edac49806a8f9d4187d9f4c -> 
  custom:scripting/monoscript/fileName/Fusion.Unity.cs: 2f52e767df9231dc9ad5c805bed98e70 -> 
  custom:scripting/monoscript/fileName/SlotLanes.cs: 97949fb7cbc49a87a0e9a949a270c39f -> 
  custom:scripting/monoscript/fileName/StatesGui.cs: 98e5143501c303d7d5973c718d302233 -> 
  custom:scripting/monoscript/fileName/SplineWalker.cs: 5be65352f0f07fbe7665dfb31e99644d -> 
  custom:scripting/monoscript/fileName/PingProperty.cs: 9f24d087d77c62d9ddcbab43ed4cd5fe -> 
  custom:scripting/monoscript/fileName/LoadLevelUIForm.cs: 6198023540609558b39b6b3a84524494 -> 
  custom:scripting/monoscript/fileName/MultiplayerManager.cs: 29415d0687c638629166b314004ee270 -> 
  custom:scripting/monoscript/fileName/BezierCurve.cs: 6855a37c0f6b23766e2a15354899a784 -> 
  custom:scripting/monoscript/fileName/Line.cs: 5e23c11e3450a3cc94ccc16c37b15685 -> 
  custom:scripting/monoscript/fileName/FusionStatsBillboard.cs: beff202fd2a83c3f993d781559426984 -> 
  custom:scripting/monoscript/fileName/SetRoomCustomPropertyUIForm.cs: 9f1b75809ed6e2f34b0b61446d287bd4 -> 
  custom:scripting/monoscript/fileName/RunnerAOIGizmos.cs: 8b1629a60417f80a3d501474e540ad3f -> 
  custom:scripting/monoscript/fileName/PointedAtGameObjectInfo.cs: 0f220a9d7e421f59db30fb04c90d6c0e -> 
  custom:scripting/monoscript/fileName/PhotonLagSimulationGui.cs: de60acfca25c9c245519382776ad2f82 -> 
  custom:scripting/monoscript/fileName/OnPointerOverTooltip.cs: b9abe1fce28033712ba423247874af86 -> 
  custom:scripting/monoscript/fileName/PhotonViewHandler.cs: 7c6c7799f7e9296388067c605d1dc27c -> 
  custom:scripting/monoscript/fileName/CullingHandler.cs: ff4506351c41ac4ce471635b6b12ceb3 -> 
  custom:scripting/monoscript/fileName/PlayerListView.cs: 60e6f2e41401ae176dea7b70bab3c390 -> 
  custom:scripting/monoscript/fileName/SplinePosition.cs: b39b2fa35faaacaf63f8929368e2e5de -> 
  custom:video-decoder-ogg-theora: a1e56fd34408186e4bbccfd4996cb3dc -> 
  custom:scripting/monoscript/fileName/PlayerNumbering.cs: ce6d1f08b3d2d23009596a69c08b221d -> 
  custom:scripting/monoscript/fileName/PunStartup.cs: 961ddc858b2c0426ca5019c7e78c4fbf -> 
  custom:scripting/monoscript/fileName/FusionStatsMeterBar.cs: d21101dd4c4710df60c667e63d577d83 -> 
  custom:scripting/monoscript/fileName/PhotonHandler.cs: 70e641dd7ce55eb351f633fc29fb5f7f -> 
  custom:scripting/monoscript/fileName/IntInputField.cs: 40c0ee81b04639c26264c222a1aaea0c -> 
  custom:scripting/monoscript/fileName/PhotonRigidbodyView.cs: f6b453c3dd57cf47fa35b8156daece9a -> 
  custom:scripting/monoscript/fileName/TextToggleIsOnTransition.cs: 326b9c727c304dd69fe51444f64a7721 -> 
  custom:scripting/monoscript/fileName/WorldGenerator.cs: dca0ae82b72e05480b823fc7043006c0 -> 
  custom:scripting/monoscript/fileName/LobbyTopPanel.cs: 830e03b228bff7a95bbb092a2d6b29d2 -> 
  custom:scripting/monoscript/fileName/PlayerOverviewPanel.cs: 515bb293728f907f134591646985b9ce -> 
  custom:scripting/monoscript/fileName/OnlineDocButton.cs: e8bceb35def1f2c21aeb107b10e7c020 -> 
  custom:scripting/monoscript/fileName/AsteroidsGameManager.cs: 12a51843b5b71df994a62f28231ff7ef -> 
  custom:scripting/monoscript/fileName/ServerSettings.cs: 8fa55e8857e3ebd201455fd70a9f157d -> 
  custom:scripting/monoscript/fileName/ServerSettingsInspector.cs: 95da0bc9ecca5735a6f497f524ce7e54 -> 
  custom:scripting/monoscript/fileName/AppVersionProperty.cs: a4b4daafa219f35ecce40e74ac804003 -> 
  custom:scripting/monoscript/fileName/ProceduralController.cs: 294ae00e975ca4fe85822d6f85fe658a -> 
  custom:scripting/monoscript/fileName/BackgroundTimeOutField.cs: 301f4bb8d6480b188021ecf99ba8be6c -> 
  custom:scripting/monoscript/fileName/UserIdField.cs: 889d45ebefa87613726b801d1e5e80c8 -> 
  custom:scripting/monoscript/fileName/GraphicToggleIsOnTransition.cs: 7e3768d2f1167a9a7dc7f801820c67a5 -> 
  custom:scripting/monoscript/fileName/ChatGui.cs: 83ccb577c346edd301c0a35e11693dfd -> 
  custom:scripting/monoscript/fileName/AccountService.cs: 80b748556379aab9364d8ef00499f1a9 -> 
  custom:scripting/monoscript/fileName/PhotonRigidbodyViewEditor.cs: ab7e34153fa9a3c646e0316fa6fc5600 -> 
  custom:scripting/monoscript/fileName/CrcCheckToggle.cs: a236d00910b93ad4ae792080fb07508e -> 
  custom:scripting/monoscript/fileName/FusionBootstrapDebugGUI.cs: 371b4228dd1f5808b5897e19c03d546a -> 
  custom:scripting/monoscript/fileName/Player.cs: b6aef835b43cb69bef999bd5136f7c21 -> 
  custom:scripting/monoscript/fileName/LoadbalancingPeer.cs: d9dd9ca955de7f0a553b219d39f29621 -> 
  custom:scripting/monoscript/fileName/FusionStatsObjectIds.cs: 43a79179a267263c08267aeebfb7eafd -> 
  custom:scripting/monoscript/fileName/PunCockpitEmbed.cs: 2240c92b97535c6672465e83f1e36036 -> 
  custom:scripting/monoscript/fileName/CurrentRoomIsOpenToggle.cs: 229c6038772c64902eb501df39020417 -> 
  custom:scripting/monoscript/fileName/PhotonStatsGui.cs: d8361e63c4cf02d1cc41570adb7e9d85 -> 
  custom:scripting/monoscript/fileName/PunSceneSettingsInspector.cs: da5c9fdcd684cd1c669e2f5c5f40d373 -> 
  custom:scripting/monoscript/fileName/CurrentRoomMaxPlayersProperty.cs: f8d2a9d7157be1b82e5db9695b63da90 -> 
  custom:scripting/monoscript/fileName/PhotonNetwork.cs: b0631ad5c9d567edbfc4fb2b742f00d0 -> 
  custom:scripting/monoscript/fileName/OnClickRpc.cs: a4c1c482691ed3f8764f3736c0d692ea -> 
  custom:scripting/monoscript/fileName/BezierSpline.cs: fdb9ccdef0d3985b914118aec7c411f2 -> 
  custom:scripting/monoscript/fileName/PhotonPing.cs: 3f140d1df899c474f22230f66cc59a41 -> 
  custom:scripting/monoscript/fileName/CurrentRoomIsVisibleToggle.cs: 47a99e70dc7fd5d059dfbf899c22bbdb -> 
  custom:scripting/monoscript/fileName/Fusion.CodeGen.cs: b9ff9c5a347ec7e6d58d9aa467d5ae96 -> 
  custom:scripting/monoscript/fileName/PhotonStreamQueue.cs: 5d5e55e8eb60f78e116626969ed0311e -> 
  custom:scripting/monoscript/fileName/WebRpcImplementationExample.cs: 7bff59c7defddf73a4ceae1090065bd1 -> 
  custom:container-muxer-webm: aa71ff27fc2769a1b78a27578f13a17b -> 
  custom:scripting/monoscript/fileName/InfosPanelPlaceholder.cs: fef54b122412d96995fae2ad440bb18b -> 
  custom:scripting/monoscript/fileName/NestedComponentUtilities.cs: 033fd91b849b48295ab920beaf62446d -> 
  custom:scripting/monoscript/fileName/PhotonEditorUtils.cs: 4456563b945cca498f5f71d9eb2059b9 -> 
  custom:scripting/monoscript/fileName/IPunCallbacks.cs: 81caf01d84a9fa08671565d87776010b -> 
  custom:scripting/monoscript/fileName/FriendInfo.cs: be836ba41ecfa4c9dca4b510bdfea5c8 -> 
  custom:scripting/monoscript/fileName/CountOfRoomsProperty.cs: c0688910145f665105cec6c6eaf4f03c -> 
  custom:scripting/monoscript/fileName/ServerProperty.cs: d53bc3d40dee4679a13aa7a9ff58706e -> 
  custom:scripting/monoscript/fileName/Bullet.cs: 77c411c50d821352e611a16c30f40226 -> 
  custom:scripting/monoscript/fileName/OnClickDestroy.cs: 84deb4bc685f090f86133752922a945d -> 
  custom:scripting/monoscript/fileName/PhotonView.cs: b2662a18b33c427e0ec2e5ab1a56c2b5 -> 
  custom:scripting/monoscript/fileName/LoadBalancingClient.cs: 632813597f9db7bc895b13321ba1b05b -> 
  custom:scripting/monoscript/fileName/PhotonTransformViewClassic.cs: b13582f7122692c3dc0b0b58565603b7 -> 
  custom:scripting/monoscript/fileName/CameraWork.cs: 7182be285ca897b882f7b04a97b5001a -> 
  custom:scripting/monoscript/fileName/GameVersionField.cs: e1aaf98c257ad1044f09a430176c1d25 -> 
  custom:scripting/monoscript/fileName/CurrentRoomPlayerCountProperty.cs: 2e3a71196f608331c351de9edf7166b4 -> 
  custom:video-codec-MediaFoundation-h265: 746d11721c4dcdbdad8f713fa42b33f4 -> 
  custom:scripting/monoscript/fileName/PhotonAnimatorView.cs: d7e478a730cbe0e6a3a4e1f87600646a -> 
  custom:scripting/monoscript/fileName/CloudRegionProperty.cs: a98a80d4740fc4627fa07cd0d1b937f1 -> 
  custom:scripting/monoscript/fileName/PhotonGUI.cs: a5571c3104cbd100c9135419869f9e73 -> 
  custom:scripting/monoscript/fileName/CurrentRoomPlayerTtlProperty.cs: 5737d382a26e8898e597b19ab06904c5 -> 
  custom:CustomObjectIndexerAttribute: 756ad292c208cfabdd7b50bc23989ffe -> 
  custom:container-demuxer-webm: 4f35f7cbe854078d1ac9338744f61a02 -> 
  custom:scripting/monoscript/fileName/Cluster.cs: 5ff22076c2cc06a01d1cc1c38d08f712 -> 
  custom:scripting/monoscript/fileName/BestRegionInPrefsProperty.cs: f81195994c87654890233836f627cd69 -> 
  custom:scripting/monoscript/fileName/RunnerVisibilityLink.cs: 6e4a2325960fce24f58edb6ee6b338d8 -> 
  custom:scripting/monoscript/fileName/Spaceship.cs: 77d86dcddcb47a6cc18163eb292fa20b -> 
  custom:scripting/monoscript/fileName/CullAreaEditor.cs: ac85e81dd9fb835b90f15d14c78d253a -> 
  custom:scripting/monoscript/fileName/LobbyMainPanel.cs: bee85956556c66d6096a3300e7923c77 -> 
  custom:scripting/monoscript/fileName/ChatParameterCode.cs: a0fd6a090c21b2fc7ca69a867e9c27c2 -> 
  custom:scripting/monoscript/fileName/LayoutElementMatchSize.cs: 325cd6d9cb44d01cc8cfa43a5413de8f -> 
  custom:scripting/monoscript/fileName/TextButtonTransition.cs: 72f2c4484a6dc921aacef6b387422aa7 -> 
  custom:scripting/monoscript/fileName/SupportLogger.cs: 6226925e792eee84b718aee3baaa82a7 -> 
  custom:scripting/monoscript/fileName/Asteroid.cs: 8382d1ead570177214081c1ec12affef -> 
  custom:scripting/monoscript/fileName/CurrentRoomExpectedUsersProperty.cs: 15c7823a1b55465c741092cad452b5e4 -> 
  custom:scripting/monoscript/fileName/BoolInputField.cs: 96b6c600bd0428819f492c767ecf8b5b -> 
========================================================================
Received Prepare
Begin MonoManager ReloadAssembly
C:\build\output\Unity-Technologies\mono\mono\metadata\icall.c:1842:
C:\build\output\Unity-Technologies\mono\mono\metadata\icall.c:1842:
C:\build\output\Unity-Technologies\mono\mono\metadata\icall.c:1842:
C:\build\output\Unity-Technologies\mono\mono\metadata\icall.c:1842:
C:\build\output\Unity-Technologies\mono\mono\metadata\icall.c:1842:
C:\build\output\Unity-Technologies\mono\mono\metadata\icall.c:1842:
C:\build\output\Unity-Technologies\mono\mono\metadata\icall.c:1842:
C:\build\output\Unity-Technologies\mono\mono\metadata\icall.c:1842:
C:\build\output\Unity-Technologies\mono\mono\metadata\icall.c:1842:
C:\build\output\Unity-Technologies\mono\mono\metadata\icall.c:1842:
C:\build\output\Unity-Technologies\mono\mono\metadata\icall.c:1842:
C:\build\output\Unity-Technologies\mono\mono\metadata\icall.c:1842:
Symbol file LoadedFromMemory doesn't match image C:\Users\tudor\OneDrive\Imagini\Documente\GitHub\Anarchy chess\Library\PackageCache\com.unity.visualscripting@1.8.0\Editor\VisualScripting.Core\Dependencies\YamlDotNet\Unity.VisualScripting.YamlDotNet.dll
Symbol file LoadedFromMemory doesn't match image C:\Users\tudor\OneDrive\Imagini\Documente\GitHub\Anarchy chess\Library\PackageCache\com.unity.visualscripting@1.8.0\Editor\VisualScripting.Core\Dependencies\DotNetZip\Unity.VisualScripting.IonicZip.dll
- Loaded All Assemblies, in  0.650 seconds
Refreshing native plugins compatible for Editor in 3.56 ms, found 4 plugins.
Native extension for Android target not found
Native extension for WindowsStandalone target not found
Mono: successfully reloaded assembly
- Finished resetting the current domain, in  0.783 seconds
Domain Reload Profiling: 1430ms
	BeginReloadAssembly (166ms)
		ExecutionOrderSort (0ms)
		DisableScriptedObjects (11ms)
		BackupInstance (0ms)
		ReleaseScriptingObjects (0ms)
		CreateAndSetChildDomain (44ms)
	RebuildCommonClasses (27ms)
	RebuildNativeTypeToScriptingClass (9ms)
	initialDomainReloadingComplete (25ms)
	LoadAllAssembliesAndSetupDomain (419ms)
		LoadAssemblies (271ms)
		RebuildTransferFunctionScriptingTraits (0ms)
		AnalyzeDomain (226ms)
			TypeCache.Refresh (223ms)
				TypeCache.ScanAssembly (215ms)
			ScanForSourceGeneratedMonoScriptInfo (0ms)
			ResolveRequiredComponents (3ms)
	FinalizeReload (784ms)
		ReleaseScriptCaches (0ms)
		RebuildScriptCaches (0ms)
		SetupLoadedEditorAssemblies (357ms)
			LogAssemblyErrors (0ms)
			InitializePlatformSupportModulesInManaged (17ms)
			SetLoadedEditorAssemblies (2ms)
			BeforeProcessingInitializeOnLoad (74ms)
			ProcessInitializeOnLoadAttributes (236ms)
			ProcessInitializeOnLoadMethodAttributes (25ms)
			AfterProcessingInitializeOnLoad (3ms)
			EditorAssembliesLoaded (0ms)
		ExecutionOrderSort2 (0ms)
		AwakeInstancesAfterBackupRestoration (6ms)
Refreshing native plugins compatible for Editor in 4.54 ms, found 4 plugins.
Preloading 0 native plugins for Editor in 0.00 ms.
Unloading 4278 Unused Serialized files (Serialized files now loaded: 0)
Unloading 38 unused Assets / (38.2 KB). Loaded Objects now: 4848.
Memory consumption went from 158.4 MB to 158.4 MB.
Total: 3.440400 ms (FindLiveObjects: 0.226700 ms CreateObjectMapping: 0.126900 ms MarkObjects: 3.032700 ms  DeleteObjects: 0.052600 ms)

Prepare: number of updated asset objects reloaded= 0
AssetImportParameters requested are different than current active one (requested -> active):
  custom:scripting/monoscript/fileName/CountdownTimer.cs: 29151b8b1909dcb5f8770e606e1b626a -> 
  custom:scripting/monoscript/fileName/NickNameField.cs: 4566439151a528588c6e77fbea15ef25 -> 
  custom:scripting/monoscript/fileName/ConnectionHandler.cs: 33c1e29051dc60b1fb7e8675cafa9a54 -> 
  custom:scripting/monoscript/fileName/NetworkProjectConfigImporterEditor.cs: 0b9c7f8db96d38ff89dc9f2e19e80a40 -> 
  custom:scripting/monoscript/fileName/StringInputField.cs: 766f94c288e6bb2cfcd18d60914c0461 -> 
  custom:scripting/monoscript/fileName/PhotonTransformViewClassicEditor.cs: 174be401c238aa6e741f961399731929 -> 
  custom:scripting/monoscript/fileName/Fusion.CodeGen.User.cs: 7518413c31be8fc7fe79dd8f5b20fa0c -> 
  custom:scripting/monoscript/fileName/SmoothSyncMovement.cs: 31ee6a992a574c4e665f73e48482d3fc -> 
  custom:scripting/monoscript/fileName/PlayerListCell.cs: 76799f985e8a3951e5d132618c3350d8 -> 
  custom:scripting/monoscript/fileName/NetworkCharacterController.cs: 0d9ab4a1b508efe718225ceffebd8e54 -> 
  custom:scripting/monoscript/fileName/ConnectAndJoinRandomLb.cs: 9dd47be72f766f78cbbffce9f8575ef1 -> 
  custom:scripting/monoscript/fileName/RoomInfo.cs: 86776ad49e4deb535029b369c45e7f36 -> 
  custom:scripting/monoscript/fileName/ServerAddressProperty.cs: 284ddbe40a77584c9c8835a0d4d63859 -> 
  custom:video-decoder-webm-vp8: 9c59270c3fd7afecdb556c50c9e8de78 -> 
  custom:scripting/monoscript/fileName/SlotRacerSplashScreen.cs: 76e2c64393d61c31f26e20612278ec67 -> 
  custom:scripting/monoscript/fileName/ChannelCreationOptions.cs: 4231621e658bee43f79b42f64c894f83 -> 
  custom:scripting/monoscript/fileName/SystemConnectionSummary.cs: bf5673a8df4878a9885c94fd51dd3397 -> 
  custom:scripting/monoscript/fileName/RunnerLagCompensationGizmos.cs: f7028307a5d8b8de388a40efb20302af -> 
  custom:SearchIndexIgnoredProperties: e643bd26f0fe6173181afceb89e7c659 -> 
  custom:scripting/monoscript/fileName/DocLinks.cs: 22fc6e62d47c65fdd35bd32f57891e69 -> 
  custom:scripting/monoscript/fileName/FriendListView.cs: 04c66340ac95991cba62207cfc3f8015 -> 
  custom:scripting/monoscript/fileName/RunnerEnableVisibility.cs: e1b57f1bd6fcbd3137975404af4bcf85 -> 
  custom:scripting/monoscript/fileName/OnClickInstantiate.cs: 3929e8581c0458b4fa6c3ecec790414e -> 
  custom:scripting/monoscript/fileName/PlayerNumberingInspector.cs: e277bf463a09eaa6bcf2868a0f243e5c -> 
  custom:scripting/monoscript/fileName/NetworkProjectConfigImporter.cs: a2caae9d85fed596662aa6841efc1b3e -> 
  custom:scripting/monoscript/fileName/IChatClientListener.cs: e6ec1b8d09bf11f3791c0bd18ae45880 -> 
  custom:audio-encoder-webm-vorbis: bf7c407c2cedff20999df2af8eb42d56 -> 
  custom:scripting/monoscript/fileName/FusionEditorSkin.cs: c6dee1ba664a2a78ce51705f2322e50c -> 
  custom:scripting/monoscript/fileName/PunClasses.cs: d6a17dc119cdc0b4a5b92f4135a56268 -> 
  custom:scripting/monoscript/fileName/ScoreHelper.cs: 7e2091fcb90bdab85f4be0c18d586eba -> 
  custom:scripting/monoscript/fileName/FusionStatsGraph.cs: 7021e2a0a0c25bbb5696ad6d6108403d -> 
  custom:scripting/monoscript/fileName/IsConnectedAndReadyProperty.cs: af06b6e7ee3f25798787bf32cafcb247 -> 
  custom:scripting/monoscript/fileName/OnEscapeQuit.cs: be21f25ae17e13db5ee6619d0c4d06e1 -> 
  custom:scripting/monoscript/fileName/FusionRunnerVisibilityControlsWindow.cs: 503e55d51d5bac9ff9db7e3128ab6896 -> 
  custom:scripting/monoscript/fileName/OnJoinedInstantiate.cs: e6fcd481d2d6dd67f5b18fb26017d8ba -> 
  custom:scripting/monoscript/fileName/IgnoreUiRaycastWhenInactive.cs: 64ae0ba0567ac5043ee479695fe7bd2b -> 
  custom:scripting/monoscript/fileName/PlayerListEntry.cs: 3811c0a731ead3815771e470aaca8954 -> 
  custom:scripting/monoscript/fileName/ChatUserStatus.cs: 70a3ef1ac77c9464b5af9f3f7bba93e1 -> 
  custom:scripting/monoscript/fileName/CurrentRoomEmptyRoomTtlProperty.cs: ba459c40e550063227b6dbef6f2e12d7 -> 
  custom:scripting/monoscript/fileName/FusionAddressablePrefabsPreloader.cs: 609c7194fc18608a6ba4972670be253b -> 
  custom:scripting/monoscript/fileName/MonoBehaviourPunEditor.cs: a420633076e18e6ded9ee7ff41e5161d -> 
  custom:scripting/monoscript/fileName/IngameControlPanel.cs: e8e78297d18e08fd0d6ef99a75e376c2 -> 
  custom:scripting/monoscript/fileName/CustomTypes.cs: 32fb10f0e1ae6f1f4c5b8deb3c8e83c3 -> 
  custom:scripting/monoscript/fileName/PlayerManager.cs: 5b0494b39b9a262c0ad29b1931262023 -> 
  custom:scripting/monoscript/fileName/CurrentRoomIsOpenProperty.cs: 401af34d1219dc5c3b2d226ce3b12b08 -> 
  custom:scripting/monoscript/fileName/RegionListView.cs: d1509ce3c1dcf26ebb758f8eb59e1c54 -> 
  custom:scripting/monoscript/fileName/ConnectToRegionUIForm.cs: 662fbbb8f06b04129a615111e69dec89 -> 
  custom:scripting/monoscript/fileName/SendRateOnSerializeField.cs: 8559ed016d3004cf7fa75b6b51babcf0 -> 
  custom:scripting/monoscript/fileName/Block.cs: 4912a9664024ee7276656eb28373609a -> 
  custom:scripting/monoscript/fileName/RunnerVisibilityLinksRoot.cs: 64f229c02655e4ab1b3ad93c7368ccfe -> 
  custom:scripting/monoscript/fileName/WebRpc.cs: ee2bfdfdd166ac7a426061037e23ee8f -> 
  custom:scripting/monoscript/fileName/BezierSplineInspector.cs: 64d312faa4ce8272425b85e56f7f3f74 -> 
  custom:scripting/monoscript/fileName/IPhotonViewCallbacks.cs: 6b192d91218207b95c2b171719310343 -> 
  custom:scripting/monoscript/fileName/Launcher.cs: 6d0f0651107e8b978d50eb5d8ca63cd3 -> 
  custom:scripting/monoscript/fileName/PropertyCell.cs: caa15b0e3299de64e13d6f1d4cf295aa -> 
  custom:scripting/monoscript/fileName/PunTurnManager.cs: c24499e0acfb9782133d39c092b0366b -> 
  custom:scripting/monoscript/fileName/CurrentRoomIsVisibleProperty.cs: be95d33e9289a548289bfd3ab9507d59 -> 
  custom:scripting/monoscript/fileName/ChatChannel.cs: 052e931f7bf91536d9bda80d682b6368 -> 
  custom:scripting/monoscript/fileName/BezierCurveInspector.cs: cd033eb785ec71c240751fc164fcbff1 -> 
  custom:scripting/monoscript/fileName/AppSettings.cs: d20c247df910115cd4c5ae83482475ef -> 
  custom:scripting/monoscript/fileName/PhotonAnimatorViewEditor.cs: fd89a9c520118567d7b47e39070bcd39 -> 
  custom:scripting/monoscript/fileName/PhotonViewInspector.cs: da72c707197b3a14a9e4fc031131a7bc -> 
  custom:scripting/monoscript/fileName/CurrentRoomPropertiesListedInLobbyProperty.cs: c8880d240fca5295b2028661629631dc -> 
  custom:scripting/monoscript/fileName/ThirdPersonUserControl.cs: 1e36b4529ca7c2f8667ed6449c3722b9 -> 
  custom:scripting/monoscript/fileName/CurrentRoomIsOfflineProperty.cs: a3b570f54686008ce7d1ddf281dfdde2 -> 
  custom:scripting/monoscript/fileName/PlayerControl.cs: 6df8b26511518ec75eac4160d12ac3bc -> 
  custom:scripting/monoscript/fileName/LineInspector.cs: b46fbdbe979ee95575b26620e8af2791 -> 
  custom:scripting/monoscript/fileName/PhotonNetworkPart.cs: 28ef43a4727cd01eb0456d4c51a096be -> 
  custom:scripting/monoscript/fileName/CustomTypesUnity.cs: 013c37589fb09e7f77b2d495dfa13043 -> 
  custom:scripting/monoscript/fileName/ChannelWellKnownProperties.cs: 7e2dabda8907dc60fb63ae9c28cb0b10 -> 
  custom:scripting/monoscript/fileName/ToggleExpand.cs: 8df2d7619ad2c56cf93b2f0cedc9c9a4 -> 
  custom:scripting/monoscript/fileName/EventSystemSpawner.cs: c525f40330ddc66d7e7f5297346da241 -> 
  custom:scripting/monoscript/fileName/PlayerNameInputField.cs: 27839abf4289ab34aa2cc2967033966d -> 
  custom:scripting/monoscript/fileName/IsConnectedProperty.cs: 981ecf71603e1baa6ce21b0fd1acc020 -> 
  custom:scripting/monoscript/fileName/PlayerAnimatorManager.cs: a7d34eb870b3ee44c83d5db31316a095 -> 
  custom:scripting/monoscript/fileName/MoveByKeys.cs: 0be06a6581575752c58847799d9932e6 -> 
  custom:scripting/monoscript/fileName/FriendListCell.cs: 8dfedb1e000853780b714ad0651f22a9 -> 
  custom:scripting/monoscript/fileName/PhotonTeamsManager.cs: ed14ceec94e7d1247f794ca4f7f3aa2e -> 
  custom:scripting/monoscript/fileName/ChatOperationCode.cs: dac444e0d5bbc5c837c33663c8b2cefb -> 
  custom:AudioImporter_EditorPlatform: d09bf68614088b80899f8185d706f6e7 -> 
  custom:scripting/monoscript/fileName/ChatEventCode.cs: 764a52cdc3a575d4587f1a0939ee2b6d -> 
  custom:scripting/monoscript/fileName/PhotonTransformViewEditor.cs: d59344a8429d1e1c91f78e42f728790a -> 
  custom:scripting/monoscript/fileName/DocLinkButton.cs: 551275f4066ad419ab79864501010643 -> 
  custom:scripting/monoscript/fileName/Room.cs: f509531380bf8f44be3c84421df8f27b -> 
  custom:scripting/monoscript/fileName/AsteroidsGame.cs: 39019f3fa92643372bcb4670a7434593 -> 
  custom:scripting/monoscript/fileName/LoaderAnime.cs: 95ab941fc8d4427c4fa6c07cf9af1057 -> 
  custom:scripting/monoscript/fileName/ButtonInsideScrollList.cs: 663db374c5f487d95198d2dce6dd1ce7 -> 
  custom:scripting/monoscript/fileName/ReorderableListResources.cs: a21396365aa80586d6fe0c3f093e8e8a -> 12f8cf94345b17bd1a3aef7c3b5bd157
  custom:scripting/monoscript/fileName/SendRateField.cs: 5786bd6806651c5e23c7d4a511e3dfaa -> 
  custom:scripting/monoscript/fileName/PhotonTeamsManagerInspector.cs: 55bea48a55e757c56d53ded3ae32c48e -> 
  custom:audio-decoder-ogg-vorbis: bf7c407c2cedff20999df2af8eb42d56 -> 
  custom:scripting/monoscript/fileName/UserIdUiForm.cs: 0a1836b26b3227dc4bf5c907f6dcc697 -> 
  custom:scripting/monoscript/fileName/ChatAppSettings.cs: db433ce9dc535a56c6c28a3183328622 -> 
  custom:scripting/monoscript/fileName/NetworkSceneManagerDefault.cs: 871a1346f3625e42e5be83f620052e51 -> 
  custom:scripting/monoscript/fileName/PropertyListenerBase.cs: f9338b1da94c09d1d4dc5b01f854e0e3 -> 
  custom:scripting/monoscript/fileName/FriendItem.cs: 7041a5cee458fd755b4167724bf865d2 -> 
  custom:scripting/monoscript/fileName/ChannelSelector.cs: 787aa32b539868663942ded37c6d24ef -> 
  custom:scripting/monoscript/fileName/RegionHandler.cs: 6de377e0adf86218af15234cc2039610 -> 
  custom:scripting/monoscript/fileName/ChatAppIdCheckerUI.cs: 1bb8fafd3e2c10dfddf187c423c0f4b8 -> 
  custom:scripting/monoscript/fileName/CullArea.cs: 75f7e0f84478d7778555f1e1e66d50b7 -> 
  custom:scripting/monoscript/fileName/CountOfPlayersOnMasterProperty.cs: aa74237d4beb81bd33ceee77917bae47 -> 
  custom:scripting/monoscript/fileName/GameManager.cs: 56bc6cc643bcbf5a5a0d63cbd09e7487 -> 9933fbcc6190e2a9171c2ec8808a053e
  custom:scripting/monoscript/fileName/CurrentRoomAutoCleanupProperty.cs: a92fec09d98c752e495341af83135d64 -> 
  custom:scripting/monoscript/fileName/ChatPeer.cs: ab4cb6a09b2bd7026434274768d75701 -> 
  custom:scripting/monoscript/fileName/DemoHubManager.cs: 0dd9c19f14946313f8d78bca90723987 -> 
  custom:scripting/monoscript/fileName/CreateRoomUiForm.cs: bf1ce360a976c4439345f8064d17d3ad -> 
  custom:scripting/monoscript/fileName/NamePickGui.cs: 2c5392a37dc177dc65a116f98af1080e -> 
  custom:scripting/monoscript/fileName/TabViewManager.cs: a7d06552ed611c43e44fb3fef2b558f5 -> 
  custom:scripting/monoscript/fileName/PlayerUI.cs: 4d64fa5e9e8828968d6cc191a132718d -> 
  custom:scripting/monoscript/fileName/EnableOnSingleRunner.cs: 9976ce768e23cc0678b095d30598d8cd -> 
  custom:scripting/monoscript/fileName/PunCockpit.cs: 534cb157a89724d3ca07a36bb2005880 -> 
  custom:scripting/monoscript/fileName/RoomListCell.cs: 8d1543bdc9816b8a578d6cd2eebe48be -> 
  custom:scripting/monoscript/fileName/CurrentRoomNameProperty.cs: 72010acf97fe1f3e9ff0b8c322c93e83 -> 
  custom:scripting/monoscript/fileName/NetworkObjectProviderDefault.cs: 0eb113b3784be4de9cc2f3cdcdf5e36c -> 
  custom:scripting/monoscript/fileName/PunPlayerScores.cs: eee61e21995464ded106b44bf2f6edd4 -> 
  custom:scripting/monoscript/fileName/PunTeamsInspector.cs: 4df913dbc11ac67364301ce3915ea909 -> 
  custom:scripting/monoscript/fileName/Extensions.cs: 3f8618856b92f72822431fd67127e289 -> 
  custom:scripting/monoscript/fileName/AutoSyncSceneToggle.cs: f5a0c8cb6428054959052eda2623401a -> 
  custom:scripting/monoscript/fileName/ToDemoHubButton.cs: 76a2afa2c645f73081ead15c9512dae8 -> 
  custom:scripting/monoscript/fileName/CountOfPlayersInRoomProperty.cs: 22a26994633102695250e14533d8bd88 -> 
  custom:scripting/monoscript/fileName/AppSettingsExtensions.cs: 7eb3b190282e171c2845b1d8ee71ed5c -> 
  custom:scripting/monoscript/fileName/Region.cs: a0331a07d2a132f6cd24585218741838 -> 
  custom:scripting/monoscript/fileName/Bezier.cs: b8534c761c3f32134ac0822189e167cc -> 
  custom:scripting/monoscript/fileName/PhotonEditor.cs: 9beee3a7ca2bc764b51880f31127a0ea -> 
  custom:scripting/monoscript/fileName/CountOfPlayersProperty.cs: 92593170cc4984fa211f8cfbd69ac9a3 -> 
  custom:scripting/monoscript/fileName/OnStartDelete.cs: ca7ff388213f651af9d8be5d8844a8f4 -> 
  custom:video-encoder-webm-vp8: eb34c28f22e8b96e1ab97ce403110664 -> 
  custom:scripting/monoscript/fileName/ChatClient.cs: d3eb880194f03abd869e259e1e9fd5f0 -> 
  custom:scripting/monoscript/fileName/PhotonRigidbody2DView.cs: cfabe07ff5658dc80bf23a32c3f3d3ea -> 
  custom:scripting/monoscript/fileName/RoomListView.cs: 2b7207d3ddc2539dd2b806ed485e033b -> 
  custom:scripting/monoscript/fileName/OfflineModeProperty.cs: 142619a08af07c654a2536f2386c9c6c -> 
  custom:container-demuxer-ogg: 62fdf1f143b41e24485cea50d1cbac27 -> 
  custom:scripting/monoscript/fileName/Noise.cs: dc35aa19dae9f4b9d9d351205aaba1c6 -> 
  custom:scripting/monoscript/fileName/GameVersionProperty.cs: 212cdb5858947bda9a55c4e8f58ef2c6 -> 
  custom:framework-win-MediaFoundation: 216162199b28c13a410421893ffa2e32 -> 
  custom:scripting/monoscript/fileName/ConnectAndJoinRandom.cs: 00d6f17fa442bd592f9dfb4622a40a5d -> 
  custom:scripting/monoscript/fileName/PhotonTransformView.cs: ea668b9d3ca2e512312f4d0840810b14 -> 
  custom:scripting/monoscript/fileName/FusionBootstrap.cs: ce6761b6f61ee75dccdb3d85fc55a691 -> 
  custom:scripting/monoscript/fileName/RoomListEntry.cs: c7ba9dd428a6b8b410fe51075bfba1e1 -> 
  custom:scripting/monoscript/fileName/CurrentRoomMasterClientIdProperty.cs: 8a7f2b18c7369cf86e69820d5f0602fe -> 
  custom:scripting/monoscript/fileName/PunTeams.cs: 97cdf6951e96c2643337cf5fb8f69c0b -> 
  custom:scripting/monoscript/fileName/RegionListCell.cs: f6a1e00ce33d3dec4b7e2cfe425726c7 -> 
  custom:scripting/monoscript/fileName/PunSceneSettings.cs: 91ded15e638c075e189911af7f870d60 -> 
  custom:scripting/monoscript/fileName/ThirdPersonCharacter.cs: d37a384ef7557636dd0499ecb4e48640 -> 
  custom:scripting/monoscript/fileName/PlayerDetailsController.cs: 4a8b583bcd181f124e040cd407eab3b7 -> 
  custom:scripting/monoscript/fileName/PhotonRigidbody2DViewEditor.cs: 1bbd8586933ea3b91d286e3a03ef0b15 -> 
  custom:scripting/monoscript/fileName/Fusion.Unity.Editor.cs: b14e14e52edac49806a8f9d4187d9f4c -> 
  custom:scripting/monoscript/fileName/Fusion.Unity.cs: 2f52e767df9231dc9ad5c805bed98e70 -> 
  custom:scripting/monoscript/fileName/SlotLanes.cs: 97949fb7cbc49a87a0e9a949a270c39f -> 
  custom:scripting/monoscript/fileName/StatesGui.cs: 98e5143501c303d7d5973c718d302233 -> 
  custom:scripting/monoscript/fileName/SplineWalker.cs: 5be65352f0f07fbe7665dfb31e99644d -> 
  custom:scripting/monoscript/fileName/PingProperty.cs: 9f24d087d77c62d9ddcbab43ed4cd5fe -> 
  custom:scripting/monoscript/fileName/LoadLevelUIForm.cs: 6198023540609558b39b6b3a84524494 -> 
  custom:scripting/monoscript/fileName/MultiplayerManager.cs: 29415d0687c638629166b314004ee270 -> 
  custom:scripting/monoscript/fileName/BezierCurve.cs: 6855a37c0f6b23766e2a15354899a784 -> 
  custom:scripting/monoscript/fileName/Line.cs: 5e23c11e3450a3cc94ccc16c37b15685 -> 
  custom:scripting/monoscript/fileName/FusionStatsBillboard.cs: beff202fd2a83c3f993d781559426984 -> 
  custom:scripting/monoscript/fileName/SetRoomCustomPropertyUIForm.cs: 9f1b75809ed6e2f34b0b61446d287bd4 -> 
  custom:scripting/monoscript/fileName/RunnerAOIGizmos.cs: 8b1629a60417f80a3d501474e540ad3f -> 
  custom:scripting/monoscript/fileName/PointedAtGameObjectInfo.cs: 0f220a9d7e421f59db30fb04c90d6c0e -> 
  custom:scripting/monoscript/fileName/PhotonLagSimulationGui.cs: de60acfca25c9c245519382776ad2f82 -> 
  custom:scripting/monoscript/fileName/OnPointerOverTooltip.cs: b9abe1fce28033712ba423247874af86 -> 
  custom:scripting/monoscript/fileName/PhotonViewHandler.cs: 7c6c7799f7e9296388067c605d1dc27c -> 
  custom:scripting/monoscript/fileName/CullingHandler.cs: ff4506351c41ac4ce471635b6b12ceb3 -> 
  custom:scripting/monoscript/fileName/PlayerListView.cs: 60e6f2e41401ae176dea7b70bab3c390 -> 
  custom:scripting/monoscript/fileName/SplinePosition.cs: b39b2fa35faaacaf63f8929368e2e5de -> 
  custom:video-decoder-ogg-theora: a1e56fd34408186e4bbccfd4996cb3dc -> 
  custom:scripting/monoscript/fileName/PlayerNumbering.cs: ce6d1f08b3d2d23009596a69c08b221d -> 
  custom:scripting/monoscript/fileName/PunStartup.cs: 961ddc858b2c0426ca5019c7e78c4fbf -> 
  custom:scripting/monoscript/fileName/FusionStatsMeterBar.cs: d21101dd4c4710df60c667e63d577d83 -> 
  custom:scripting/monoscript/fileName/PhotonHandler.cs: 70e641dd7ce55eb351f633fc29fb5f7f -> 
  custom:scripting/monoscript/fileName/IntInputField.cs: 40c0ee81b04639c26264c222a1aaea0c -> 
  custom:scripting/monoscript/fileName/PhotonRigidbodyView.cs: f6b453c3dd57cf47fa35b8156daece9a -> 
  custom:scripting/monoscript/fileName/TextToggleIsOnTransition.cs: 326b9c727c304dd69fe51444f64a7721 -> 
  custom:scripting/monoscript/fileName/WorldGenerator.cs: dca0ae82b72e05480b823fc7043006c0 -> 
  custom:scripting/monoscript/fileName/LobbyTopPanel.cs: 830e03b228bff7a95bbb092a2d6b29d2 -> 
  custom:scripting/monoscript/fileName/PlayerOverviewPanel.cs: 515bb293728f907f134591646985b9ce -> 
  custom:scripting/monoscript/fileName/OnlineDocButton.cs: e8bceb35def1f2c21aeb107b10e7c020 -> 
  custom:scripting/monoscript/fileName/AsteroidsGameManager.cs: 12a51843b5b71df994a62f28231ff7ef -> 
  custom:scripting/monoscript/fileName/ServerSettings.cs: 8fa55e8857e3ebd201455fd70a9f157d -> 
  custom:scripting/monoscript/fileName/ServerSettingsInspector.cs: 95da0bc9ecca5735a6f497f524ce7e54 -> 
  custom:scripting/monoscript/fileName/AppVersionProperty.cs: a4b4daafa219f35ecce40e74ac804003 -> 
  custom:scripting/monoscript/fileName/ProceduralController.cs: 294ae00e975ca4fe85822d6f85fe658a -> 
  custom:scripting/monoscript/fileName/BackgroundTimeOutField.cs: 301f4bb8d6480b188021ecf99ba8be6c -> 
  custom:scripting/monoscript/fileName/UserIdField.cs: 889d45ebefa87613726b801d1e5e80c8 -> 
  custom:scripting/monoscript/fileName/GraphicToggleIsOnTransition.cs: 7e3768d2f1167a9a7dc7f801820c67a5 -> 
  custom:scripting/monoscript/fileName/ChatGui.cs: 83ccb577c346edd301c0a35e11693dfd -> 
  custom:scripting/monoscript/fileName/AccountService.cs: 80b748556379aab9364d8ef00499f1a9 -> 
  custom:scripting/monoscript/fileName/PhotonRigidbodyViewEditor.cs: ab7e34153fa9a3c646e0316fa6fc5600 -> 
  custom:scripting/monoscript/fileName/CrcCheckToggle.cs: a236d00910b93ad4ae792080fb07508e -> 
  custom:scripting/monoscript/fileName/FusionBootstrapDebugGUI.cs: 371b4228dd1f5808b5897e19c03d546a -> 
  custom:scripting/monoscript/fileName/Player.cs: b6aef835b43cb69bef999bd5136f7c21 -> 
  custom:scripting/monoscript/fileName/LoadbalancingPeer.cs: d9dd9ca955de7f0a553b219d39f29621 -> 
  custom:scripting/monoscript/fileName/FusionStatsObjectIds.cs: 43a79179a267263c08267aeebfb7eafd -> 
  custom:scripting/monoscript/fileName/PunCockpitEmbed.cs: 2240c92b97535c6672465e83f1e36036 -> 
  custom:scripting/monoscript/fileName/CurrentRoomIsOpenToggle.cs: 229c6038772c64902eb501df39020417 -> 
  custom:scripting/monoscript/fileName/PhotonStatsGui.cs: d8361e63c4cf02d1cc41570adb7e9d85 -> 
  custom:scripting/monoscript/fileName/PunSceneSettingsInspector.cs: da5c9fdcd684cd1c669e2f5c5f40d373 -> 
  custom:scripting/monoscript/fileName/CurrentRoomMaxPlayersProperty.cs: f8d2a9d7157be1b82e5db9695b63da90 -> 
  custom:scripting/monoscript/fileName/PhotonNetwork.cs: b0631ad5c9d567edbfc4fb2b742f00d0 -> 
  custom:scripting/monoscript/fileName/OnClickRpc.cs: a4c1c482691ed3f8764f3736c0d692ea -> 
  custom:scripting/monoscript/fileName/BezierSpline.cs: fdb9ccdef0d3985b914118aec7c411f2 -> 
  custom:scripting/monoscript/fileName/PhotonPing.cs: 3f140d1df899c474f22230f66cc59a41 -> 
  custom:scripting/monoscript/fileName/CurrentRoomIsVisibleToggle.cs: 47a99e70dc7fd5d059dfbf899c22bbdb -> 
  custom:scripting/monoscript/fileName/Fusion.CodeGen.cs: b9ff9c5a347ec7e6d58d9aa467d5ae96 -> 
  custom:scripting/monoscript/fileName/PhotonStreamQueue.cs: 5d5e55e8eb60f78e116626969ed0311e -> 
  custom:scripting/monoscript/fileName/WebRpcImplementationExample.cs: 7bff59c7defddf73a4ceae1090065bd1 -> 
  custom:container-muxer-webm: aa71ff27fc2769a1b78a27578f13a17b -> 
  custom:scripting/monoscript/fileName/InfosPanelPlaceholder.cs: fef54b122412d96995fae2ad440bb18b -> 
  custom:scripting/monoscript/fileName/NestedComponentUtilities.cs: 033fd91b849b48295ab920beaf62446d -> 
  custom:scripting/monoscript/fileName/PhotonEditorUtils.cs: 4456563b945cca498f5f71d9eb2059b9 -> 
  custom:scripting/monoscript/fileName/IPunCallbacks.cs: 81caf01d84a9fa08671565d87776010b -> 
  custom:scripting/monoscript/fileName/FriendInfo.cs: be836ba41ecfa4c9dca4b510bdfea5c8 -> 
  custom:scripting/monoscript/fileName/CountOfRoomsProperty.cs: c0688910145f665105cec6c6eaf4f03c -> 
  custom:scripting/monoscript/fileName/ServerProperty.cs: d53bc3d40dee4679a13aa7a9ff58706e -> 
  custom:scripting/monoscript/fileName/Bullet.cs: 77c411c50d821352e611a16c30f40226 -> 
  custom:scripting/monoscript/fileName/OnClickDestroy.cs: 84deb4bc685f090f86133752922a945d -> 
  custom:scripting/monoscript/fileName/PhotonView.cs: b2662a18b33c427e0ec2e5ab1a56c2b5 -> 
  custom:scripting/monoscript/fileName/LoadBalancingClient.cs: 632813597f9db7bc895b13321ba1b05b -> 
  custom:scripting/monoscript/fileName/PhotonTransformViewClassic.cs: b13582f7122692c3dc0b0b58565603b7 -> 
  custom:scripting/monoscript/fileName/CameraWork.cs: 7182be285ca897b882f7b04a97b5001a -> 
  custom:scripting/monoscript/fileName/GameVersionField.cs: e1aaf98c257ad1044f09a430176c1d25 -> 
  custom:scripting/monoscript/fileName/CurrentRoomPlayerCountProperty.cs: 2e3a71196f608331c351de9edf7166b4 -> 
  custom:video-codec-MediaFoundation-h265: 746d11721c4dcdbdad8f713fa42b33f4 -> 
  custom:scripting/monoscript/fileName/PhotonAnimatorView.cs: d7e478a730cbe0e6a3a4e1f87600646a -> 
  custom:scripting/monoscript/fileName/CloudRegionProperty.cs: a98a80d4740fc4627fa07cd0d1b937f1 -> 
  custom:scripting/monoscript/fileName/PhotonGUI.cs: a5571c3104cbd100c9135419869f9e73 -> 
  custom:scripting/monoscript/fileName/CurrentRoomPlayerTtlProperty.cs: 5737d382a26e8898e597b19ab06904c5 -> 
  custom:CustomObjectIndexerAttribute: 756ad292c208cfabdd7b50bc23989ffe -> 
  custom:container-demuxer-webm: 4f35f7cbe854078d1ac9338744f61a02 -> 
  custom:scripting/monoscript/fileName/Cluster.cs: 5ff22076c2cc06a01d1cc1c38d08f712 -> 
  custom:scripting/monoscript/fileName/BestRegionInPrefsProperty.cs: f81195994c87654890233836f627cd69 -> 
  custom:scripting/monoscript/fileName/RunnerVisibilityLink.cs: 6e4a2325960fce24f58edb6ee6b338d8 -> 
  custom:scripting/monoscript/fileName/Spaceship.cs: 77d86dcddcb47a6cc18163eb292fa20b -> 
  custom:scripting/monoscript/fileName/CullAreaEditor.cs: ac85e81dd9fb835b90f15d14c78d253a -> 
  custom:scripting/monoscript/fileName/LobbyMainPanel.cs: bee85956556c66d6096a3300e7923c77 -> 
  custom:scripting/monoscript/fileName/ChatParameterCode.cs: a0fd6a090c21b2fc7ca69a867e9c27c2 -> 
  custom:scripting/monoscript/fileName/LayoutElementMatchSize.cs: 325cd6d9cb44d01cc8cfa43a5413de8f -> 
  custom:scripting/monoscript/fileName/TextButtonTransition.cs: 72f2c4484a6dc921aacef6b387422aa7 -> 
  custom:scripting/monoscript/fileName/SupportLogger.cs: 6226925e792eee84b718aee3baaa82a7 -> 
  custom:scripting/monoscript/fileName/Asteroid.cs: 8382d1ead570177214081c1ec12affef -> 
  custom:scripting/monoscript/fileName/CurrentRoomExpectedUsersProperty.cs: 15c7823a1b55465c741092cad452b5e4 -> 
  custom:scripting/monoscript/fileName/BoolInputField.cs: 96b6c600bd0428819f492c767ecf8b5b -> 
========================================================================
Received Import Request.
  Time since last request: 1121703.472803 seconds.
  path: Assets/Resources/chesspiece.prefab
  artifactKey: Guid(7a3fe8df36ebd9847864ee8a463bc99d) Importer(815301076,1909f56bfc062723c751e8b465ee728b)
Start importing Assets/Resources/chesspiece.prefab using Guid(7a3fe8df36ebd9847864ee8a463bc99d) Importer(815301076,1909f56bfc062723c751e8b465ee728b) Refreshing native plugins compatible for Editor in 3.91 ms, found 4 plugins.
Preloading 0 native plugins for Editor in 0.00 ms.
 -> (artifact id: 'dfaa725a3c88d4dda24bae7a4d9649dc') in 0.318406 seconds
Number of updated asset objects reloaded before import = 0
Number of asset objects unloaded after import = 62
========================================================================
Received Prepare
Begin MonoManager ReloadAssembly
C:\build\output\Unity-Technologies\mono\mono\metadata\icall.c:1842:
C:\build\output\Unity-Technologies\mono\mono\metadata\icall.c:1842:
C:\build\output\Unity-Technologies\mono\mono\metadata\icall.c:1842:
C:\build\output\Unity-Technologies\mono\mono\metadata\icall.c:1842:
C:\build\output\Unity-Technologies\mono\mono\metadata\icall.c:1842:
C:\build\output\Unity-Technologies\mono\mono\metadata\icall.c:1842:
C:\build\output\Unity-Technologies\mono\mono\metadata\icall.c:1842:
C:\build\output\Unity-Technologies\mono\mono\metadata\icall.c:1842:
C:\build\output\Unity-Technologies\mono\mono\metadata\icall.c:1842:
C:\build\output\Unity-Technologies\mono\mono\metadata\icall.c:1842:
C:\build\output\Unity-Technologies\mono\mono\metadata\icall.c:1842:
C:\build\output\Unity-Technologies\mono\mono\metadata\icall.c:1842:
Symbol file LoadedFromMemory doesn't match image C:\Users\tudor\OneDrive\Imagini\Documente\GitHub\Anarchy chess\Library\PackageCache\com.unity.visualscripting@1.8.0\Editor\VisualScripting.Core\Dependencies\YamlDotNet\Unity.VisualScripting.YamlDotNet.dll
Symbol file LoadedFromMemory doesn't match image C:\Users\tudor\OneDrive\Imagini\Documente\GitHub\Anarchy chess\Library\PackageCache\com.unity.visualscripting@1.8.0\Editor\VisualScripting.Core\Dependencies\DotNetZip\Unity.VisualScripting.IonicZip.dll
- Loaded All Assemblies, in  0.620 seconds
Refreshing native plugins compatible for Editor in 3.54 ms, found 4 plugins.
Native extension for Android target not found
Native extension for WindowsStandalone target not found
Mono: successfully reloaded assembly
- Finished resetting the current domain, in  0.745 seconds
Domain Reload Profiling: 1362ms
	BeginReloadAssembly (154ms)
		ExecutionOrderSort (0ms)
		DisableScriptedObjects (10ms)
		BackupInstance (0ms)
		ReleaseScriptingObjects (0ms)
		CreateAndSetChildDomain (40ms)
	RebuildCommonClasses (30ms)
	RebuildNativeTypeToScriptingClass (10ms)
	initialDomainReloadingComplete (22ms)
	LoadAllAssembliesAndSetupDomain (400ms)
		LoadAssemblies (264ms)
		RebuildTransferFunctionScriptingTraits (0ms)
		AnalyzeDomain (209ms)
			TypeCache.Refresh (203ms)
				TypeCache.ScanAssembly (196ms)
			ScanForSourceGeneratedMonoScriptInfo (3ms)
			ResolveRequiredComponents (3ms)
	FinalizeReload (746ms)
		ReleaseScriptCaches (0ms)
		RebuildScriptCaches (0ms)
		SetupLoadedEditorAssemblies (329ms)
			LogAssemblyErrors (0ms)
			InitializePlatformSupportModulesInManaged (17ms)
			SetLoadedEditorAssemblies (2ms)
			BeforeProcessingInitializeOnLoad (63ms)
			ProcessInitializeOnLoadAttributes (220ms)
			ProcessInitializeOnLoadMethodAttributes (23ms)
			AfterProcessingInitializeOnLoad (4ms)
			EditorAssembliesLoaded (0ms)
		ExecutionOrderSort2 (0ms)
		AwakeInstancesAfterBackupRestoration (6ms)
Refreshing native plugins compatible for Editor in 5.42 ms, found 4 plugins.
Preloading 0 native plugins for Editor in 0.00 ms.
Unloading 4277 Unused Serialized files (Serialized files now loaded: 0)
Unloading 38 unused Assets / (37.2 KB). Loaded Objects now: 4858.
Memory consumption went from 159.4 MB to 159.4 MB.
Total: 3.408700 ms (FindLiveObjects: 0.213400 ms CreateObjectMapping: 0.115300 ms MarkObjects: 3.021700 ms  DeleteObjects: 0.057000 ms)

Prepare: number of updated asset objects reloaded= 0
AssetImportParameters requested are different than current active one (requested -> active):
  custom:scripting/monoscript/fileName/CountdownTimer.cs: 29151b8b1909dcb5f8770e606e1b626a -> 
  custom:scripting/monoscript/fileName/NickNameField.cs: 4566439151a528588c6e77fbea15ef25 -> 
  custom:scripting/monoscript/fileName/ConnectionHandler.cs: 33c1e29051dc60b1fb7e8675cafa9a54 -> 
  custom:scripting/monoscript/fileName/NetworkProjectConfigImporterEditor.cs: 0b9c7f8db96d38ff89dc9f2e19e80a40 -> 
  custom:scripting/monoscript/fileName/StringInputField.cs: 766f94c288e6bb2cfcd18d60914c0461 -> 
  custom:scripting/monoscript/fileName/PhotonTransformViewClassicEditor.cs: 174be401c238aa6e741f961399731929 -> 
  custom:scripting/monoscript/fileName/Fusion.CodeGen.User.cs: 7518413c31be8fc7fe79dd8f5b20fa0c -> 
  custom:scripting/monoscript/fileName/SmoothSyncMovement.cs: 31ee6a992a574c4e665f73e48482d3fc -> 
  custom:scripting/monoscript/fileName/PlayerListCell.cs: 76799f985e8a3951e5d132618c3350d8 -> 
  custom:scripting/monoscript/fileName/NetworkCharacterController.cs: 0d9ab4a1b508efe718225ceffebd8e54 -> 
  custom:scripting/monoscript/fileName/ConnectAndJoinRandomLb.cs: 9dd47be72f766f78cbbffce9f8575ef1 -> 
  custom:scripting/monoscript/fileName/RoomInfo.cs: 86776ad49e4deb535029b369c45e7f36 -> 
  custom:scripting/monoscript/fileName/ServerAddressProperty.cs: 284ddbe40a77584c9c8835a0d4d63859 -> 
  custom:video-decoder-webm-vp8: 9c59270c3fd7afecdb556c50c9e8de78 -> 
  custom:scripting/monoscript/fileName/SlotRacerSplashScreen.cs: 76e2c64393d61c31f26e20612278ec67 -> 
  custom:scripting/monoscript/fileName/ChannelCreationOptions.cs: 4231621e658bee43f79b42f64c894f83 -> 
  custom:scripting/monoscript/fileName/SystemConnectionSummary.cs: bf5673a8df4878a9885c94fd51dd3397 -> 
  custom:scripting/monoscript/fileName/RunnerLagCompensationGizmos.cs: f7028307a5d8b8de388a40efb20302af -> 
  custom:SearchIndexIgnoredProperties: e643bd26f0fe6173181afceb89e7c659 -> 
  custom:scripting/monoscript/fileName/DocLinks.cs: 22fc6e62d47c65fdd35bd32f57891e69 -> 
  custom:scripting/monoscript/fileName/FriendListView.cs: 04c66340ac95991cba62207cfc3f8015 -> 
  custom:scripting/monoscript/fileName/RunnerEnableVisibility.cs: e1b57f1bd6fcbd3137975404af4bcf85 -> 
  custom:scripting/monoscript/fileName/OnClickInstantiate.cs: 3929e8581c0458b4fa6c3ecec790414e -> 
  custom:scripting/monoscript/fileName/PlayerNumberingInspector.cs: e277bf463a09eaa6bcf2868a0f243e5c -> 
  custom:scripting/monoscript/fileName/NetworkProjectConfigImporter.cs: a2caae9d85fed596662aa6841efc1b3e -> 
  custom:scripting/monoscript/fileName/IChatClientListener.cs: e6ec1b8d09bf11f3791c0bd18ae45880 -> 
  custom:audio-encoder-webm-vorbis: bf7c407c2cedff20999df2af8eb42d56 -> 
  custom:scripting/monoscript/fileName/FusionEditorSkin.cs: c6dee1ba664a2a78ce51705f2322e50c -> 
  custom:scripting/monoscript/fileName/PunClasses.cs: d6a17dc119cdc0b4a5b92f4135a56268 -> 
  custom:scripting/monoscript/fileName/ScoreHelper.cs: 7e2091fcb90bdab85f4be0c18d586eba -> 
  custom:scripting/monoscript/fileName/FusionStatsGraph.cs: 7021e2a0a0c25bbb5696ad6d6108403d -> 
  custom:scripting/monoscript/fileName/IsConnectedAndReadyProperty.cs: af06b6e7ee3f25798787bf32cafcb247 -> 
  custom:scripting/monoscript/fileName/OnEscapeQuit.cs: be21f25ae17e13db5ee6619d0c4d06e1 -> 
  custom:scripting/monoscript/fileName/FusionRunnerVisibilityControlsWindow.cs: 503e55d51d5bac9ff9db7e3128ab6896 -> 
  custom:scripting/monoscript/fileName/OnJoinedInstantiate.cs: e6fcd481d2d6dd67f5b18fb26017d8ba -> 
  custom:scripting/monoscript/fileName/IgnoreUiRaycastWhenInactive.cs: 64ae0ba0567ac5043ee479695fe7bd2b -> 
  custom:scripting/monoscript/fileName/PlayerListEntry.cs: 3811c0a731ead3815771e470aaca8954 -> 
  custom:scripting/monoscript/fileName/ChatUserStatus.cs: 70a3ef1ac77c9464b5af9f3f7bba93e1 -> 
  custom:scripting/monoscript/fileName/CurrentRoomEmptyRoomTtlProperty.cs: ba459c40e550063227b6dbef6f2e12d7 -> 
  custom:scripting/monoscript/fileName/FusionAddressablePrefabsPreloader.cs: 609c7194fc18608a6ba4972670be253b -> 
  custom:scripting/monoscript/fileName/MonoBehaviourPunEditor.cs: a420633076e18e6ded9ee7ff41e5161d -> 
  custom:scripting/monoscript/fileName/IngameControlPanel.cs: e8e78297d18e08fd0d6ef99a75e376c2 -> 
  custom:scripting/monoscript/fileName/CustomTypes.cs: 32fb10f0e1ae6f1f4c5b8deb3c8e83c3 -> 
  custom:scripting/monoscript/fileName/PlayerManager.cs: 5b0494b39b9a262c0ad29b1931262023 -> 
  custom:scripting/monoscript/fileName/CurrentRoomIsOpenProperty.cs: 401af34d1219dc5c3b2d226ce3b12b08 -> 
  custom:scripting/monoscript/fileName/RegionListView.cs: d1509ce3c1dcf26ebb758f8eb59e1c54 -> 
  custom:scripting/monoscript/fileName/ConnectToRegionUIForm.cs: 662fbbb8f06b04129a615111e69dec89 -> 
  custom:scripting/monoscript/fileName/SendRateOnSerializeField.cs: 8559ed016d3004cf7fa75b6b51babcf0 -> 
  custom:scripting/monoscript/fileName/Block.cs: 4912a9664024ee7276656eb28373609a -> 
  custom:scripting/monoscript/fileName/RunnerVisibilityLinksRoot.cs: 64f229c02655e4ab1b3ad93c7368ccfe -> 
  custom:scripting/monoscript/fileName/WebRpc.cs: ee2bfdfdd166ac7a426061037e23ee8f -> 
  custom:scripting/monoscript/fileName/BezierSplineInspector.cs: 64d312faa4ce8272425b85e56f7f3f74 -> 
  custom:scripting/monoscript/fileName/IPhotonViewCallbacks.cs: 6b192d91218207b95c2b171719310343 -> 
  custom:scripting/monoscript/fileName/Launcher.cs: 6d0f0651107e8b978d50eb5d8ca63cd3 -> 
  custom:scripting/monoscript/fileName/PropertyCell.cs: caa15b0e3299de64e13d6f1d4cf295aa -> 
  custom:scripting/monoscript/fileName/PunTurnManager.cs: c24499e0acfb9782133d39c092b0366b -> 
  custom:scripting/monoscript/fileName/CurrentRoomIsVisibleProperty.cs: be95d33e9289a548289bfd3ab9507d59 -> 
  custom:scripting/monoscript/fileName/ChatChannel.cs: 052e931f7bf91536d9bda80d682b6368 -> 
  custom:scripting/monoscript/fileName/BezierCurveInspector.cs: cd033eb785ec71c240751fc164fcbff1 -> 
  custom:scripting/monoscript/fileName/AppSettings.cs: d20c247df910115cd4c5ae83482475ef -> 
  custom:scripting/monoscript/fileName/PhotonAnimatorViewEditor.cs: fd89a9c520118567d7b47e39070bcd39 -> 
  custom:scripting/monoscript/fileName/PhotonViewInspector.cs: da72c707197b3a14a9e4fc031131a7bc -> 
  custom:scripting/monoscript/fileName/CurrentRoomPropertiesListedInLobbyProperty.cs: c8880d240fca5295b2028661629631dc -> 
  custom:scripting/monoscript/fileName/ThirdPersonUserControl.cs: 1e36b4529ca7c2f8667ed6449c3722b9 -> 
  custom:scripting/monoscript/fileName/CurrentRoomIsOfflineProperty.cs: a3b570f54686008ce7d1ddf281dfdde2 -> 
  custom:scripting/monoscript/fileName/PlayerControl.cs: 6df8b26511518ec75eac4160d12ac3bc -> 
  custom:scripting/monoscript/fileName/LineInspector.cs: b46fbdbe979ee95575b26620e8af2791 -> 
  custom:scripting/monoscript/fileName/PhotonNetworkPart.cs: 28ef43a4727cd01eb0456d4c51a096be -> 
  custom:scripting/monoscript/fileName/CustomTypesUnity.cs: 013c37589fb09e7f77b2d495dfa13043 -> 
  custom:scripting/monoscript/fileName/ChannelWellKnownProperties.cs: 7e2dabda8907dc60fb63ae9c28cb0b10 -> 
  custom:scripting/monoscript/fileName/ToggleExpand.cs: 8df2d7619ad2c56cf93b2f0cedc9c9a4 -> 
  custom:scripting/monoscript/fileName/EventSystemSpawner.cs: c525f40330ddc66d7e7f5297346da241 -> 
  custom:scripting/monoscript/fileName/PlayerNameInputField.cs: 27839abf4289ab34aa2cc2967033966d -> 
  custom:scripting/monoscript/fileName/IsConnectedProperty.cs: 981ecf71603e1baa6ce21b0fd1acc020 -> 
  custom:scripting/monoscript/fileName/PlayerAnimatorManager.cs: a7d34eb870b3ee44c83d5db31316a095 -> 
  custom:scripting/monoscript/fileName/MoveByKeys.cs: 0be06a6581575752c58847799d9932e6 -> 
  custom:scripting/monoscript/fileName/FriendListCell.cs: 8dfedb1e000853780b714ad0651f22a9 -> 
  custom:scripting/monoscript/fileName/PhotonTeamsManager.cs: ed14ceec94e7d1247f794ca4f7f3aa2e -> 
  custom:scripting/monoscript/fileName/ChatOperationCode.cs: dac444e0d5bbc5c837c33663c8b2cefb -> 
  custom:AudioImporter_EditorPlatform: d09bf68614088b80899f8185d706f6e7 -> 
  custom:scripting/monoscript/fileName/ChatEventCode.cs: 764a52cdc3a575d4587f1a0939ee2b6d -> 
  custom:scripting/monoscript/fileName/PhotonTransformViewEditor.cs: d59344a8429d1e1c91f78e42f728790a -> 
  custom:scripting/monoscript/fileName/DocLinkButton.cs: 551275f4066ad419ab79864501010643 -> 
  custom:scripting/monoscript/fileName/Room.cs: f509531380bf8f44be3c84421df8f27b -> 
  custom:scripting/monoscript/fileName/AsteroidsGame.cs: 39019f3fa92643372bcb4670a7434593 -> 
  custom:scripting/monoscript/fileName/LoaderAnime.cs: 95ab941fc8d4427c4fa6c07cf9af1057 -> 
  custom:scripting/monoscript/fileName/ButtonInsideScrollList.cs: 663db374c5f487d95198d2dce6dd1ce7 -> 
  custom:scripting/monoscript/fileName/ReorderableListResources.cs: a21396365aa80586d6fe0c3f093e8e8a -> 12f8cf94345b17bd1a3aef7c3b5bd157
  custom:scripting/monoscript/fileName/SendRateField.cs: 5786bd6806651c5e23c7d4a511e3dfaa -> 
  custom:scripting/monoscript/fileName/PhotonTeamsManagerInspector.cs: 55bea48a55e757c56d53ded3ae32c48e -> 
  custom:audio-decoder-ogg-vorbis: bf7c407c2cedff20999df2af8eb42d56 -> 
  custom:scripting/monoscript/fileName/UserIdUiForm.cs: 0a1836b26b3227dc4bf5c907f6dcc697 -> 
  custom:scripting/monoscript/fileName/ChatAppSettings.cs: db433ce9dc535a56c6c28a3183328622 -> 
  custom:scripting/monoscript/fileName/NetworkSceneManagerDefault.cs: 871a1346f3625e42e5be83f620052e51 -> 
  custom:scripting/monoscript/fileName/PropertyListenerBase.cs: f9338b1da94c09d1d4dc5b01f854e0e3 -> 
  custom:scripting/monoscript/fileName/FriendItem.cs: 7041a5cee458fd755b4167724bf865d2 -> 
  custom:scripting/monoscript/fileName/ChannelSelector.cs: 787aa32b539868663942ded37c6d24ef -> 
  custom:scripting/monoscript/fileName/RegionHandler.cs: 6de377e0adf86218af15234cc2039610 -> 
  custom:scripting/monoscript/fileName/ChatAppIdCheckerUI.cs: 1bb8fafd3e2c10dfddf187c423c0f4b8 -> 
  custom:scripting/monoscript/fileName/CullArea.cs: 75f7e0f84478d7778555f1e1e66d50b7 -> 
  custom:scripting/monoscript/fileName/CountOfPlayersOnMasterProperty.cs: aa74237d4beb81bd33ceee77917bae47 -> 
  custom:scripting/monoscript/fileName/GameManager.cs: 56bc6cc643bcbf5a5a0d63cbd09e7487 -> 9933fbcc6190e2a9171c2ec8808a053e
  custom:scripting/monoscript/fileName/CurrentRoomAutoCleanupProperty.cs: a92fec09d98c752e495341af83135d64 -> 
  custom:scripting/monoscript/fileName/ChatPeer.cs: ab4cb6a09b2bd7026434274768d75701 -> 
  custom:scripting/monoscript/fileName/DemoHubManager.cs: 0dd9c19f14946313f8d78bca90723987 -> 
  custom:scripting/monoscript/fileName/CreateRoomUiForm.cs: bf1ce360a976c4439345f8064d17d3ad -> 
  custom:scripting/monoscript/fileName/NamePickGui.cs: 2c5392a37dc177dc65a116f98af1080e -> 
  custom:scripting/monoscript/fileName/TabViewManager.cs: a7d06552ed611c43e44fb3fef2b558f5 -> 
  custom:scripting/monoscript/fileName/PlayerUI.cs: 4d64fa5e9e8828968d6cc191a132718d -> 
  custom:scripting/monoscript/fileName/EnableOnSingleRunner.cs: 9976ce768e23cc0678b095d30598d8cd -> 
  custom:scripting/monoscript/fileName/PunCockpit.cs: 534cb157a89724d3ca07a36bb2005880 -> 
  custom:scripting/monoscript/fileName/RoomListCell.cs: 8d1543bdc9816b8a578d6cd2eebe48be -> 
  custom:scripting/monoscript/fileName/CurrentRoomNameProperty.cs: 72010acf97fe1f3e9ff0b8c322c93e83 -> 
  custom:scripting/monoscript/fileName/NetworkObjectProviderDefault.cs: 0eb113b3784be4de9cc2f3cdcdf5e36c -> 
  custom:scripting/monoscript/fileName/PunPlayerScores.cs: eee61e21995464ded106b44bf2f6edd4 -> 
  custom:scripting/monoscript/fileName/PunTeamsInspector.cs: 4df913dbc11ac67364301ce3915ea909 -> 
  custom:scripting/monoscript/fileName/Extensions.cs: 3f8618856b92f72822431fd67127e289 -> 
  custom:scripting/monoscript/fileName/AutoSyncSceneToggle.cs: f5a0c8cb6428054959052eda2623401a -> 
  custom:scripting/monoscript/fileName/ToDemoHubButton.cs: 76a2afa2c645f73081ead15c9512dae8 -> 
  custom:scripting/monoscript/fileName/CountOfPlayersInRoomProperty.cs: 22a26994633102695250e14533d8bd88 -> 
  custom:scripting/monoscript/fileName/AppSettingsExtensions.cs: 7eb3b190282e171c2845b1d8ee71ed5c -> 
  custom:scripting/monoscript/fileName/Region.cs: a0331a07d2a132f6cd24585218741838 -> 
  custom:scripting/monoscript/fileName/Bezier.cs: b8534c761c3f32134ac0822189e167cc -> 
  custom:scripting/monoscript/fileName/PhotonEditor.cs: 9beee3a7ca2bc764b51880f31127a0ea -> 
  custom:scripting/monoscript/fileName/CountOfPlayersProperty.cs: 92593170cc4984fa211f8cfbd69ac9a3 -> 
  custom:scripting/monoscript/fileName/OnStartDelete.cs: ca7ff388213f651af9d8be5d8844a8f4 -> 
  custom:video-encoder-webm-vp8: eb34c28f22e8b96e1ab97ce403110664 -> 
  custom:scripting/monoscript/fileName/ChatClient.cs: d3eb880194f03abd869e259e1e9fd5f0 -> 
  custom:scripting/monoscript/fileName/PhotonRigidbody2DView.cs: cfabe07ff5658dc80bf23a32c3f3d3ea -> 
  custom:scripting/monoscript/fileName/RoomListView.cs: 2b7207d3ddc2539dd2b806ed485e033b -> 
  custom:scripting/monoscript/fileName/OfflineModeProperty.cs: 142619a08af07c654a2536f2386c9c6c -> 
  custom:container-demuxer-ogg: 62fdf1f143b41e24485cea50d1cbac27 -> 
  custom:scripting/monoscript/fileName/Noise.cs: dc35aa19dae9f4b9d9d351205aaba1c6 -> 
  custom:scripting/monoscript/fileName/GameVersionProperty.cs: 212cdb5858947bda9a55c4e8f58ef2c6 -> 
  custom:framework-win-MediaFoundation: 216162199b28c13a410421893ffa2e32 -> 
  custom:scripting/monoscript/fileName/ConnectAndJoinRandom.cs: 00d6f17fa442bd592f9dfb4622a40a5d -> 
  custom:scripting/monoscript/fileName/PhotonTransformView.cs: ea668b9d3ca2e512312f4d0840810b14 -> 
  custom:scripting/monoscript/fileName/FusionBootstrap.cs: ce6761b6f61ee75dccdb3d85fc55a691 -> 
  custom:scripting/monoscript/fileName/RoomListEntry.cs: c7ba9dd428a6b8b410fe51075bfba1e1 -> 
  custom:scripting/monoscript/fileName/CurrentRoomMasterClientIdProperty.cs: 8a7f2b18c7369cf86e69820d5f0602fe -> 
  custom:scripting/monoscript/fileName/PunTeams.cs: 97cdf6951e96c2643337cf5fb8f69c0b -> 
  custom:scripting/monoscript/fileName/RegionListCell.cs: f6a1e00ce33d3dec4b7e2cfe425726c7 -> 
  custom:scripting/monoscript/fileName/PunSceneSettings.cs: 91ded15e638c075e189911af7f870d60 -> 
  custom:scripting/monoscript/fileName/ThirdPersonCharacter.cs: d37a384ef7557636dd0499ecb4e48640 -> 
  custom:scripting/monoscript/fileName/PlayerDetailsController.cs: 4a8b583bcd181f124e040cd407eab3b7 -> 
  custom:scripting/monoscript/fileName/PhotonRigidbody2DViewEditor.cs: 1bbd8586933ea3b91d286e3a03ef0b15 -> 
  custom:scripting/monoscript/fileName/Fusion.Unity.Editor.cs: b14e14e52edac49806a8f9d4187d9f4c -> 
  custom:scripting/monoscript/fileName/Fusion.Unity.cs: 2f52e767df9231dc9ad5c805bed98e70 -> 
  custom:scripting/monoscript/fileName/SlotLanes.cs: 97949fb7cbc49a87a0e9a949a270c39f -> 
  custom:scripting/monoscript/fileName/StatesGui.cs: 98e5143501c303d7d5973c718d302233 -> 
  custom:scripting/monoscript/fileName/SplineWalker.cs: 5be65352f0f07fbe7665dfb31e99644d -> 
  custom:scripting/monoscript/fileName/PingProperty.cs: 9f24d087d77c62d9ddcbab43ed4cd5fe -> 
  custom:scripting/monoscript/fileName/LoadLevelUIForm.cs: 6198023540609558b39b6b3a84524494 -> 
  custom:scripting/monoscript/fileName/MultiplayerManager.cs: 29415d0687c638629166b314004ee270 -> 
  custom:scripting/monoscript/fileName/BezierCurve.cs: 6855a37c0f6b23766e2a15354899a784 -> 
  custom:scripting/monoscript/fileName/Line.cs: 5e23c11e3450a3cc94ccc16c37b15685 -> 
  custom:scripting/monoscript/fileName/FusionStatsBillboard.cs: beff202fd2a83c3f993d781559426984 -> 
  custom:scripting/monoscript/fileName/SetRoomCustomPropertyUIForm.cs: 9f1b75809ed6e2f34b0b61446d287bd4 -> 
  custom:scripting/monoscript/fileName/RunnerAOIGizmos.cs: 8b1629a60417f80a3d501474e540ad3f -> 
  custom:scripting/monoscript/fileName/PointedAtGameObjectInfo.cs: 0f220a9d7e421f59db30fb04c90d6c0e -> 
  custom:scripting/monoscript/fileName/PhotonLagSimulationGui.cs: de60acfca25c9c245519382776ad2f82 -> 
  custom:scripting/monoscript/fileName/OnPointerOverTooltip.cs: b9abe1fce28033712ba423247874af86 -> 
  custom:scripting/monoscript/fileName/PhotonViewHandler.cs: 7c6c7799f7e9296388067c605d1dc27c -> 
  custom:scripting/monoscript/fileName/CullingHandler.cs: ff4506351c41ac4ce471635b6b12ceb3 -> 
  custom:scripting/monoscript/fileName/PlayerListView.cs: 60e6f2e41401ae176dea7b70bab3c390 -> 
  custom:scripting/monoscript/fileName/SplinePosition.cs: b39b2fa35faaacaf63f8929368e2e5de -> 
  custom:video-decoder-ogg-theora: a1e56fd34408186e4bbccfd4996cb3dc -> 
  custom:scripting/monoscript/fileName/PlayerNumbering.cs: ce6d1f08b3d2d23009596a69c08b221d -> 
  custom:scripting/monoscript/fileName/PunStartup.cs: 961ddc858b2c0426ca5019c7e78c4fbf -> 
  custom:scripting/monoscript/fileName/FusionStatsMeterBar.cs: d21101dd4c4710df60c667e63d577d83 -> 
  custom:scripting/monoscript/fileName/PhotonHandler.cs: 70e641dd7ce55eb351f633fc29fb5f7f -> 
  custom:scripting/monoscript/fileName/IntInputField.cs: 40c0ee81b04639c26264c222a1aaea0c -> 
  custom:scripting/monoscript/fileName/PhotonRigidbodyView.cs: f6b453c3dd57cf47fa35b8156daece9a -> 
  custom:scripting/monoscript/fileName/TextToggleIsOnTransition.cs: 326b9c727c304dd69fe51444f64a7721 -> 
  custom:scripting/monoscript/fileName/WorldGenerator.cs: dca0ae82b72e05480b823fc7043006c0 -> 
  custom:scripting/monoscript/fileName/LobbyTopPanel.cs: 830e03b228bff7a95bbb092a2d6b29d2 -> 
  custom:scripting/monoscript/fileName/PlayerOverviewPanel.cs: 515bb293728f907f134591646985b9ce -> 
  custom:scripting/monoscript/fileName/OnlineDocButton.cs: e8bceb35def1f2c21aeb107b10e7c020 -> 
  custom:scripting/monoscript/fileName/AsteroidsGameManager.cs: 12a51843b5b71df994a62f28231ff7ef -> 
  custom:scripting/monoscript/fileName/ServerSettings.cs: 8fa55e8857e3ebd201455fd70a9f157d -> 
  custom:scripting/monoscript/fileName/ServerSettingsInspector.cs: 95da0bc9ecca5735a6f497f524ce7e54 -> 
  custom:scripting/monoscript/fileName/AppVersionProperty.cs: a4b4daafa219f35ecce40e74ac804003 -> 
  custom:scripting/monoscript/fileName/ProceduralController.cs: 294ae00e975ca4fe85822d6f85fe658a -> 
  custom:scripting/monoscript/fileName/BackgroundTimeOutField.cs: 301f4bb8d6480b188021ecf99ba8be6c -> 
  custom:scripting/monoscript/fileName/UserIdField.cs: 889d45ebefa87613726b801d1e5e80c8 -> 
  custom:scripting/monoscript/fileName/GraphicToggleIsOnTransition.cs: 7e3768d2f1167a9a7dc7f801820c67a5 -> 
  custom:scripting/monoscript/fileName/ChatGui.cs: 83ccb577c346edd301c0a35e11693dfd -> 
  custom:scripting/monoscript/fileName/AccountService.cs: 80b748556379aab9364d8ef00499f1a9 -> 
  custom:scripting/monoscript/fileName/PhotonRigidbodyViewEditor.cs: ab7e34153fa9a3c646e0316fa6fc5600 -> 
  custom:scripting/monoscript/fileName/CrcCheckToggle.cs: a236d00910b93ad4ae792080fb07508e -> 
  custom:scripting/monoscript/fileName/FusionBootstrapDebugGUI.cs: 371b4228dd1f5808b5897e19c03d546a -> 
  custom:scripting/monoscript/fileName/Player.cs: b6aef835b43cb69bef999bd5136f7c21 -> 
  custom:scripting/monoscript/fileName/LoadbalancingPeer.cs: d9dd9ca955de7f0a553b219d39f29621 -> 
  custom:scripting/monoscript/fileName/FusionStatsObjectIds.cs: 43a79179a267263c08267aeebfb7eafd -> 
  custom:scripting/monoscript/fileName/PunCockpitEmbed.cs: 2240c92b97535c6672465e83f1e36036 -> 
  custom:scripting/monoscript/fileName/CurrentRoomIsOpenToggle.cs: 229c6038772c64902eb501df39020417 -> 
  custom:scripting/monoscript/fileName/PhotonStatsGui.cs: d8361e63c4cf02d1cc41570adb7e9d85 -> 
  custom:scripting/monoscript/fileName/PunSceneSettingsInspector.cs: da5c9fdcd684cd1c669e2f5c5f40d373 -> 
  custom:scripting/monoscript/fileName/CurrentRoomMaxPlayersProperty.cs: f8d2a9d7157be1b82e5db9695b63da90 -> 
  custom:scripting/monoscript/fileName/PhotonNetwork.cs: b0631ad5c9d567edbfc4fb2b742f00d0 -> 
  custom:scripting/monoscript/fileName/OnClickRpc.cs: a4c1c482691ed3f8764f3736c0d692ea -> 
  custom:scripting/monoscript/fileName/BezierSpline.cs: fdb9ccdef0d3985b914118aec7c411f2 -> 
  custom:scripting/monoscript/fileName/PhotonPing.cs: 3f140d1df899c474f22230f66cc59a41 -> 
  custom:scripting/monoscript/fileName/CurrentRoomIsVisibleToggle.cs: 47a99e70dc7fd5d059dfbf899c22bbdb -> 
  custom:scripting/monoscript/fileName/Fusion.CodeGen.cs: b9ff9c5a347ec7e6d58d9aa467d5ae96 -> 
  custom:scripting/monoscript/fileName/PhotonStreamQueue.cs: 5d5e55e8eb60f78e116626969ed0311e -> 
  custom:scripting/monoscript/fileName/WebRpcImplementationExample.cs: 7bff59c7defddf73a4ceae1090065bd1 -> 
  custom:container-muxer-webm: aa71ff27fc2769a1b78a27578f13a17b -> 
  custom:scripting/monoscript/fileName/InfosPanelPlaceholder.cs: fef54b122412d96995fae2ad440bb18b -> 
  custom:scripting/monoscript/fileName/NestedComponentUtilities.cs: 033fd91b849b48295ab920beaf62446d -> 
  custom:scripting/monoscript/fileName/PhotonEditorUtils.cs: 4456563b945cca498f5f71d9eb2059b9 -> 
  custom:scripting/monoscript/fileName/IPunCallbacks.cs: 81caf01d84a9fa08671565d87776010b -> 
  custom:scripting/monoscript/fileName/FriendInfo.cs: be836ba41ecfa4c9dca4b510bdfea5c8 -> 
  custom:scripting/monoscript/fileName/CountOfRoomsProperty.cs: c0688910145f665105cec6c6eaf4f03c -> 
  custom:scripting/monoscript/fileName/ServerProperty.cs: d53bc3d40dee4679a13aa7a9ff58706e -> 
  custom:scripting/monoscript/fileName/Bullet.cs: 77c411c50d821352e611a16c30f40226 -> 
  custom:scripting/monoscript/fileName/OnClickDestroy.cs: 84deb4bc685f090f86133752922a945d -> 
  custom:scripting/monoscript/fileName/PhotonView.cs: b2662a18b33c427e0ec2e5ab1a56c2b5 -> 
  custom:scripting/monoscript/fileName/LoadBalancingClient.cs: 632813597f9db7bc895b13321ba1b05b -> 
  custom:scripting/monoscript/fileName/PhotonTransformViewClassic.cs: b13582f7122692c3dc0b0b58565603b7 -> 
  custom:scripting/monoscript/fileName/CameraWork.cs: 7182be285ca897b882f7b04a97b5001a -> 
  custom:scripting/monoscript/fileName/GameVersionField.cs: e1aaf98c257ad1044f09a430176c1d25 -> 
  custom:scripting/monoscript/fileName/CurrentRoomPlayerCountProperty.cs: 2e3a71196f608331c351de9edf7166b4 -> 
  custom:video-codec-MediaFoundation-h265: 746d11721c4dcdbdad8f713fa42b33f4 -> 
  custom:scripting/monoscript/fileName/PhotonAnimatorView.cs: d7e478a730cbe0e6a3a4e1f87600646a -> 
  custom:scripting/monoscript/fileName/CloudRegionProperty.cs: a98a80d4740fc4627fa07cd0d1b937f1 -> 
  custom:scripting/monoscript/fileName/PhotonGUI.cs: a5571c3104cbd100c9135419869f9e73 -> 
  custom:scripting/monoscript/fileName/CurrentRoomPlayerTtlProperty.cs: 5737d382a26e8898e597b19ab06904c5 -> 
  custom:CustomObjectIndexerAttribute: 756ad292c208cfabdd7b50bc23989ffe -> 
  custom:container-demuxer-webm: 4f35f7cbe854078d1ac9338744f61a02 -> 
  custom:scripting/monoscript/fileName/Cluster.cs: 5ff22076c2cc06a01d1cc1c38d08f712 -> 
  custom:scripting/monoscript/fileName/BestRegionInPrefsProperty.cs: f81195994c87654890233836f627cd69 -> 
  custom:scripting/monoscript/fileName/RunnerVisibilityLink.cs: 6e4a2325960fce24f58edb6ee6b338d8 -> 
  custom:scripting/monoscript/fileName/Spaceship.cs: 77d86dcddcb47a6cc18163eb292fa20b -> 
  custom:scripting/monoscript/fileName/CullAreaEditor.cs: ac85e81dd9fb835b90f15d14c78d253a -> 
  custom:scripting/monoscript/fileName/LobbyMainPanel.cs: bee85956556c66d6096a3300e7923c77 -> 
  custom:scripting/monoscript/fileName/ChatParameterCode.cs: a0fd6a090c21b2fc7ca69a867e9c27c2 -> 
  custom:scripting/monoscript/fileName/LayoutElementMatchSize.cs: 325cd6d9cb44d01cc8cfa43a5413de8f -> 
  custom:scripting/monoscript/fileName/TextButtonTransition.cs: 72f2c4484a6dc921aacef6b387422aa7 -> 
  custom:scripting/monoscript/fileName/SupportLogger.cs: 6226925e792eee84b718aee3baaa82a7 -> 
  custom:scripting/monoscript/fileName/Asteroid.cs: 8382d1ead570177214081c1ec12affef -> 
  custom:scripting/monoscript/fileName/CurrentRoomExpectedUsersProperty.cs: 15c7823a1b55465c741092cad452b5e4 -> 
  custom:scripting/monoscript/fileName/BoolInputField.cs: 96b6c600bd0428819f492c767ecf8b5b -> 
========================================================================
Received Prepare
Begin MonoManager ReloadAssembly
C:\build\output\Unity-Technologies\mono\mono\metadata\icall.c:1842:
C:\build\output\Unity-Technologies\mono\mono\metadata\icall.c:1842:
C:\build\output\Unity-Technologies\mono\mono\metadata\icall.c:1842:
C:\build\output\Unity-Technologies\mono\mono\metadata\icall.c:1842:
C:\build\output\Unity-Technologies\mono\mono\metadata\icall.c:1842:
C:\build\output\Unity-Technologies\mono\mono\metadata\icall.c:1842:
C:\build\output\Unity-Technologies\mono\mono\metadata\icall.c:1842:
C:\build\output\Unity-Technologies\mono\mono\metadata\icall.c:1842:
C:\build\output\Unity-Technologies\mono\mono\metadata\icall.c:1842:
C:\build\output\Unity-Technologies\mono\mono\metadata\icall.c:1842:
C:\build\output\Unity-Technologies\mono\mono\metadata\icall.c:1842:
C:\build\output\Unity-Technologies\mono\mono\metadata\icall.c:1842:
Symbol file LoadedFromMemory doesn't match image C:\Users\tudor\OneDrive\Imagini\Documente\GitHub\Anarchy chess\Library\PackageCache\com.unity.visualscripting@1.8.0\Editor\VisualScripting.Core\Dependencies\YamlDotNet\Unity.VisualScripting.YamlDotNet.dll
Symbol file LoadedFromMemory doesn't match image C:\Users\tudor\OneDrive\Imagini\Documente\GitHub\Anarchy chess\Library\PackageCache\com.unity.visualscripting@1.8.0\Editor\VisualScripting.Core\Dependencies\DotNetZip\Unity.VisualScripting.IonicZip.dll
- Loaded All Assemblies, in  0.645 seconds
Refreshing native plugins compatible for Editor in 3.42 ms, found 4 plugins.
Native extension for Android target not found
Native extension for WindowsStandalone target not found
Mono: successfully reloaded assembly
- Finished resetting the current domain, in  0.830 seconds
Domain Reload Profiling: 1472ms
	BeginReloadAssembly (167ms)
		ExecutionOrderSort (0ms)
		DisableScriptedObjects (11ms)
		BackupInstance (0ms)
		ReleaseScriptingObjects (0ms)
		CreateAndSetChildDomain (45ms)
	RebuildCommonClasses (25ms)
	RebuildNativeTypeToScriptingClass (9ms)
	initialDomainReloadingComplete (30ms)
	LoadAllAssembliesAndSetupDomain (411ms)
		LoadAssemblies (263ms)
		RebuildTransferFunctionScriptingTraits (0ms)
		AnalyzeDomain (226ms)
			TypeCache.Refresh (223ms)
				TypeCache.ScanAssembly (215ms)
			ScanForSourceGeneratedMonoScriptInfo (0ms)
			ResolveRequiredComponents (3ms)
	FinalizeReload (830ms)
		ReleaseScriptCaches (0ms)
		RebuildScriptCaches (0ms)
		SetupLoadedEditorAssemblies (351ms)
			LogAssemblyErrors (0ms)
			InitializePlatformSupportModulesInManaged (17ms)
			SetLoadedEditorAssemblies (3ms)
			BeforeProcessingInitializeOnLoad (68ms)
			ProcessInitializeOnLoadAttributes (229ms)
			ProcessInitializeOnLoadMethodAttributes (30ms)
			AfterProcessingInitializeOnLoad (4ms)
			EditorAssembliesLoaded (0ms)
		ExecutionOrderSort2 (0ms)
		AwakeInstancesAfterBackupRestoration (7ms)
Refreshing native plugins compatible for Editor in 3.84 ms, found 4 plugins.
Preloading 0 native plugins for Editor in 0.00 ms.
Unloading 4278 Unused Serialized files (Serialized files now loaded: 0)
Unloading 38 unused Assets / (37.3 KB). Loaded Objects now: 4861.
Memory consumption went from 161.6 MB to 161.6 MB.
Total: 3.242900 ms (FindLiveObjects: 0.205000 ms CreateObjectMapping: 0.109200 ms MarkObjects: 2.875100 ms  DeleteObjects: 0.052600 ms)

Prepare: number of updated asset objects reloaded= 0
AssetImportParameters requested are different than current active one (requested -> active):
  custom:scripting/monoscript/fileName/CountdownTimer.cs: 29151b8b1909dcb5f8770e606e1b626a -> 
  custom:scripting/monoscript/fileName/NickNameField.cs: 4566439151a528588c6e77fbea15ef25 -> 
  custom:scripting/monoscript/fileName/ConnectionHandler.cs: 33c1e29051dc60b1fb7e8675cafa9a54 -> 
  custom:scripting/monoscript/fileName/NetworkProjectConfigImporterEditor.cs: 0b9c7f8db96d38ff89dc9f2e19e80a40 -> 
  custom:scripting/monoscript/fileName/StringInputField.cs: 766f94c288e6bb2cfcd18d60914c0461 -> 
  custom:scripting/monoscript/fileName/PhotonTransformViewClassicEditor.cs: 174be401c238aa6e741f961399731929 -> 
  custom:scripting/monoscript/fileName/Fusion.CodeGen.User.cs: 7518413c31be8fc7fe79dd8f5b20fa0c -> 
  custom:scripting/monoscript/fileName/SmoothSyncMovement.cs: 31ee6a992a574c4e665f73e48482d3fc -> 
  custom:scripting/monoscript/fileName/PlayerListCell.cs: 76799f985e8a3951e5d132618c3350d8 -> 
  custom:scripting/monoscript/fileName/NetworkCharacterController.cs: 0d9ab4a1b508efe718225ceffebd8e54 -> 
  custom:scripting/monoscript/fileName/ConnectAndJoinRandomLb.cs: 9dd47be72f766f78cbbffce9f8575ef1 -> 
  custom:scripting/monoscript/fileName/RoomInfo.cs: 86776ad49e4deb535029b369c45e7f36 -> 
  custom:scripting/monoscript/fileName/ServerAddressProperty.cs: 284ddbe40a77584c9c8835a0d4d63859 -> 
  custom:video-decoder-webm-vp8: 9c59270c3fd7afecdb556c50c9e8de78 -> 
  custom:scripting/monoscript/fileName/SlotRacerSplashScreen.cs: 76e2c64393d61c31f26e20612278ec67 -> 
  custom:scripting/monoscript/fileName/ChannelCreationOptions.cs: 4231621e658bee43f79b42f64c894f83 -> 
  custom:scripting/monoscript/fileName/SystemConnectionSummary.cs: bf5673a8df4878a9885c94fd51dd3397 -> 
  custom:scripting/monoscript/fileName/RunnerLagCompensationGizmos.cs: f7028307a5d8b8de388a40efb20302af -> 
  custom:SearchIndexIgnoredProperties: e643bd26f0fe6173181afceb89e7c659 -> 
  custom:scripting/monoscript/fileName/DocLinks.cs: 22fc6e62d47c65fdd35bd32f57891e69 -> 
  custom:scripting/monoscript/fileName/FriendListView.cs: 04c66340ac95991cba62207cfc3f8015 -> 
  custom:scripting/monoscript/fileName/RunnerEnableVisibility.cs: e1b57f1bd6fcbd3137975404af4bcf85 -> 
  custom:scripting/monoscript/fileName/OnClickInstantiate.cs: 3929e8581c0458b4fa6c3ecec790414e -> 
  custom:scripting/monoscript/fileName/PlayerNumberingInspector.cs: e277bf463a09eaa6bcf2868a0f243e5c -> 
  custom:scripting/monoscript/fileName/NetworkProjectConfigImporter.cs: a2caae9d85fed596662aa6841efc1b3e -> 
  custom:scripting/monoscript/fileName/IChatClientListener.cs: e6ec1b8d09bf11f3791c0bd18ae45880 -> 
  custom:audio-encoder-webm-vorbis: bf7c407c2cedff20999df2af8eb42d56 -> 
  custom:scripting/monoscript/fileName/FusionEditorSkin.cs: c6dee1ba664a2a78ce51705f2322e50c -> 
  custom:scripting/monoscript/fileName/PunClasses.cs: d6a17dc119cdc0b4a5b92f4135a56268 -> 
  custom:scripting/monoscript/fileName/ScoreHelper.cs: 7e2091fcb90bdab85f4be0c18d586eba -> 
  custom:scripting/monoscript/fileName/FusionStatsGraph.cs: 7021e2a0a0c25bbb5696ad6d6108403d -> 
  custom:scripting/monoscript/fileName/IsConnectedAndReadyProperty.cs: af06b6e7ee3f25798787bf32cafcb247 -> 
  custom:scripting/monoscript/fileName/OnEscapeQuit.cs: be21f25ae17e13db5ee6619d0c4d06e1 -> 
  custom:scripting/monoscript/fileName/FusionRunnerVisibilityControlsWindow.cs: 503e55d51d5bac9ff9db7e3128ab6896 -> 
  custom:scripting/monoscript/fileName/OnJoinedInstantiate.cs: e6fcd481d2d6dd67f5b18fb26017d8ba -> 
  custom:scripting/monoscript/fileName/IgnoreUiRaycastWhenInactive.cs: 64ae0ba0567ac5043ee479695fe7bd2b -> 
  custom:scripting/monoscript/fileName/PlayerListEntry.cs: 3811c0a731ead3815771e470aaca8954 -> 
  custom:scripting/monoscript/fileName/ChatUserStatus.cs: 70a3ef1ac77c9464b5af9f3f7bba93e1 -> 
  custom:scripting/monoscript/fileName/CurrentRoomEmptyRoomTtlProperty.cs: ba459c40e550063227b6dbef6f2e12d7 -> 
  custom:scripting/monoscript/fileName/FusionAddressablePrefabsPreloader.cs: 609c7194fc18608a6ba4972670be253b -> 
  custom:scripting/monoscript/fileName/MonoBehaviourPunEditor.cs: a420633076e18e6ded9ee7ff41e5161d -> 
  custom:scripting/monoscript/fileName/IngameControlPanel.cs: e8e78297d18e08fd0d6ef99a75e376c2 -> 
  custom:scripting/monoscript/fileName/CustomTypes.cs: 32fb10f0e1ae6f1f4c5b8deb3c8e83c3 -> 
  custom:scripting/monoscript/fileName/PlayerManager.cs: 5b0494b39b9a262c0ad29b1931262023 -> 
  custom:scripting/monoscript/fileName/CurrentRoomIsOpenProperty.cs: 401af34d1219dc5c3b2d226ce3b12b08 -> 
  custom:scripting/monoscript/fileName/RegionListView.cs: d1509ce3c1dcf26ebb758f8eb59e1c54 -> 
  custom:scripting/monoscript/fileName/ConnectToRegionUIForm.cs: 662fbbb8f06b04129a615111e69dec89 -> 
  custom:scripting/monoscript/fileName/SendRateOnSerializeField.cs: 8559ed016d3004cf7fa75b6b51babcf0 -> 
  custom:scripting/monoscript/fileName/Block.cs: 4912a9664024ee7276656eb28373609a -> 
  custom:scripting/monoscript/fileName/RunnerVisibilityLinksRoot.cs: 64f229c02655e4ab1b3ad93c7368ccfe -> 
  custom:scripting/monoscript/fileName/WebRpc.cs: ee2bfdfdd166ac7a426061037e23ee8f -> 
  custom:scripting/monoscript/fileName/BezierSplineInspector.cs: 64d312faa4ce8272425b85e56f7f3f74 -> 
  custom:scripting/monoscript/fileName/IPhotonViewCallbacks.cs: 6b192d91218207b95c2b171719310343 -> 
  custom:scripting/monoscript/fileName/Launcher.cs: 6d0f0651107e8b978d50eb5d8ca63cd3 -> 
  custom:scripting/monoscript/fileName/PropertyCell.cs: caa15b0e3299de64e13d6f1d4cf295aa -> 
  custom:scripting/monoscript/fileName/PunTurnManager.cs: c24499e0acfb9782133d39c092b0366b -> 
  custom:scripting/monoscript/fileName/CurrentRoomIsVisibleProperty.cs: be95d33e9289a548289bfd3ab9507d59 -> 
  custom:scripting/monoscript/fileName/ChatChannel.cs: 052e931f7bf91536d9bda80d682b6368 -> 
  custom:scripting/monoscript/fileName/BezierCurveInspector.cs: cd033eb785ec71c240751fc164fcbff1 -> 
  custom:scripting/monoscript/fileName/AppSettings.cs: d20c247df910115cd4c5ae83482475ef -> 
  custom:scripting/monoscript/fileName/PhotonAnimatorViewEditor.cs: fd89a9c520118567d7b47e39070bcd39 -> 
  custom:scripting/monoscript/fileName/PhotonViewInspector.cs: da72c707197b3a14a9e4fc031131a7bc -> 
  custom:scripting/monoscript/fileName/CurrentRoomPropertiesListedInLobbyProperty.cs: c8880d240fca5295b2028661629631dc -> 
  custom:scripting/monoscript/fileName/ThirdPersonUserControl.cs: 1e36b4529ca7c2f8667ed6449c3722b9 -> 
  custom:scripting/monoscript/fileName/CurrentRoomIsOfflineProperty.cs: a3b570f54686008ce7d1ddf281dfdde2 -> 
  custom:scripting/monoscript/fileName/PlayerControl.cs: 6df8b26511518ec75eac4160d12ac3bc -> 
  custom:scripting/monoscript/fileName/LineInspector.cs: b46fbdbe979ee95575b26620e8af2791 -> 
  custom:scripting/monoscript/fileName/PhotonNetworkPart.cs: 28ef43a4727cd01eb0456d4c51a096be -> 
  custom:scripting/monoscript/fileName/CustomTypesUnity.cs: 013c37589fb09e7f77b2d495dfa13043 -> 
  custom:scripting/monoscript/fileName/ChannelWellKnownProperties.cs: 7e2dabda8907dc60fb63ae9c28cb0b10 -> 
  custom:scripting/monoscript/fileName/ToggleExpand.cs: 8df2d7619ad2c56cf93b2f0cedc9c9a4 -> 
  custom:scripting/monoscript/fileName/EventSystemSpawner.cs: c525f40330ddc66d7e7f5297346da241 -> 
  custom:scripting/monoscript/fileName/PlayerNameInputField.cs: 27839abf4289ab34aa2cc2967033966d -> 
  custom:scripting/monoscript/fileName/IsConnectedProperty.cs: 981ecf71603e1baa6ce21b0fd1acc020 -> 
  custom:scripting/monoscript/fileName/PlayerAnimatorManager.cs: a7d34eb870b3ee44c83d5db31316a095 -> 
  custom:scripting/monoscript/fileName/MoveByKeys.cs: 0be06a6581575752c58847799d9932e6 -> 
  custom:scripting/monoscript/fileName/FriendListCell.cs: 8dfedb1e000853780b714ad0651f22a9 -> 
  custom:scripting/monoscript/fileName/PhotonTeamsManager.cs: ed14ceec94e7d1247f794ca4f7f3aa2e -> 
  custom:scripting/monoscript/fileName/ChatOperationCode.cs: dac444e0d5bbc5c837c33663c8b2cefb -> 
  custom:AudioImporter_EditorPlatform: d09bf68614088b80899f8185d706f6e7 -> 
  custom:scripting/monoscript/fileName/ChatEventCode.cs: 764a52cdc3a575d4587f1a0939ee2b6d -> 
  custom:scripting/monoscript/fileName/PhotonTransformViewEditor.cs: d59344a8429d1e1c91f78e42f728790a -> 
  custom:scripting/monoscript/fileName/DocLinkButton.cs: 551275f4066ad419ab79864501010643 -> 
  custom:scripting/monoscript/fileName/Room.cs: f509531380bf8f44be3c84421df8f27b -> 
  custom:scripting/monoscript/fileName/AsteroidsGame.cs: 39019f3fa92643372bcb4670a7434593 -> 
  custom:scripting/monoscript/fileName/LoaderAnime.cs: 95ab941fc8d4427c4fa6c07cf9af1057 -> 
  custom:scripting/monoscript/fileName/ButtonInsideScrollList.cs: 663db374c5f487d95198d2dce6dd1ce7 -> 
  custom:scripting/monoscript/fileName/ReorderableListResources.cs: a21396365aa80586d6fe0c3f093e8e8a -> 12f8cf94345b17bd1a3aef7c3b5bd157
  custom:scripting/monoscript/fileName/SendRateField.cs: 5786bd6806651c5e23c7d4a511e3dfaa -> 
  custom:scripting/monoscript/fileName/PhotonTeamsManagerInspector.cs: 55bea48a55e757c56d53ded3ae32c48e -> 
  custom:audio-decoder-ogg-vorbis: bf7c407c2cedff20999df2af8eb42d56 -> 
  custom:scripting/monoscript/fileName/UserIdUiForm.cs: 0a1836b26b3227dc4bf5c907f6dcc697 -> 
  custom:scripting/monoscript/fileName/ChatAppSettings.cs: db433ce9dc535a56c6c28a3183328622 -> 
  custom:scripting/monoscript/fileName/NetworkSceneManagerDefault.cs: 871a1346f3625e42e5be83f620052e51 -> 
  custom:scripting/monoscript/fileName/PropertyListenerBase.cs: f9338b1da94c09d1d4dc5b01f854e0e3 -> 
  custom:scripting/monoscript/fileName/FriendItem.cs: 7041a5cee458fd755b4167724bf865d2 -> 
  custom:scripting/monoscript/fileName/ChannelSelector.cs: 787aa32b539868663942ded37c6d24ef -> 
  custom:scripting/monoscript/fileName/RegionHandler.cs: 6de377e0adf86218af15234cc2039610 -> 
  custom:scripting/monoscript/fileName/ChatAppIdCheckerUI.cs: 1bb8fafd3e2c10dfddf187c423c0f4b8 -> 
  custom:scripting/monoscript/fileName/CullArea.cs: 75f7e0f84478d7778555f1e1e66d50b7 -> 
  custom:scripting/monoscript/fileName/CountOfPlayersOnMasterProperty.cs: aa74237d4beb81bd33ceee77917bae47 -> 
  custom:scripting/monoscript/fileName/GameManager.cs: 56bc6cc643bcbf5a5a0d63cbd09e7487 -> 9933fbcc6190e2a9171c2ec8808a053e
  custom:scripting/monoscript/fileName/CurrentRoomAutoCleanupProperty.cs: a92fec09d98c752e495341af83135d64 -> 
  custom:scripting/monoscript/fileName/ChatPeer.cs: ab4cb6a09b2bd7026434274768d75701 -> 
  custom:scripting/monoscript/fileName/DemoHubManager.cs: 0dd9c19f14946313f8d78bca90723987 -> 
  custom:scripting/monoscript/fileName/CreateRoomUiForm.cs: bf1ce360a976c4439345f8064d17d3ad -> 
  custom:scripting/monoscript/fileName/NamePickGui.cs: 2c5392a37dc177dc65a116f98af1080e -> 
  custom:scripting/monoscript/fileName/TabViewManager.cs: a7d06552ed611c43e44fb3fef2b558f5 -> 
  custom:scripting/monoscript/fileName/PlayerUI.cs: 4d64fa5e9e8828968d6cc191a132718d -> 
  custom:scripting/monoscript/fileName/EnableOnSingleRunner.cs: 9976ce768e23cc0678b095d30598d8cd -> 
  custom:scripting/monoscript/fileName/PunCockpit.cs: 534cb157a89724d3ca07a36bb2005880 -> 
  custom:scripting/monoscript/fileName/RoomListCell.cs: 8d1543bdc9816b8a578d6cd2eebe48be -> 
  custom:scripting/monoscript/fileName/CurrentRoomNameProperty.cs: 72010acf97fe1f3e9ff0b8c322c93e83 -> 
  custom:scripting/monoscript/fileName/NetworkObjectProviderDefault.cs: 0eb113b3784be4de9cc2f3cdcdf5e36c -> 
  custom:scripting/monoscript/fileName/PunPlayerScores.cs: eee61e21995464ded106b44bf2f6edd4 -> 
  custom:scripting/monoscript/fileName/PunTeamsInspector.cs: 4df913dbc11ac67364301ce3915ea909 -> 
  custom:scripting/monoscript/fileName/Extensions.cs: 3f8618856b92f72822431fd67127e289 -> 
  custom:scripting/monoscript/fileName/AutoSyncSceneToggle.cs: f5a0c8cb6428054959052eda2623401a -> 
  custom:scripting/monoscript/fileName/ToDemoHubButton.cs: 76a2afa2c645f73081ead15c9512dae8 -> 
  custom:scripting/monoscript/fileName/CountOfPlayersInRoomProperty.cs: 22a26994633102695250e14533d8bd88 -> 
  custom:scripting/monoscript/fileName/AppSettingsExtensions.cs: 7eb3b190282e171c2845b1d8ee71ed5c -> 
  custom:scripting/monoscript/fileName/Region.cs: a0331a07d2a132f6cd24585218741838 -> 
  custom:scripting/monoscript/fileName/Bezier.cs: b8534c761c3f32134ac0822189e167cc -> 
  custom:scripting/monoscript/fileName/PhotonEditor.cs: 9beee3a7ca2bc764b51880f31127a0ea -> 
  custom:scripting/monoscript/fileName/CountOfPlayersProperty.cs: 92593170cc4984fa211f8cfbd69ac9a3 -> 
  custom:scripting/monoscript/fileName/OnStartDelete.cs: ca7ff388213f651af9d8be5d8844a8f4 -> 
  custom:video-encoder-webm-vp8: eb34c28f22e8b96e1ab97ce403110664 -> 
  custom:scripting/monoscript/fileName/ChatClient.cs: d3eb880194f03abd869e259e1e9fd5f0 -> 
  custom:scripting/monoscript/fileName/PhotonRigidbody2DView.cs: cfabe07ff5658dc80bf23a32c3f3d3ea -> 
  custom:scripting/monoscript/fileName/RoomListView.cs: 2b7207d3ddc2539dd2b806ed485e033b -> 
  custom:scripting/monoscript/fileName/OfflineModeProperty.cs: 142619a08af07c654a2536f2386c9c6c -> 
  custom:container-demuxer-ogg: 62fdf1f143b41e24485cea50d1cbac27 -> 
  custom:scripting/monoscript/fileName/Noise.cs: dc35aa19dae9f4b9d9d351205aaba1c6 -> 
  custom:scripting/monoscript/fileName/GameVersionProperty.cs: 212cdb5858947bda9a55c4e8f58ef2c6 -> 
  custom:framework-win-MediaFoundation: 216162199b28c13a410421893ffa2e32 -> 
  custom:scripting/monoscript/fileName/ConnectAndJoinRandom.cs: 00d6f17fa442bd592f9dfb4622a40a5d -> 
  custom:scripting/monoscript/fileName/PhotonTransformView.cs: ea668b9d3ca2e512312f4d0840810b14 -> 
  custom:scripting/monoscript/fileName/FusionBootstrap.cs: ce6761b6f61ee75dccdb3d85fc55a691 -> 
  custom:scripting/monoscript/fileName/RoomListEntry.cs: c7ba9dd428a6b8b410fe51075bfba1e1 -> 
  custom:scripting/monoscript/fileName/CurrentRoomMasterClientIdProperty.cs: 8a7f2b18c7369cf86e69820d5f0602fe -> 
  custom:scripting/monoscript/fileName/PunTeams.cs: 97cdf6951e96c2643337cf5fb8f69c0b -> 
  custom:scripting/monoscript/fileName/RegionListCell.cs: f6a1e00ce33d3dec4b7e2cfe425726c7 -> 
  custom:scripting/monoscript/fileName/PunSceneSettings.cs: 91ded15e638c075e189911af7f870d60 -> 
  custom:scripting/monoscript/fileName/ThirdPersonCharacter.cs: d37a384ef7557636dd0499ecb4e48640 -> 
  custom:scripting/monoscript/fileName/PlayerDetailsController.cs: 4a8b583bcd181f124e040cd407eab3b7 -> 
  custom:scripting/monoscript/fileName/PhotonRigidbody2DViewEditor.cs: 1bbd8586933ea3b91d286e3a03ef0b15 -> 
  custom:scripting/monoscript/fileName/Fusion.Unity.Editor.cs: b14e14e52edac49806a8f9d4187d9f4c -> 
  custom:scripting/monoscript/fileName/Fusion.Unity.cs: 2f52e767df9231dc9ad5c805bed98e70 -> 
  custom:scripting/monoscript/fileName/SlotLanes.cs: 97949fb7cbc49a87a0e9a949a270c39f -> 
  custom:scripting/monoscript/fileName/StatesGui.cs: 98e5143501c303d7d5973c718d302233 -> 
  custom:scripting/monoscript/fileName/SplineWalker.cs: 5be65352f0f07fbe7665dfb31e99644d -> 
  custom:scripting/monoscript/fileName/PingProperty.cs: 9f24d087d77c62d9ddcbab43ed4cd5fe -> 
  custom:scripting/monoscript/fileName/LoadLevelUIForm.cs: 6198023540609558b39b6b3a84524494 -> 
  custom:scripting/monoscript/fileName/MultiplayerManager.cs: 29415d0687c638629166b314004ee270 -> 
  custom:scripting/monoscript/fileName/BezierCurve.cs: 6855a37c0f6b23766e2a15354899a784 -> 
  custom:scripting/monoscript/fileName/Line.cs: 5e23c11e3450a3cc94ccc16c37b15685 -> 
  custom:scripting/monoscript/fileName/FusionStatsBillboard.cs: beff202fd2a83c3f993d781559426984 -> 
  custom:scripting/monoscript/fileName/SetRoomCustomPropertyUIForm.cs: 9f1b75809ed6e2f34b0b61446d287bd4 -> 
  custom:scripting/monoscript/fileName/RunnerAOIGizmos.cs: 8b1629a60417f80a3d501474e540ad3f -> 
  custom:scripting/monoscript/fileName/PointedAtGameObjectInfo.cs: 0f220a9d7e421f59db30fb04c90d6c0e -> 
  custom:scripting/monoscript/fileName/PhotonLagSimulationGui.cs: de60acfca25c9c245519382776ad2f82 -> 
  custom:scripting/monoscript/fileName/OnPointerOverTooltip.cs: b9abe1fce28033712ba423247874af86 -> 
  custom:scripting/monoscript/fileName/PhotonViewHandler.cs: 7c6c7799f7e9296388067c605d1dc27c -> 
  custom:scripting/monoscript/fileName/CullingHandler.cs: ff4506351c41ac4ce471635b6b12ceb3 -> 
  custom:scripting/monoscript/fileName/PlayerListView.cs: 60e6f2e41401ae176dea7b70bab3c390 -> 
  custom:scripting/monoscript/fileName/SplinePosition.cs: b39b2fa35faaacaf63f8929368e2e5de -> 
  custom:video-decoder-ogg-theora: a1e56fd34408186e4bbccfd4996cb3dc -> 
  custom:scripting/monoscript/fileName/PlayerNumbering.cs: ce6d1f08b3d2d23009596a69c08b221d -> 
  custom:scripting/monoscript/fileName/PunStartup.cs: 961ddc858b2c0426ca5019c7e78c4fbf -> 
  custom:scripting/monoscript/fileName/FusionStatsMeterBar.cs: d21101dd4c4710df60c667e63d577d83 -> 
  custom:scripting/monoscript/fileName/PhotonHandler.cs: 70e641dd7ce55eb351f633fc29fb5f7f -> 
  custom:scripting/monoscript/fileName/IntInputField.cs: 40c0ee81b04639c26264c222a1aaea0c -> 
  custom:scripting/monoscript/fileName/PhotonRigidbodyView.cs: f6b453c3dd57cf47fa35b8156daece9a -> 
  custom:scripting/monoscript/fileName/TextToggleIsOnTransition.cs: 326b9c727c304dd69fe51444f64a7721 -> 
  custom:scripting/monoscript/fileName/WorldGenerator.cs: dca0ae82b72e05480b823fc7043006c0 -> 
  custom:scripting/monoscript/fileName/LobbyTopPanel.cs: 830e03b228bff7a95bbb092a2d6b29d2 -> 
  custom:scripting/monoscript/fileName/PlayerOverviewPanel.cs: 515bb293728f907f134591646985b9ce -> 
  custom:scripting/monoscript/fileName/OnlineDocButton.cs: e8bceb35def1f2c21aeb107b10e7c020 -> 
  custom:scripting/monoscript/fileName/AsteroidsGameManager.cs: 12a51843b5b71df994a62f28231ff7ef -> 
  custom:scripting/monoscript/fileName/ServerSettings.cs: 8fa55e8857e3ebd201455fd70a9f157d -> 
  custom:scripting/monoscript/fileName/ServerSettingsInspector.cs: 95da0bc9ecca5735a6f497f524ce7e54 -> 
  custom:scripting/monoscript/fileName/AppVersionProperty.cs: a4b4daafa219f35ecce40e74ac804003 -> 
  custom:scripting/monoscript/fileName/ProceduralController.cs: 294ae00e975ca4fe85822d6f85fe658a -> 
  custom:scripting/monoscript/fileName/BackgroundTimeOutField.cs: 301f4bb8d6480b188021ecf99ba8be6c -> 
  custom:scripting/monoscript/fileName/UserIdField.cs: 889d45ebefa87613726b801d1e5e80c8 -> 
  custom:scripting/monoscript/fileName/GraphicToggleIsOnTransition.cs: 7e3768d2f1167a9a7dc7f801820c67a5 -> 
  custom:scripting/monoscript/fileName/ChatGui.cs: 83ccb577c346edd301c0a35e11693dfd -> 
  custom:scripting/monoscript/fileName/AccountService.cs: 80b748556379aab9364d8ef00499f1a9 -> 
  custom:scripting/monoscript/fileName/PhotonRigidbodyViewEditor.cs: ab7e34153fa9a3c646e0316fa6fc5600 -> 
  custom:scripting/monoscript/fileName/CrcCheckToggle.cs: a236d00910b93ad4ae792080fb07508e -> 
  custom:scripting/monoscript/fileName/FusionBootstrapDebugGUI.cs: 371b4228dd1f5808b5897e19c03d546a -> 
  custom:scripting/monoscript/fileName/Player.cs: b6aef835b43cb69bef999bd5136f7c21 -> 
  custom:scripting/monoscript/fileName/LoadbalancingPeer.cs: d9dd9ca955de7f0a553b219d39f29621 -> 
  custom:scripting/monoscript/fileName/FusionStatsObjectIds.cs: 43a79179a267263c08267aeebfb7eafd -> 
  custom:scripting/monoscript/fileName/PunCockpitEmbed.cs: 2240c92b97535c6672465e83f1e36036 -> 
  custom:scripting/monoscript/fileName/CurrentRoomIsOpenToggle.cs: 229c6038772c64902eb501df39020417 -> 
  custom:scripting/monoscript/fileName/PhotonStatsGui.cs: d8361e63c4cf02d1cc41570adb7e9d85 -> 
  custom:scripting/monoscript/fileName/PunSceneSettingsInspector.cs: da5c9fdcd684cd1c669e2f5c5f40d373 -> 
  custom:scripting/monoscript/fileName/CurrentRoomMaxPlayersProperty.cs: f8d2a9d7157be1b82e5db9695b63da90 -> 
  custom:scripting/monoscript/fileName/PhotonNetwork.cs: b0631ad5c9d567edbfc4fb2b742f00d0 -> 
  custom:scripting/monoscript/fileName/OnClickRpc.cs: a4c1c482691ed3f8764f3736c0d692ea -> 
  custom:scripting/monoscript/fileName/BezierSpline.cs: fdb9ccdef0d3985b914118aec7c411f2 -> 
  custom:scripting/monoscript/fileName/PhotonPing.cs: 3f140d1df899c474f22230f66cc59a41 -> 
  custom:scripting/monoscript/fileName/CurrentRoomIsVisibleToggle.cs: 47a99e70dc7fd5d059dfbf899c22bbdb -> 
  custom:scripting/monoscript/fileName/Fusion.CodeGen.cs: b9ff9c5a347ec7e6d58d9aa467d5ae96 -> 
  custom:scripting/monoscript/fileName/PhotonStreamQueue.cs: 5d5e55e8eb60f78e116626969ed0311e -> 
  custom:scripting/monoscript/fileName/WebRpcImplementationExample.cs: 7bff59c7defddf73a4ceae1090065bd1 -> 
  custom:container-muxer-webm: aa71ff27fc2769a1b78a27578f13a17b -> 
  custom:scripting/monoscript/fileName/InfosPanelPlaceholder.cs: fef54b122412d96995fae2ad440bb18b -> 
  custom:scripting/monoscript/fileName/NestedComponentUtilities.cs: 033fd91b849b48295ab920beaf62446d -> 
  custom:scripting/monoscript/fileName/PhotonEditorUtils.cs: 4456563b945cca498f5f71d9eb2059b9 -> 
  custom:scripting/monoscript/fileName/IPunCallbacks.cs: 81caf01d84a9fa08671565d87776010b -> 
  custom:scripting/monoscript/fileName/FriendInfo.cs: be836ba41ecfa4c9dca4b510bdfea5c8 -> 
  custom:scripting/monoscript/fileName/CountOfRoomsProperty.cs: c0688910145f665105cec6c6eaf4f03c -> 
  custom:scripting/monoscript/fileName/ServerProperty.cs: d53bc3d40dee4679a13aa7a9ff58706e -> 
  custom:scripting/monoscript/fileName/Bullet.cs: 77c411c50d821352e611a16c30f40226 -> 
  custom:scripting/monoscript/fileName/OnClickDestroy.cs: 84deb4bc685f090f86133752922a945d -> 
  custom:scripting/monoscript/fileName/PhotonView.cs: b2662a18b33c427e0ec2e5ab1a56c2b5 -> 
  custom:scripting/monoscript/fileName/LoadBalancingClient.cs: 632813597f9db7bc895b13321ba1b05b -> 
  custom:scripting/monoscript/fileName/PhotonTransformViewClassic.cs: b13582f7122692c3dc0b0b58565603b7 -> 
  custom:scripting/monoscript/fileName/CameraWork.cs: 7182be285ca897b882f7b04a97b5001a -> 
  custom:scripting/monoscript/fileName/GameVersionField.cs: e1aaf98c257ad1044f09a430176c1d25 -> 
  custom:scripting/monoscript/fileName/CurrentRoomPlayerCountProperty.cs: 2e3a71196f608331c351de9edf7166b4 -> 
  custom:video-codec-MediaFoundation-h265: 746d11721c4dcdbdad8f713fa42b33f4 -> 
  custom:scripting/monoscript/fileName/PhotonAnimatorView.cs: d7e478a730cbe0e6a3a4e1f87600646a -> 
  custom:scripting/monoscript/fileName/CloudRegionProperty.cs: a98a80d4740fc4627fa07cd0d1b937f1 -> 
  custom:scripting/monoscript/fileName/PhotonGUI.cs: a5571c3104cbd100c9135419869f9e73 -> 
  custom:scripting/monoscript/fileName/CurrentRoomPlayerTtlProperty.cs: 5737d382a26e8898e597b19ab06904c5 -> 
  custom:CustomObjectIndexerAttribute: 756ad292c208cfabdd7b50bc23989ffe -> 
  custom:container-demuxer-webm: 4f35f7cbe854078d1ac9338744f61a02 -> 
  custom:scripting/monoscript/fileName/Cluster.cs: 5ff22076c2cc06a01d1cc1c38d08f712 -> 
  custom:scripting/monoscript/fileName/BestRegionInPrefsProperty.cs: f81195994c87654890233836f627cd69 -> 
  custom:scripting/monoscript/fileName/RunnerVisibilityLink.cs: 6e4a2325960fce24f58edb6ee6b338d8 -> 
  custom:scripting/monoscript/fileName/Spaceship.cs: 77d86dcddcb47a6cc18163eb292fa20b -> 
  custom:scripting/monoscript/fileName/CullAreaEditor.cs: ac85e81dd9fb835b90f15d14c78d253a -> 
  custom:scripting/monoscript/fileName/LobbyMainPanel.cs: bee85956556c66d6096a3300e7923c77 -> 
  custom:scripting/monoscript/fileName/ChatParameterCode.cs: a0fd6a090c21b2fc7ca69a867e9c27c2 -> 
  custom:scripting/monoscript/fileName/LayoutElementMatchSize.cs: 325cd6d9cb44d01cc8cfa43a5413de8f -> 
  custom:scripting/monoscript/fileName/TextButtonTransition.cs: 72f2c4484a6dc921aacef6b387422aa7 -> 
  custom:scripting/monoscript/fileName/SupportLogger.cs: 6226925e792eee84b718aee3baaa82a7 -> 
  custom:scripting/monoscript/fileName/Asteroid.cs: 8382d1ead570177214081c1ec12affef -> 
  custom:scripting/monoscript/fileName/CurrentRoomExpectedUsersProperty.cs: 15c7823a1b55465c741092cad452b5e4 -> 
  custom:scripting/monoscript/fileName/BoolInputField.cs: 96b6c600bd0428819f492c767ecf8b5b -> 
========================================================================
Received Prepare
Begin MonoManager ReloadAssembly
C:\build\output\Unity-Technologies\mono\mono\metadata\icall.c:1842:
C:\build\output\Unity-Technologies\mono\mono\metadata\icall.c:1842:
C:\build\output\Unity-Technologies\mono\mono\metadata\icall.c:1842:
C:\build\output\Unity-Technologies\mono\mono\metadata\icall.c:1842:
C:\build\output\Unity-Technologies\mono\mono\metadata\icall.c:1842:
C:\build\output\Unity-Technologies\mono\mono\metadata\icall.c:1842:
C:\build\output\Unity-Technologies\mono\mono\metadata\icall.c:1842:
C:\build\output\Unity-Technologies\mono\mono\metadata\icall.c:1842:
C:\build\output\Unity-Technologies\mono\mono\metadata\icall.c:1842:
C:\build\output\Unity-Technologies\mono\mono\metadata\icall.c:1842:
C:\build\output\Unity-Technologies\mono\mono\metadata\icall.c:1842:
C:\build\output\Unity-Technologies\mono\mono\metadata\icall.c:1842:
Symbol file LoadedFromMemory doesn't match image C:\Users\tudor\OneDrive\Imagini\Documente\GitHub\Anarchy chess\Library\PackageCache\com.unity.visualscripting@1.8.0\Editor\VisualScripting.Core\Dependencies\YamlDotNet\Unity.VisualScripting.YamlDotNet.dll
Symbol file LoadedFromMemory doesn't match image C:\Users\tudor\OneDrive\Imagini\Documente\GitHub\Anarchy chess\Library\PackageCache\com.unity.visualscripting@1.8.0\Editor\VisualScripting.Core\Dependencies\DotNetZip\Unity.VisualScripting.IonicZip.dll
- Loaded All Assemblies, in  0.596 seconds
Refreshing native plugins compatible for Editor in 3.44 ms, found 4 plugins.
Native extension for Android target not found
Native extension for WindowsStandalone target not found
Mono: successfully reloaded assembly
- Finished resetting the current domain, in  0.745 seconds
Domain Reload Profiling: 1338ms
	BeginReloadAssembly (154ms)
		ExecutionOrderSort (0ms)
		DisableScriptedObjects (10ms)
		BackupInstance (0ms)
		ReleaseScriptingObjects (0ms)
		CreateAndSetChildDomain (37ms)
	RebuildCommonClasses (26ms)
	RebuildNativeTypeToScriptingClass (9ms)
	initialDomainReloadingComplete (22ms)
	LoadAllAssembliesAndSetupDomain (381ms)
		LoadAssemblies (254ms)
		RebuildTransferFunctionScriptingTraits (0ms)
		AnalyzeDomain (202ms)
			TypeCache.Refresh (198ms)
				TypeCache.ScanAssembly (191ms)
			ScanForSourceGeneratedMonoScriptInfo (0ms)
			ResolveRequiredComponents (3ms)
	FinalizeReload (745ms)
		ReleaseScriptCaches (0ms)
		RebuildScriptCaches (0ms)
		SetupLoadedEditorAssemblies (328ms)
			LogAssemblyErrors (0ms)
			InitializePlatformSupportModulesInManaged (17ms)
			SetLoadedEditorAssemblies (2ms)
			BeforeProcessingInitializeOnLoad (65ms)
			ProcessInitializeOnLoadAttributes (214ms)
			ProcessInitializeOnLoadMethodAttributes (24ms)
			AfterProcessingInitializeOnLoad (6ms)
			EditorAssembliesLoaded (0ms)
		ExecutionOrderSort2 (0ms)
		AwakeInstancesAfterBackupRestoration (7ms)
Refreshing native plugins compatible for Editor in 3.80 ms, found 4 plugins.
Preloading 0 native plugins for Editor in 0.00 ms.
Unloading 4278 Unused Serialized files (Serialized files now loaded: 0)
Unloading 38 unused Assets / (37.4 KB). Loaded Objects now: 4864.
Memory consumption went from 163.6 MB to 163.5 MB.
Total: 3.445100 ms (FindLiveObjects: 0.208300 ms CreateObjectMapping: 0.122400 ms MarkObjects: 3.060200 ms  DeleteObjects: 0.052800 ms)

Prepare: number of updated asset objects reloaded= 0
AssetImportParameters requested are different than current active one (requested -> active):
  custom:scripting/monoscript/fileName/CountdownTimer.cs: 29151b8b1909dcb5f8770e606e1b626a -> 
  custom:scripting/monoscript/fileName/NickNameField.cs: 4566439151a528588c6e77fbea15ef25 -> 
  custom:scripting/monoscript/fileName/ConnectionHandler.cs: 33c1e29051dc60b1fb7e8675cafa9a54 -> 
  custom:scripting/monoscript/fileName/NetworkProjectConfigImporterEditor.cs: 0b9c7f8db96d38ff89dc9f2e19e80a40 -> 
  custom:scripting/monoscript/fileName/StringInputField.cs: 766f94c288e6bb2cfcd18d60914c0461 -> 
  custom:scripting/monoscript/fileName/PhotonTransformViewClassicEditor.cs: 174be401c238aa6e741f961399731929 -> 
  custom:scripting/monoscript/fileName/Fusion.CodeGen.User.cs: 7518413c31be8fc7fe79dd8f5b20fa0c -> 
  custom:scripting/monoscript/fileName/SmoothSyncMovement.cs: 31ee6a992a574c4e665f73e48482d3fc -> 
  custom:scripting/monoscript/fileName/PlayerListCell.cs: 76799f985e8a3951e5d132618c3350d8 -> 
  custom:scripting/monoscript/fileName/NetworkCharacterController.cs: 0d9ab4a1b508efe718225ceffebd8e54 -> 
  custom:scripting/monoscript/fileName/ConnectAndJoinRandomLb.cs: 9dd47be72f766f78cbbffce9f8575ef1 -> 
  custom:scripting/monoscript/fileName/RoomInfo.cs: 86776ad49e4deb535029b369c45e7f36 -> 
  custom:scripting/monoscript/fileName/ServerAddressProperty.cs: 284ddbe40a77584c9c8835a0d4d63859 -> 
  custom:video-decoder-webm-vp8: 9c59270c3fd7afecdb556c50c9e8de78 -> 
  custom:scripting/monoscript/fileName/SlotRacerSplashScreen.cs: 76e2c64393d61c31f26e20612278ec67 -> 
  custom:scripting/monoscript/fileName/ChannelCreationOptions.cs: 4231621e658bee43f79b42f64c894f83 -> 
  custom:scripting/monoscript/fileName/SystemConnectionSummary.cs: bf5673a8df4878a9885c94fd51dd3397 -> 
  custom:scripting/monoscript/fileName/RunnerLagCompensationGizmos.cs: f7028307a5d8b8de388a40efb20302af -> 
  custom:SearchIndexIgnoredProperties: e643bd26f0fe6173181afceb89e7c659 -> 
  custom:scripting/monoscript/fileName/DocLinks.cs: 22fc6e62d47c65fdd35bd32f57891e69 -> 
  custom:scripting/monoscript/fileName/FriendListView.cs: 04c66340ac95991cba62207cfc3f8015 -> 
  custom:scripting/monoscript/fileName/RunnerEnableVisibility.cs: e1b57f1bd6fcbd3137975404af4bcf85 -> 
  custom:scripting/monoscript/fileName/OnClickInstantiate.cs: 3929e8581c0458b4fa6c3ecec790414e -> 
  custom:scripting/monoscript/fileName/PlayerNumberingInspector.cs: e277bf463a09eaa6bcf2868a0f243e5c -> 
  custom:scripting/monoscript/fileName/NetworkProjectConfigImporter.cs: a2caae9d85fed596662aa6841efc1b3e -> 
  custom:scripting/monoscript/fileName/IChatClientListener.cs: e6ec1b8d09bf11f3791c0bd18ae45880 -> 
  custom:audio-encoder-webm-vorbis: bf7c407c2cedff20999df2af8eb42d56 -> 
  custom:scripting/monoscript/fileName/FusionEditorSkin.cs: c6dee1ba664a2a78ce51705f2322e50c -> 
  custom:scripting/monoscript/fileName/PunClasses.cs: d6a17dc119cdc0b4a5b92f4135a56268 -> 
  custom:scripting/monoscript/fileName/ScoreHelper.cs: 7e2091fcb90bdab85f4be0c18d586eba -> 
  custom:scripting/monoscript/fileName/FusionStatsGraph.cs: 7021e2a0a0c25bbb5696ad6d6108403d -> 
  custom:scripting/monoscript/fileName/IsConnectedAndReadyProperty.cs: af06b6e7ee3f25798787bf32cafcb247 -> 
  custom:scripting/monoscript/fileName/OnEscapeQuit.cs: be21f25ae17e13db5ee6619d0c4d06e1 -> 
  custom:scripting/monoscript/fileName/FusionRunnerVisibilityControlsWindow.cs: 503e55d51d5bac9ff9db7e3128ab6896 -> 
  custom:scripting/monoscript/fileName/OnJoinedInstantiate.cs: e6fcd481d2d6dd67f5b18fb26017d8ba -> 
  custom:scripting/monoscript/fileName/IgnoreUiRaycastWhenInactive.cs: 64ae0ba0567ac5043ee479695fe7bd2b -> 
  custom:scripting/monoscript/fileName/PlayerListEntry.cs: 3811c0a731ead3815771e470aaca8954 -> 
  custom:scripting/monoscript/fileName/ChatUserStatus.cs: 70a3ef1ac77c9464b5af9f3f7bba93e1 -> 
  custom:scripting/monoscript/fileName/CurrentRoomEmptyRoomTtlProperty.cs: ba459c40e550063227b6dbef6f2e12d7 -> 
  custom:scripting/monoscript/fileName/FusionAddressablePrefabsPreloader.cs: 609c7194fc18608a6ba4972670be253b -> 
  custom:scripting/monoscript/fileName/MonoBehaviourPunEditor.cs: a420633076e18e6ded9ee7ff41e5161d -> 
  custom:scripting/monoscript/fileName/IngameControlPanel.cs: e8e78297d18e08fd0d6ef99a75e376c2 -> 
  custom:scripting/monoscript/fileName/CustomTypes.cs: 32fb10f0e1ae6f1f4c5b8deb3c8e83c3 -> 
  custom:scripting/monoscript/fileName/PlayerManager.cs: 5b0494b39b9a262c0ad29b1931262023 -> 
  custom:scripting/monoscript/fileName/CurrentRoomIsOpenProperty.cs: 401af34d1219dc5c3b2d226ce3b12b08 -> 
  custom:scripting/monoscript/fileName/RegionListView.cs: d1509ce3c1dcf26ebb758f8eb59e1c54 -> 
  custom:scripting/monoscript/fileName/ConnectToRegionUIForm.cs: 662fbbb8f06b04129a615111e69dec89 -> 
  custom:scripting/monoscript/fileName/SendRateOnSerializeField.cs: 8559ed016d3004cf7fa75b6b51babcf0 -> 
  custom:scripting/monoscript/fileName/Block.cs: 4912a9664024ee7276656eb28373609a -> 
  custom:scripting/monoscript/fileName/RunnerVisibilityLinksRoot.cs: 64f229c02655e4ab1b3ad93c7368ccfe -> 
  custom:scripting/monoscript/fileName/WebRpc.cs: ee2bfdfdd166ac7a426061037e23ee8f -> 
  custom:scripting/monoscript/fileName/BezierSplineInspector.cs: 64d312faa4ce8272425b85e56f7f3f74 -> 
  custom:scripting/monoscript/fileName/IPhotonViewCallbacks.cs: 6b192d91218207b95c2b171719310343 -> 
  custom:scripting/monoscript/fileName/Launcher.cs: 6d0f0651107e8b978d50eb5d8ca63cd3 -> 
  custom:scripting/monoscript/fileName/PropertyCell.cs: caa15b0e3299de64e13d6f1d4cf295aa -> 
  custom:scripting/monoscript/fileName/PunTurnManager.cs: c24499e0acfb9782133d39c092b0366b -> 
  custom:scripting/monoscript/fileName/CurrentRoomIsVisibleProperty.cs: be95d33e9289a548289bfd3ab9507d59 -> 
  custom:scripting/monoscript/fileName/ChatChannel.cs: 052e931f7bf91536d9bda80d682b6368 -> 
  custom:scripting/monoscript/fileName/BezierCurveInspector.cs: cd033eb785ec71c240751fc164fcbff1 -> 
  custom:scripting/monoscript/fileName/AppSettings.cs: d20c247df910115cd4c5ae83482475ef -> 
  custom:scripting/monoscript/fileName/PhotonAnimatorViewEditor.cs: fd89a9c520118567d7b47e39070bcd39 -> 
  custom:scripting/monoscript/fileName/PhotonViewInspector.cs: da72c707197b3a14a9e4fc031131a7bc -> 
  custom:scripting/monoscript/fileName/CurrentRoomPropertiesListedInLobbyProperty.cs: c8880d240fca5295b2028661629631dc -> 
  custom:scripting/monoscript/fileName/ThirdPersonUserControl.cs: 1e36b4529ca7c2f8667ed6449c3722b9 -> 
  custom:scripting/monoscript/fileName/CurrentRoomIsOfflineProperty.cs: a3b570f54686008ce7d1ddf281dfdde2 -> 
  custom:scripting/monoscript/fileName/PlayerControl.cs: 6df8b26511518ec75eac4160d12ac3bc -> 
  custom:scripting/monoscript/fileName/LineInspector.cs: b46fbdbe979ee95575b26620e8af2791 -> 
  custom:scripting/monoscript/fileName/PhotonNetworkPart.cs: 28ef43a4727cd01eb0456d4c51a096be -> 
  custom:scripting/monoscript/fileName/CustomTypesUnity.cs: 013c37589fb09e7f77b2d495dfa13043 -> 
  custom:scripting/monoscript/fileName/ChannelWellKnownProperties.cs: 7e2dabda8907dc60fb63ae9c28cb0b10 -> 
  custom:scripting/monoscript/fileName/ToggleExpand.cs: 8df2d7619ad2c56cf93b2f0cedc9c9a4 -> 
  custom:scripting/monoscript/fileName/EventSystemSpawner.cs: c525f40330ddc66d7e7f5297346da241 -> 
  custom:scripting/monoscript/fileName/PlayerNameInputField.cs: 27839abf4289ab34aa2cc2967033966d -> 
  custom:scripting/monoscript/fileName/IsConnectedProperty.cs: 981ecf71603e1baa6ce21b0fd1acc020 -> 
  custom:scripting/monoscript/fileName/PlayerAnimatorManager.cs: a7d34eb870b3ee44c83d5db31316a095 -> 
  custom:scripting/monoscript/fileName/MoveByKeys.cs: 0be06a6581575752c58847799d9932e6 -> 
  custom:scripting/monoscript/fileName/FriendListCell.cs: 8dfedb1e000853780b714ad0651f22a9 -> 
  custom:scripting/monoscript/fileName/PhotonTeamsManager.cs: ed14ceec94e7d1247f794ca4f7f3aa2e -> 
  custom:scripting/monoscript/fileName/ChatOperationCode.cs: dac444e0d5bbc5c837c33663c8b2cefb -> 
  custom:AudioImporter_EditorPlatform: d09bf68614088b80899f8185d706f6e7 -> 
  custom:scripting/monoscript/fileName/ChatEventCode.cs: 764a52cdc3a575d4587f1a0939ee2b6d -> 
  custom:scripting/monoscript/fileName/PhotonTransformViewEditor.cs: d59344a8429d1e1c91f78e42f728790a -> 
  custom:scripting/monoscript/fileName/DocLinkButton.cs: 551275f4066ad419ab79864501010643 -> 
  custom:scripting/monoscript/fileName/Room.cs: f509531380bf8f44be3c84421df8f27b -> 
  custom:scripting/monoscript/fileName/AsteroidsGame.cs: 39019f3fa92643372bcb4670a7434593 -> 
  custom:scripting/monoscript/fileName/LoaderAnime.cs: 95ab941fc8d4427c4fa6c07cf9af1057 -> 
  custom:scripting/monoscript/fileName/ButtonInsideScrollList.cs: 663db374c5f487d95198d2dce6dd1ce7 -> 
  custom:scripting/monoscript/fileName/ReorderableListResources.cs: a21396365aa80586d6fe0c3f093e8e8a -> 12f8cf94345b17bd1a3aef7c3b5bd157
  custom:scripting/monoscript/fileName/SendRateField.cs: 5786bd6806651c5e23c7d4a511e3dfaa -> 
  custom:scripting/monoscript/fileName/PhotonTeamsManagerInspector.cs: 55bea48a55e757c56d53ded3ae32c48e -> 
  custom:audio-decoder-ogg-vorbis: bf7c407c2cedff20999df2af8eb42d56 -> 
  custom:scripting/monoscript/fileName/UserIdUiForm.cs: 0a1836b26b3227dc4bf5c907f6dcc697 -> 
  custom:scripting/monoscript/fileName/ChatAppSettings.cs: db433ce9dc535a56c6c28a3183328622 -> 
  custom:scripting/monoscript/fileName/NetworkSceneManagerDefault.cs: 871a1346f3625e42e5be83f620052e51 -> 
  custom:scripting/monoscript/fileName/PropertyListenerBase.cs: f9338b1da94c09d1d4dc5b01f854e0e3 -> 
  custom:scripting/monoscript/fileName/FriendItem.cs: 7041a5cee458fd755b4167724bf865d2 -> 
  custom:scripting/monoscript/fileName/ChannelSelector.cs: 787aa32b539868663942ded37c6d24ef -> 
  custom:scripting/monoscript/fileName/RegionHandler.cs: 6de377e0adf86218af15234cc2039610 -> 
  custom:scripting/monoscript/fileName/ChatAppIdCheckerUI.cs: 1bb8fafd3e2c10dfddf187c423c0f4b8 -> 
  custom:scripting/monoscript/fileName/CullArea.cs: 75f7e0f84478d7778555f1e1e66d50b7 -> 
  custom:scripting/monoscript/fileName/CountOfPlayersOnMasterProperty.cs: aa74237d4beb81bd33ceee77917bae47 -> 
  custom:scripting/monoscript/fileName/GameManager.cs: 56bc6cc643bcbf5a5a0d63cbd09e7487 -> 9933fbcc6190e2a9171c2ec8808a053e
  custom:scripting/monoscript/fileName/CurrentRoomAutoCleanupProperty.cs: a92fec09d98c752e495341af83135d64 -> 
  custom:scripting/monoscript/fileName/ChatPeer.cs: ab4cb6a09b2bd7026434274768d75701 -> 
  custom:scripting/monoscript/fileName/DemoHubManager.cs: 0dd9c19f14946313f8d78bca90723987 -> 
  custom:scripting/monoscript/fileName/CreateRoomUiForm.cs: bf1ce360a976c4439345f8064d17d3ad -> 
  custom:scripting/monoscript/fileName/NamePickGui.cs: 2c5392a37dc177dc65a116f98af1080e -> 
  custom:scripting/monoscript/fileName/TabViewManager.cs: a7d06552ed611c43e44fb3fef2b558f5 -> 
  custom:scripting/monoscript/fileName/PlayerUI.cs: 4d64fa5e9e8828968d6cc191a132718d -> 
  custom:scripting/monoscript/fileName/EnableOnSingleRunner.cs: 9976ce768e23cc0678b095d30598d8cd -> 
  custom:scripting/monoscript/fileName/PunCockpit.cs: 534cb157a89724d3ca07a36bb2005880 -> 
  custom:scripting/monoscript/fileName/RoomListCell.cs: 8d1543bdc9816b8a578d6cd2eebe48be -> 
  custom:scripting/monoscript/fileName/CurrentRoomNameProperty.cs: 72010acf97fe1f3e9ff0b8c322c93e83 -> 
  custom:scripting/monoscript/fileName/NetworkObjectProviderDefault.cs: 0eb113b3784be4de9cc2f3cdcdf5e36c -> 
  custom:scripting/monoscript/fileName/PunPlayerScores.cs: eee61e21995464ded106b44bf2f6edd4 -> 
  custom:scripting/monoscript/fileName/PunTeamsInspector.cs: 4df913dbc11ac67364301ce3915ea909 -> 
  custom:scripting/monoscript/fileName/Extensions.cs: 3f8618856b92f72822431fd67127e289 -> 
  custom:scripting/monoscript/fileName/AutoSyncSceneToggle.cs: f5a0c8cb6428054959052eda2623401a -> 
  custom:scripting/monoscript/fileName/ToDemoHubButton.cs: 76a2afa2c645f73081ead15c9512dae8 -> 
  custom:scripting/monoscript/fileName/CountOfPlayersInRoomProperty.cs: 22a26994633102695250e14533d8bd88 -> 
  custom:scripting/monoscript/fileName/AppSettingsExtensions.cs: 7eb3b190282e171c2845b1d8ee71ed5c -> 
  custom:scripting/monoscript/fileName/Region.cs: a0331a07d2a132f6cd24585218741838 -> 
  custom:scripting/monoscript/fileName/Bezier.cs: b8534c761c3f32134ac0822189e167cc -> 
  custom:scripting/monoscript/fileName/PhotonEditor.cs: 9beee3a7ca2bc764b51880f31127a0ea -> 
  custom:scripting/monoscript/fileName/CountOfPlayersProperty.cs: 92593170cc4984fa211f8cfbd69ac9a3 -> 
  custom:scripting/monoscript/fileName/OnStartDelete.cs: ca7ff388213f651af9d8be5d8844a8f4 -> 
  custom:video-encoder-webm-vp8: eb34c28f22e8b96e1ab97ce403110664 -> 
  custom:scripting/monoscript/fileName/ChatClient.cs: d3eb880194f03abd869e259e1e9fd5f0 -> 
  custom:scripting/monoscript/fileName/PhotonRigidbody2DView.cs: cfabe07ff5658dc80bf23a32c3f3d3ea -> 
  custom:scripting/monoscript/fileName/RoomListView.cs: 2b7207d3ddc2539dd2b806ed485e033b -> 
  custom:scripting/monoscript/fileName/OfflineModeProperty.cs: 142619a08af07c654a2536f2386c9c6c -> 
  custom:container-demuxer-ogg: 62fdf1f143b41e24485cea50d1cbac27 -> 
  custom:scripting/monoscript/fileName/Noise.cs: dc35aa19dae9f4b9d9d351205aaba1c6 -> 
  custom:scripting/monoscript/fileName/GameVersionProperty.cs: 212cdb5858947bda9a55c4e8f58ef2c6 -> 
  custom:framework-win-MediaFoundation: 216162199b28c13a410421893ffa2e32 -> 
  custom:scripting/monoscript/fileName/ConnectAndJoinRandom.cs: 00d6f17fa442bd592f9dfb4622a40a5d -> 
  custom:scripting/monoscript/fileName/PhotonTransformView.cs: ea668b9d3ca2e512312f4d0840810b14 -> 
  custom:scripting/monoscript/fileName/FusionBootstrap.cs: ce6761b6f61ee75dccdb3d85fc55a691 -> 
  custom:scripting/monoscript/fileName/RoomListEntry.cs: c7ba9dd428a6b8b410fe51075bfba1e1 -> 
  custom:scripting/monoscript/fileName/CurrentRoomMasterClientIdProperty.cs: 8a7f2b18c7369cf86e69820d5f0602fe -> 
  custom:scripting/monoscript/fileName/PunTeams.cs: 97cdf6951e96c2643337cf5fb8f69c0b -> 
  custom:scripting/monoscript/fileName/RegionListCell.cs: f6a1e00ce33d3dec4b7e2cfe425726c7 -> 
  custom:scripting/monoscript/fileName/PunSceneSettings.cs: 91ded15e638c075e189911af7f870d60 -> 
  custom:scripting/monoscript/fileName/ThirdPersonCharacter.cs: d37a384ef7557636dd0499ecb4e48640 -> 
  custom:scripting/monoscript/fileName/PlayerDetailsController.cs: 4a8b583bcd181f124e040cd407eab3b7 -> 
  custom:scripting/monoscript/fileName/PhotonRigidbody2DViewEditor.cs: 1bbd8586933ea3b91d286e3a03ef0b15 -> 
  custom:scripting/monoscript/fileName/Fusion.Unity.Editor.cs: b14e14e52edac49806a8f9d4187d9f4c -> 
  custom:scripting/monoscript/fileName/Fusion.Unity.cs: 2f52e767df9231dc9ad5c805bed98e70 -> 
  custom:scripting/monoscript/fileName/SlotLanes.cs: 97949fb7cbc49a87a0e9a949a270c39f -> 
  custom:scripting/monoscript/fileName/StatesGui.cs: 98e5143501c303d7d5973c718d302233 -> 
  custom:scripting/monoscript/fileName/SplineWalker.cs: 5be65352f0f07fbe7665dfb31e99644d -> 
  custom:scripting/monoscript/fileName/PingProperty.cs: 9f24d087d77c62d9ddcbab43ed4cd5fe -> 
  custom:scripting/monoscript/fileName/LoadLevelUIForm.cs: 6198023540609558b39b6b3a84524494 -> 
  custom:scripting/monoscript/fileName/MultiplayerManager.cs: 29415d0687c638629166b314004ee270 -> 
  custom:scripting/monoscript/fileName/BezierCurve.cs: 6855a37c0f6b23766e2a15354899a784 -> 
  custom:scripting/monoscript/fileName/Line.cs: 5e23c11e3450a3cc94ccc16c37b15685 -> 
  custom:scripting/monoscript/fileName/FusionStatsBillboard.cs: beff202fd2a83c3f993d781559426984 -> 
  custom:scripting/monoscript/fileName/SetRoomCustomPropertyUIForm.cs: 9f1b75809ed6e2f34b0b61446d287bd4 -> 
  custom:scripting/monoscript/fileName/RunnerAOIGizmos.cs: 8b1629a60417f80a3d501474e540ad3f -> 
  custom:scripting/monoscript/fileName/PointedAtGameObjectInfo.cs: 0f220a9d7e421f59db30fb04c90d6c0e -> 
  custom:scripting/monoscript/fileName/PhotonLagSimulationGui.cs: de60acfca25c9c245519382776ad2f82 -> 
  custom:scripting/monoscript/fileName/OnPointerOverTooltip.cs: b9abe1fce28033712ba423247874af86 -> 
  custom:scripting/monoscript/fileName/PhotonViewHandler.cs: 7c6c7799f7e9296388067c605d1dc27c -> 
  custom:scripting/monoscript/fileName/CullingHandler.cs: ff4506351c41ac4ce471635b6b12ceb3 -> 
  custom:scripting/monoscript/fileName/PlayerListView.cs: 60e6f2e41401ae176dea7b70bab3c390 -> 
  custom:scripting/monoscript/fileName/SplinePosition.cs: b39b2fa35faaacaf63f8929368e2e5de -> 
  custom:video-decoder-ogg-theora: a1e56fd34408186e4bbccfd4996cb3dc -> 
  custom:scripting/monoscript/fileName/PlayerNumbering.cs: ce6d1f08b3d2d23009596a69c08b221d -> 
  custom:scripting/monoscript/fileName/PunStartup.cs: 961ddc858b2c0426ca5019c7e78c4fbf -> 
  custom:scripting/monoscript/fileName/FusionStatsMeterBar.cs: d21101dd4c4710df60c667e63d577d83 -> 
  custom:scripting/monoscript/fileName/PhotonHandler.cs: 70e641dd7ce55eb351f633fc29fb5f7f -> 
  custom:scripting/monoscript/fileName/IntInputField.cs: 40c0ee81b04639c26264c222a1aaea0c -> 
  custom:scripting/monoscript/fileName/PhotonRigidbodyView.cs: f6b453c3dd57cf47fa35b8156daece9a -> 
  custom:scripting/monoscript/fileName/TextToggleIsOnTransition.cs: 326b9c727c304dd69fe51444f64a7721 -> 
  custom:scripting/monoscript/fileName/WorldGenerator.cs: dca0ae82b72e05480b823fc7043006c0 -> 
  custom:scripting/monoscript/fileName/LobbyTopPanel.cs: 830e03b228bff7a95bbb092a2d6b29d2 -> 
  custom:scripting/monoscript/fileName/PlayerOverviewPanel.cs: 515bb293728f907f134591646985b9ce -> 
  custom:scripting/monoscript/fileName/OnlineDocButton.cs: e8bceb35def1f2c21aeb107b10e7c020 -> 
  custom:scripting/monoscript/fileName/AsteroidsGameManager.cs: 12a51843b5b71df994a62f28231ff7ef -> 
  custom:scripting/monoscript/fileName/ServerSettings.cs: 8fa55e8857e3ebd201455fd70a9f157d -> 
  custom:scripting/monoscript/fileName/ServerSettingsInspector.cs: 95da0bc9ecca5735a6f497f524ce7e54 -> 
  custom:scripting/monoscript/fileName/AppVersionProperty.cs: a4b4daafa219f35ecce40e74ac804003 -> 
  custom:scripting/monoscript/fileName/ProceduralController.cs: 294ae00e975ca4fe85822d6f85fe658a -> 
  custom:scripting/monoscript/fileName/BackgroundTimeOutField.cs: 301f4bb8d6480b188021ecf99ba8be6c -> 
  custom:scripting/monoscript/fileName/UserIdField.cs: 889d45ebefa87613726b801d1e5e80c8 -> 
  custom:scripting/monoscript/fileName/GraphicToggleIsOnTransition.cs: 7e3768d2f1167a9a7dc7f801820c67a5 -> 
  custom:scripting/monoscript/fileName/ChatGui.cs: 83ccb577c346edd301c0a35e11693dfd -> 
  custom:scripting/monoscript/fileName/AccountService.cs: 80b748556379aab9364d8ef00499f1a9 -> 
  custom:scripting/monoscript/fileName/PhotonRigidbodyViewEditor.cs: ab7e34153fa9a3c646e0316fa6fc5600 -> 
  custom:scripting/monoscript/fileName/CrcCheckToggle.cs: a236d00910b93ad4ae792080fb07508e -> 
  custom:scripting/monoscript/fileName/FusionBootstrapDebugGUI.cs: 371b4228dd1f5808b5897e19c03d546a -> 
  custom:scripting/monoscript/fileName/Player.cs: b6aef835b43cb69bef999bd5136f7c21 -> 
  custom:scripting/monoscript/fileName/LoadbalancingPeer.cs: d9dd9ca955de7f0a553b219d39f29621 -> 
  custom:scripting/monoscript/fileName/FusionStatsObjectIds.cs: 43a79179a267263c08267aeebfb7eafd -> 
  custom:scripting/monoscript/fileName/PunCockpitEmbed.cs: 2240c92b97535c6672465e83f1e36036 -> 
  custom:scripting/monoscript/fileName/CurrentRoomIsOpenToggle.cs: 229c6038772c64902eb501df39020417 -> 
  custom:scripting/monoscript/fileName/PhotonStatsGui.cs: d8361e63c4cf02d1cc41570adb7e9d85 -> 
  custom:scripting/monoscript/fileName/PunSceneSettingsInspector.cs: da5c9fdcd684cd1c669e2f5c5f40d373 -> 
  custom:scripting/monoscript/fileName/CurrentRoomMaxPlayersProperty.cs: f8d2a9d7157be1b82e5db9695b63da90 -> 
  custom:scripting/monoscript/fileName/PhotonNetwork.cs: b0631ad5c9d567edbfc4fb2b742f00d0 -> 
  custom:scripting/monoscript/fileName/OnClickRpc.cs: a4c1c482691ed3f8764f3736c0d692ea -> 
  custom:scripting/monoscript/fileName/BezierSpline.cs: fdb9ccdef0d3985b914118aec7c411f2 -> 
  custom:scripting/monoscript/fileName/PhotonPing.cs: 3f140d1df899c474f22230f66cc59a41 -> 
  custom:scripting/monoscript/fileName/CurrentRoomIsVisibleToggle.cs: 47a99e70dc7fd5d059dfbf899c22bbdb -> 
  custom:scripting/monoscript/fileName/Fusion.CodeGen.cs: b9ff9c5a347ec7e6d58d9aa467d5ae96 -> 
  custom:scripting/monoscript/fileName/PhotonStreamQueue.cs: 5d5e55e8eb60f78e116626969ed0311e -> 
  custom:scripting/monoscript/fileName/WebRpcImplementationExample.cs: 7bff59c7defddf73a4ceae1090065bd1 -> 
  custom:container-muxer-webm: aa71ff27fc2769a1b78a27578f13a17b -> 
  custom:scripting/monoscript/fileName/InfosPanelPlaceholder.cs: fef54b122412d96995fae2ad440bb18b -> 
  custom:scripting/monoscript/fileName/NestedComponentUtilities.cs: 033fd91b849b48295ab920beaf62446d -> 
  custom:scripting/monoscript/fileName/PhotonEditorUtils.cs: 4456563b945cca498f5f71d9eb2059b9 -> 
  custom:scripting/monoscript/fileName/IPunCallbacks.cs: 81caf01d84a9fa08671565d87776010b -> 
  custom:scripting/monoscript/fileName/FriendInfo.cs: be836ba41ecfa4c9dca4b510bdfea5c8 -> 
  custom:scripting/monoscript/fileName/CountOfRoomsProperty.cs: c0688910145f665105cec6c6eaf4f03c -> 
  custom:scripting/monoscript/fileName/ServerProperty.cs: d53bc3d40dee4679a13aa7a9ff58706e -> 
  custom:scripting/monoscript/fileName/Bullet.cs: 77c411c50d821352e611a16c30f40226 -> 
  custom:scripting/monoscript/fileName/OnClickDestroy.cs: 84deb4bc685f090f86133752922a945d -> 
  custom:scripting/monoscript/fileName/PhotonView.cs: b2662a18b33c427e0ec2e5ab1a56c2b5 -> 
  custom:scripting/monoscript/fileName/LoadBalancingClient.cs: 632813597f9db7bc895b13321ba1b05b -> 
  custom:scripting/monoscript/fileName/PhotonTransformViewClassic.cs: b13582f7122692c3dc0b0b58565603b7 -> 
  custom:scripting/monoscript/fileName/CameraWork.cs: 7182be285ca897b882f7b04a97b5001a -> 
  custom:scripting/monoscript/fileName/GameVersionField.cs: e1aaf98c257ad1044f09a430176c1d25 -> 
  custom:scripting/monoscript/fileName/CurrentRoomPlayerCountProperty.cs: 2e3a71196f608331c351de9edf7166b4 -> 
  custom:video-codec-MediaFoundation-h265: 746d11721c4dcdbdad8f713fa42b33f4 -> 
  custom:scripting/monoscript/fileName/PhotonAnimatorView.cs: d7e478a730cbe0e6a3a4e1f87600646a -> 
  custom:scripting/monoscript/fileName/CloudRegionProperty.cs: a98a80d4740fc4627fa07cd0d1b937f1 -> 
  custom:scripting/monoscript/fileName/PhotonGUI.cs: a5571c3104cbd100c9135419869f9e73 -> 
  custom:scripting/monoscript/fileName/CurrentRoomPlayerTtlProperty.cs: 5737d382a26e8898e597b19ab06904c5 -> 
  custom:CustomObjectIndexerAttribute: 756ad292c208cfabdd7b50bc23989ffe -> 
  custom:container-demuxer-webm: 4f35f7cbe854078d1ac9338744f61a02 -> 
  custom:scripting/monoscript/fileName/Cluster.cs: 5ff22076c2cc06a01d1cc1c38d08f712 -> 
  custom:scripting/monoscript/fileName/BestRegionInPrefsProperty.cs: f81195994c87654890233836f627cd69 -> 
  custom:scripting/monoscript/fileName/RunnerVisibilityLink.cs: 6e4a2325960fce24f58edb6ee6b338d8 -> 
  custom:scripting/monoscript/fileName/Spaceship.cs: 77d86dcddcb47a6cc18163eb292fa20b -> 
  custom:scripting/monoscript/fileName/CullAreaEditor.cs: ac85e81dd9fb835b90f15d14c78d253a -> 
  custom:scripting/monoscript/fileName/LobbyMainPanel.cs: bee85956556c66d6096a3300e7923c77 -> 
  custom:scripting/monoscript/fileName/ChatParameterCode.cs: a0fd6a090c21b2fc7ca69a867e9c27c2 -> 
  custom:scripting/monoscript/fileName/LayoutElementMatchSize.cs: 325cd6d9cb44d01cc8cfa43a5413de8f -> 
  custom:scripting/monoscript/fileName/TextButtonTransition.cs: 72f2c4484a6dc921aacef6b387422aa7 -> 
  custom:scripting/monoscript/fileName/SupportLogger.cs: 6226925e792eee84b718aee3baaa82a7 -> 
  custom:scripting/monoscript/fileName/Asteroid.cs: 8382d1ead570177214081c1ec12affef -> 
  custom:scripting/monoscript/fileName/CurrentRoomExpectedUsersProperty.cs: 15c7823a1b55465c741092cad452b5e4 -> 
  custom:scripting/monoscript/fileName/BoolInputField.cs: 96b6c600bd0428819f492c767ecf8b5b -> 
========================================================================
Received Prepare
Begin MonoManager ReloadAssembly
C:\build\output\Unity-Technologies\mono\mono\metadata\icall.c:1842:
C:\build\output\Unity-Technologies\mono\mono\metadata\icall.c:1842:
C:\build\output\Unity-Technologies\mono\mono\metadata\icall.c:1842:
C:\build\output\Unity-Technologies\mono\mono\metadata\icall.c:1842:
C:\build\output\Unity-Technologies\mono\mono\metadata\icall.c:1842:
C:\build\output\Unity-Technologies\mono\mono\metadata\icall.c:1842:
C:\build\output\Unity-Technologies\mono\mono\metadata\icall.c:1842:
C:\build\output\Unity-Technologies\mono\mono\metadata\icall.c:1842:
C:\build\output\Unity-Technologies\mono\mono\metadata\icall.c:1842:
C:\build\output\Unity-Technologies\mono\mono\metadata\icall.c:1842:
C:\build\output\Unity-Technologies\mono\mono\metadata\icall.c:1842:
C:\build\output\Unity-Technologies\mono\mono\metadata\icall.c:1842:
Symbol file LoadedFromMemory doesn't match image C:\Users\tudor\OneDrive\Imagini\Documente\GitHub\Anarchy chess\Library\PackageCache\com.unity.visualscripting@1.8.0\Editor\VisualScripting.Core\Dependencies\YamlDotNet\Unity.VisualScripting.YamlDotNet.dll
Symbol file LoadedFromMemory doesn't match image C:\Users\tudor\OneDrive\Imagini\Documente\GitHub\Anarchy chess\Library\PackageCache\com.unity.visualscripting@1.8.0\Editor\VisualScripting.Core\Dependencies\DotNetZip\Unity.VisualScripting.IonicZip.dll
- Loaded All Assemblies, in  0.617 seconds
Refreshing native plugins compatible for Editor in 3.62 ms, found 4 plugins.
Native extension for Android target not found
Native extension for WindowsStandalone target not found
Mono: successfully reloaded assembly
- Finished resetting the current domain, in  0.732 seconds
Domain Reload Profiling: 1346ms
	BeginReloadAssembly (155ms)
		ExecutionOrderSort (0ms)
		DisableScriptedObjects (10ms)
		BackupInstance (0ms)
		ReleaseScriptingObjects (0ms)
		CreateAndSetChildDomain (38ms)
	RebuildCommonClasses (27ms)
	RebuildNativeTypeToScriptingClass (9ms)
	initialDomainReloadingComplete (23ms)
	LoadAllAssembliesAndSetupDomain (399ms)
		LoadAssemblies (266ms)
		RebuildTransferFunctionScriptingTraits (0ms)
		AnalyzeDomain (208ms)
			TypeCache.Refresh (202ms)
				TypeCache.ScanAssembly (195ms)
			ScanForSourceGeneratedMonoScriptInfo (2ms)
			ResolveRequiredComponents (3ms)
	FinalizeReload (733ms)
		ReleaseScriptCaches (0ms)
		RebuildScriptCaches (0ms)
		SetupLoadedEditorAssemblies (323ms)
			LogAssemblyErrors (0ms)
			InitializePlatformSupportModulesInManaged (19ms)
			SetLoadedEditorAssemblies (2ms)
			BeforeProcessingInitializeOnLoad (62ms)
			ProcessInitializeOnLoadAttributes (213ms)
			ProcessInitializeOnLoadMethodAttributes (23ms)
			AfterProcessingInitializeOnLoad (4ms)
			EditorAssembliesLoaded (0ms)
		ExecutionOrderSort2 (0ms)
		AwakeInstancesAfterBackupRestoration (6ms)
Refreshing native plugins compatible for Editor in 3.66 ms, found 4 plugins.
Preloading 0 native plugins for Editor in 0.00 ms.
Unloading 4278 Unused Serialized files (Serialized files now loaded: 0)
Unloading 38 unused Assets / (37.5 KB). Loaded Objects now: 4867.
Memory consumption went from 165.5 MB to 165.4 MB.
Total: 3.296000 ms (FindLiveObjects: 0.206700 ms CreateObjectMapping: 0.109800 ms MarkObjects: 2.923800 ms  DeleteObjects: 0.054200 ms)

Prepare: number of updated asset objects reloaded= 0
AssetImportParameters requested are different than current active one (requested -> active):
  custom:scripting/monoscript/fileName/CountdownTimer.cs: 29151b8b1909dcb5f8770e606e1b626a -> 
  custom:scripting/monoscript/fileName/NickNameField.cs: 4566439151a528588c6e77fbea15ef25 -> 
  custom:scripting/monoscript/fileName/ConnectionHandler.cs: 33c1e29051dc60b1fb7e8675cafa9a54 -> 
  custom:scripting/monoscript/fileName/NetworkProjectConfigImporterEditor.cs: 0b9c7f8db96d38ff89dc9f2e19e80a40 -> 
  custom:scripting/monoscript/fileName/StringInputField.cs: 766f94c288e6bb2cfcd18d60914c0461 -> 
  custom:scripting/monoscript/fileName/PhotonTransformViewClassicEditor.cs: 174be401c238aa6e741f961399731929 -> 
  custom:scripting/monoscript/fileName/Fusion.CodeGen.User.cs: 7518413c31be8fc7fe79dd8f5b20fa0c -> 
  custom:scripting/monoscript/fileName/SmoothSyncMovement.cs: 31ee6a992a574c4e665f73e48482d3fc -> 
  custom:scripting/monoscript/fileName/PlayerListCell.cs: 76799f985e8a3951e5d132618c3350d8 -> 
  custom:scripting/monoscript/fileName/NetworkCharacterController.cs: 0d9ab4a1b508efe718225ceffebd8e54 -> 
  custom:scripting/monoscript/fileName/ConnectAndJoinRandomLb.cs: 9dd47be72f766f78cbbffce9f8575ef1 -> 
  custom:scripting/monoscript/fileName/RoomInfo.cs: 86776ad49e4deb535029b369c45e7f36 -> 
  custom:scripting/monoscript/fileName/ServerAddressProperty.cs: 284ddbe40a77584c9c8835a0d4d63859 -> 
  custom:video-decoder-webm-vp8: 9c59270c3fd7afecdb556c50c9e8de78 -> 
  custom:scripting/monoscript/fileName/SlotRacerSplashScreen.cs: 76e2c64393d61c31f26e20612278ec67 -> 
  custom:scripting/monoscript/fileName/ChannelCreationOptions.cs: 4231621e658bee43f79b42f64c894f83 -> 
  custom:scripting/monoscript/fileName/SystemConnectionSummary.cs: bf5673a8df4878a9885c94fd51dd3397 -> 
  custom:scripting/monoscript/fileName/RunnerLagCompensationGizmos.cs: f7028307a5d8b8de388a40efb20302af -> 
  custom:SearchIndexIgnoredProperties: e643bd26f0fe6173181afceb89e7c659 -> 
  custom:scripting/monoscript/fileName/DocLinks.cs: 22fc6e62d47c65fdd35bd32f57891e69 -> 
  custom:scripting/monoscript/fileName/FriendListView.cs: 04c66340ac95991cba62207cfc3f8015 -> 
  custom:scripting/monoscript/fileName/RunnerEnableVisibility.cs: e1b57f1bd6fcbd3137975404af4bcf85 -> 
  custom:scripting/monoscript/fileName/OnClickInstantiate.cs: 3929e8581c0458b4fa6c3ecec790414e -> 
  custom:scripting/monoscript/fileName/PlayerNumberingInspector.cs: e277bf463a09eaa6bcf2868a0f243e5c -> 
  custom:scripting/monoscript/fileName/NetworkProjectConfigImporter.cs: a2caae9d85fed596662aa6841efc1b3e -> 
  custom:scripting/monoscript/fileName/IChatClientListener.cs: e6ec1b8d09bf11f3791c0bd18ae45880 -> 
  custom:audio-encoder-webm-vorbis: bf7c407c2cedff20999df2af8eb42d56 -> 
  custom:scripting/monoscript/fileName/FusionEditorSkin.cs: c6dee1ba664a2a78ce51705f2322e50c -> 
  custom:scripting/monoscript/fileName/PunClasses.cs: d6a17dc119cdc0b4a5b92f4135a56268 -> 
  custom:scripting/monoscript/fileName/ScoreHelper.cs: 7e2091fcb90bdab85f4be0c18d586eba -> 
  custom:scripting/monoscript/fileName/FusionStatsGraph.cs: 7021e2a0a0c25bbb5696ad6d6108403d -> 
  custom:scripting/monoscript/fileName/IsConnectedAndReadyProperty.cs: af06b6e7ee3f25798787bf32cafcb247 -> 
  custom:scripting/monoscript/fileName/OnEscapeQuit.cs: be21f25ae17e13db5ee6619d0c4d06e1 -> 
  custom:scripting/monoscript/fileName/FusionRunnerVisibilityControlsWindow.cs: 503e55d51d5bac9ff9db7e3128ab6896 -> 
  custom:scripting/monoscript/fileName/OnJoinedInstantiate.cs: e6fcd481d2d6dd67f5b18fb26017d8ba -> 
  custom:scripting/monoscript/fileName/IgnoreUiRaycastWhenInactive.cs: 64ae0ba0567ac5043ee479695fe7bd2b -> 
  custom:scripting/monoscript/fileName/PlayerListEntry.cs: 3811c0a731ead3815771e470aaca8954 -> 
  custom:scripting/monoscript/fileName/ChatUserStatus.cs: 70a3ef1ac77c9464b5af9f3f7bba93e1 -> 
  custom:scripting/monoscript/fileName/CurrentRoomEmptyRoomTtlProperty.cs: ba459c40e550063227b6dbef6f2e12d7 -> 
  custom:scripting/monoscript/fileName/FusionAddressablePrefabsPreloader.cs: 609c7194fc18608a6ba4972670be253b -> 
  custom:scripting/monoscript/fileName/MonoBehaviourPunEditor.cs: a420633076e18e6ded9ee7ff41e5161d -> 
  custom:scripting/monoscript/fileName/IngameControlPanel.cs: e8e78297d18e08fd0d6ef99a75e376c2 -> 
  custom:scripting/monoscript/fileName/CustomTypes.cs: 32fb10f0e1ae6f1f4c5b8deb3c8e83c3 -> 
  custom:scripting/monoscript/fileName/PlayerManager.cs: 5b0494b39b9a262c0ad29b1931262023 -> 
  custom:scripting/monoscript/fileName/CurrentRoomIsOpenProperty.cs: 401af34d1219dc5c3b2d226ce3b12b08 -> 
  custom:scripting/monoscript/fileName/RegionListView.cs: d1509ce3c1dcf26ebb758f8eb59e1c54 -> 
  custom:scripting/monoscript/fileName/ConnectToRegionUIForm.cs: 662fbbb8f06b04129a615111e69dec89 -> 
  custom:scripting/monoscript/fileName/SendRateOnSerializeField.cs: 8559ed016d3004cf7fa75b6b51babcf0 -> 
  custom:scripting/monoscript/fileName/Block.cs: 4912a9664024ee7276656eb28373609a -> 
  custom:scripting/monoscript/fileName/RunnerVisibilityLinksRoot.cs: 64f229c02655e4ab1b3ad93c7368ccfe -> 
  custom:scripting/monoscript/fileName/WebRpc.cs: ee2bfdfdd166ac7a426061037e23ee8f -> 
  custom:scripting/monoscript/fileName/BezierSplineInspector.cs: 64d312faa4ce8272425b85e56f7f3f74 -> 
  custom:scripting/monoscript/fileName/IPhotonViewCallbacks.cs: 6b192d91218207b95c2b171719310343 -> 
  custom:scripting/monoscript/fileName/Launcher.cs: 6d0f0651107e8b978d50eb5d8ca63cd3 -> 
  custom:scripting/monoscript/fileName/PropertyCell.cs: caa15b0e3299de64e13d6f1d4cf295aa -> 
  custom:scripting/monoscript/fileName/PunTurnManager.cs: c24499e0acfb9782133d39c092b0366b -> 
  custom:scripting/monoscript/fileName/CurrentRoomIsVisibleProperty.cs: be95d33e9289a548289bfd3ab9507d59 -> 
  custom:scripting/monoscript/fileName/ChatChannel.cs: 052e931f7bf91536d9bda80d682b6368 -> 
  custom:scripting/monoscript/fileName/BezierCurveInspector.cs: cd033eb785ec71c240751fc164fcbff1 -> 
  custom:scripting/monoscript/fileName/AppSettings.cs: d20c247df910115cd4c5ae83482475ef -> 
  custom:scripting/monoscript/fileName/PhotonAnimatorViewEditor.cs: fd89a9c520118567d7b47e39070bcd39 -> 
  custom:scripting/monoscript/fileName/PhotonViewInspector.cs: da72c707197b3a14a9e4fc031131a7bc -> 
  custom:scripting/monoscript/fileName/CurrentRoomPropertiesListedInLobbyProperty.cs: c8880d240fca5295b2028661629631dc -> 
  custom:scripting/monoscript/fileName/ThirdPersonUserControl.cs: 1e36b4529ca7c2f8667ed6449c3722b9 -> 
  custom:scripting/monoscript/fileName/CurrentRoomIsOfflineProperty.cs: a3b570f54686008ce7d1ddf281dfdde2 -> 
  custom:scripting/monoscript/fileName/PlayerControl.cs: 6df8b26511518ec75eac4160d12ac3bc -> 
  custom:scripting/monoscript/fileName/LineInspector.cs: b46fbdbe979ee95575b26620e8af2791 -> 
  custom:scripting/monoscript/fileName/PhotonNetworkPart.cs: 28ef43a4727cd01eb0456d4c51a096be -> 
  custom:scripting/monoscript/fileName/CustomTypesUnity.cs: 013c37589fb09e7f77b2d495dfa13043 -> 
  custom:scripting/monoscript/fileName/ChannelWellKnownProperties.cs: 7e2dabda8907dc60fb63ae9c28cb0b10 -> 
  custom:scripting/monoscript/fileName/ToggleExpand.cs: 8df2d7619ad2c56cf93b2f0cedc9c9a4 -> 
  custom:scripting/monoscript/fileName/EventSystemSpawner.cs: c525f40330ddc66d7e7f5297346da241 -> 
  custom:scripting/monoscript/fileName/PlayerNameInputField.cs: 27839abf4289ab34aa2cc2967033966d -> 
  custom:scripting/monoscript/fileName/IsConnectedProperty.cs: 981ecf71603e1baa6ce21b0fd1acc020 -> 
  custom:scripting/monoscript/fileName/PlayerAnimatorManager.cs: a7d34eb870b3ee44c83d5db31316a095 -> 
  custom:scripting/monoscript/fileName/MoveByKeys.cs: 0be06a6581575752c58847799d9932e6 -> 
  custom:scripting/monoscript/fileName/FriendListCell.cs: 8dfedb1e000853780b714ad0651f22a9 -> 
  custom:scripting/monoscript/fileName/PhotonTeamsManager.cs: ed14ceec94e7d1247f794ca4f7f3aa2e -> 
  custom:scripting/monoscript/fileName/ChatOperationCode.cs: dac444e0d5bbc5c837c33663c8b2cefb -> 
  custom:AudioImporter_EditorPlatform: d09bf68614088b80899f8185d706f6e7 -> 
  custom:scripting/monoscript/fileName/ChatEventCode.cs: 764a52cdc3a575d4587f1a0939ee2b6d -> 
  custom:scripting/monoscript/fileName/PhotonTransformViewEditor.cs: d59344a8429d1e1c91f78e42f728790a -> 
  custom:scripting/monoscript/fileName/DocLinkButton.cs: 551275f4066ad419ab79864501010643 -> 
  custom:scripting/monoscript/fileName/Room.cs: f509531380bf8f44be3c84421df8f27b -> 
  custom:scripting/monoscript/fileName/AsteroidsGame.cs: 39019f3fa92643372bcb4670a7434593 -> 
  custom:scripting/monoscript/fileName/LoaderAnime.cs: 95ab941fc8d4427c4fa6c07cf9af1057 -> 
  custom:scripting/monoscript/fileName/ButtonInsideScrollList.cs: 663db374c5f487d95198d2dce6dd1ce7 -> 
  custom:scripting/monoscript/fileName/ReorderableListResources.cs: a21396365aa80586d6fe0c3f093e8e8a -> 12f8cf94345b17bd1a3aef7c3b5bd157
  custom:scripting/monoscript/fileName/SendRateField.cs: 5786bd6806651c5e23c7d4a511e3dfaa -> 
  custom:scripting/monoscript/fileName/PhotonTeamsManagerInspector.cs: 55bea48a55e757c56d53ded3ae32c48e -> 
  custom:audio-decoder-ogg-vorbis: bf7c407c2cedff20999df2af8eb42d56 -> 
  custom:scripting/monoscript/fileName/UserIdUiForm.cs: 0a1836b26b3227dc4bf5c907f6dcc697 -> 
  custom:scripting/monoscript/fileName/ChatAppSettings.cs: db433ce9dc535a56c6c28a3183328622 -> 
  custom:scripting/monoscript/fileName/NetworkSceneManagerDefault.cs: 871a1346f3625e42e5be83f620052e51 -> 
  custom:scripting/monoscript/fileName/PropertyListenerBase.cs: f9338b1da94c09d1d4dc5b01f854e0e3 -> 
  custom:scripting/monoscript/fileName/FriendItem.cs: 7041a5cee458fd755b4167724bf865d2 -> 
  custom:scripting/monoscript/fileName/ChannelSelector.cs: 787aa32b539868663942ded37c6d24ef -> 
  custom:scripting/monoscript/fileName/RegionHandler.cs: 6de377e0adf86218af15234cc2039610 -> 
  custom:scripting/monoscript/fileName/ChatAppIdCheckerUI.cs: 1bb8fafd3e2c10dfddf187c423c0f4b8 -> 
  custom:scripting/monoscript/fileName/CullArea.cs: 75f7e0f84478d7778555f1e1e66d50b7 -> 
  custom:scripting/monoscript/fileName/CountOfPlayersOnMasterProperty.cs: aa74237d4beb81bd33ceee77917bae47 -> 
  custom:scripting/monoscript/fileName/GameManager.cs: 56bc6cc643bcbf5a5a0d63cbd09e7487 -> 9933fbcc6190e2a9171c2ec8808a053e
  custom:scripting/monoscript/fileName/CurrentRoomAutoCleanupProperty.cs: a92fec09d98c752e495341af83135d64 -> 
  custom:scripting/monoscript/fileName/ChatPeer.cs: ab4cb6a09b2bd7026434274768d75701 -> 
  custom:scripting/monoscript/fileName/DemoHubManager.cs: 0dd9c19f14946313f8d78bca90723987 -> 
  custom:scripting/monoscript/fileName/CreateRoomUiForm.cs: bf1ce360a976c4439345f8064d17d3ad -> 
  custom:scripting/monoscript/fileName/NamePickGui.cs: 2c5392a37dc177dc65a116f98af1080e -> 
  custom:scripting/monoscript/fileName/TabViewManager.cs: a7d06552ed611c43e44fb3fef2b558f5 -> 
  custom:scripting/monoscript/fileName/PlayerUI.cs: 4d64fa5e9e8828968d6cc191a132718d -> 
  custom:scripting/monoscript/fileName/EnableOnSingleRunner.cs: 9976ce768e23cc0678b095d30598d8cd -> 
  custom:scripting/monoscript/fileName/PunCockpit.cs: 534cb157a89724d3ca07a36bb2005880 -> 
  custom:scripting/monoscript/fileName/RoomListCell.cs: 8d1543bdc9816b8a578d6cd2eebe48be -> 
  custom:scripting/monoscript/fileName/CurrentRoomNameProperty.cs: 72010acf97fe1f3e9ff0b8c322c93e83 -> 
  custom:scripting/monoscript/fileName/NetworkObjectProviderDefault.cs: 0eb113b3784be4de9cc2f3cdcdf5e36c -> 
  custom:scripting/monoscript/fileName/PunPlayerScores.cs: eee61e21995464ded106b44bf2f6edd4 -> 
  custom:scripting/monoscript/fileName/PunTeamsInspector.cs: 4df913dbc11ac67364301ce3915ea909 -> 
  custom:scripting/monoscript/fileName/Extensions.cs: 3f8618856b92f72822431fd67127e289 -> 
  custom:scripting/monoscript/fileName/AutoSyncSceneToggle.cs: f5a0c8cb6428054959052eda2623401a -> 
  custom:scripting/monoscript/fileName/ToDemoHubButton.cs: 76a2afa2c645f73081ead15c9512dae8 -> 
  custom:scripting/monoscript/fileName/CountOfPlayersInRoomProperty.cs: 22a26994633102695250e14533d8bd88 -> 
  custom:scripting/monoscript/fileName/AppSettingsExtensions.cs: 7eb3b190282e171c2845b1d8ee71ed5c -> 
  custom:scripting/monoscript/fileName/Region.cs: a0331a07d2a132f6cd24585218741838 -> 
  custom:scripting/monoscript/fileName/Bezier.cs: b8534c761c3f32134ac0822189e167cc -> 
  custom:scripting/monoscript/fileName/PhotonEditor.cs: 9beee3a7ca2bc764b51880f31127a0ea -> 
  custom:scripting/monoscript/fileName/CountOfPlayersProperty.cs: 92593170cc4984fa211f8cfbd69ac9a3 -> 
  custom:scripting/monoscript/fileName/OnStartDelete.cs: ca7ff388213f651af9d8be5d8844a8f4 -> 
  custom:video-encoder-webm-vp8: eb34c28f22e8b96e1ab97ce403110664 -> 
  custom:scripting/monoscript/fileName/ChatClient.cs: d3eb880194f03abd869e259e1e9fd5f0 -> 
  custom:scripting/monoscript/fileName/PhotonRigidbody2DView.cs: cfabe07ff5658dc80bf23a32c3f3d3ea -> 
  custom:scripting/monoscript/fileName/RoomListView.cs: 2b7207d3ddc2539dd2b806ed485e033b -> 
  custom:scripting/monoscript/fileName/OfflineModeProperty.cs: 142619a08af07c654a2536f2386c9c6c -> 
  custom:container-demuxer-ogg: 62fdf1f143b41e24485cea50d1cbac27 -> 
  custom:scripting/monoscript/fileName/Noise.cs: dc35aa19dae9f4b9d9d351205aaba1c6 -> 
  custom:scripting/monoscript/fileName/GameVersionProperty.cs: 212cdb5858947bda9a55c4e8f58ef2c6 -> 
  custom:framework-win-MediaFoundation: 216162199b28c13a410421893ffa2e32 -> 
  custom:scripting/monoscript/fileName/ConnectAndJoinRandom.cs: 00d6f17fa442bd592f9dfb4622a40a5d -> 
  custom:scripting/monoscript/fileName/PhotonTransformView.cs: ea668b9d3ca2e512312f4d0840810b14 -> 
  custom:scripting/monoscript/fileName/FusionBootstrap.cs: ce6761b6f61ee75dccdb3d85fc55a691 -> 
  custom:scripting/monoscript/fileName/RoomListEntry.cs: c7ba9dd428a6b8b410fe51075bfba1e1 -> 
  custom:scripting/monoscript/fileName/CurrentRoomMasterClientIdProperty.cs: 8a7f2b18c7369cf86e69820d5f0602fe -> 
  custom:scripting/monoscript/fileName/PunTeams.cs: 97cdf6951e96c2643337cf5fb8f69c0b -> 
  custom:scripting/monoscript/fileName/RegionListCell.cs: f6a1e00ce33d3dec4b7e2cfe425726c7 -> 
  custom:scripting/monoscript/fileName/PunSceneSettings.cs: 91ded15e638c075e189911af7f870d60 -> 
  custom:scripting/monoscript/fileName/ThirdPersonCharacter.cs: d37a384ef7557636dd0499ecb4e48640 -> 
  custom:scripting/monoscript/fileName/PlayerDetailsController.cs: 4a8b583bcd181f124e040cd407eab3b7 -> 
  custom:scripting/monoscript/fileName/PhotonRigidbody2DViewEditor.cs: 1bbd8586933ea3b91d286e3a03ef0b15 -> 
  custom:scripting/monoscript/fileName/Fusion.Unity.Editor.cs: b14e14e52edac49806a8f9d4187d9f4c -> 
  custom:scripting/monoscript/fileName/Fusion.Unity.cs: 2f52e767df9231dc9ad5c805bed98e70 -> 
  custom:scripting/monoscript/fileName/SlotLanes.cs: 97949fb7cbc49a87a0e9a949a270c39f -> 
  custom:scripting/monoscript/fileName/StatesGui.cs: 98e5143501c303d7d5973c718d302233 -> 
  custom:scripting/monoscript/fileName/SplineWalker.cs: 5be65352f0f07fbe7665dfb31e99644d -> 
  custom:scripting/monoscript/fileName/PingProperty.cs: 9f24d087d77c62d9ddcbab43ed4cd5fe -> 
  custom:scripting/monoscript/fileName/LoadLevelUIForm.cs: 6198023540609558b39b6b3a84524494 -> 
  custom:scripting/monoscript/fileName/MultiplayerManager.cs: 29415d0687c638629166b314004ee270 -> 
  custom:scripting/monoscript/fileName/BezierCurve.cs: 6855a37c0f6b23766e2a15354899a784 -> 
  custom:scripting/monoscript/fileName/Line.cs: 5e23c11e3450a3cc94ccc16c37b15685 -> 
  custom:scripting/monoscript/fileName/FusionStatsBillboard.cs: beff202fd2a83c3f993d781559426984 -> 
  custom:scripting/monoscript/fileName/SetRoomCustomPropertyUIForm.cs: 9f1b75809ed6e2f34b0b61446d287bd4 -> 
  custom:scripting/monoscript/fileName/RunnerAOIGizmos.cs: 8b1629a60417f80a3d501474e540ad3f -> 
  custom:scripting/monoscript/fileName/PointedAtGameObjectInfo.cs: 0f220a9d7e421f59db30fb04c90d6c0e -> 
  custom:scripting/monoscript/fileName/PhotonLagSimulationGui.cs: de60acfca25c9c245519382776ad2f82 -> 
  custom:scripting/monoscript/fileName/OnPointerOverTooltip.cs: b9abe1fce28033712ba423247874af86 -> 
  custom:scripting/monoscript/fileName/PhotonViewHandler.cs: 7c6c7799f7e9296388067c605d1dc27c -> 
  custom:scripting/monoscript/fileName/CullingHandler.cs: ff4506351c41ac4ce471635b6b12ceb3 -> 
  custom:scripting/monoscript/fileName/PlayerListView.cs: 60e6f2e41401ae176dea7b70bab3c390 -> 
  custom:scripting/monoscript/fileName/SplinePosition.cs: b39b2fa35faaacaf63f8929368e2e5de -> 
  custom:video-decoder-ogg-theora: a1e56fd34408186e4bbccfd4996cb3dc -> 
  custom:scripting/monoscript/fileName/PlayerNumbering.cs: ce6d1f08b3d2d23009596a69c08b221d -> 
  custom:scripting/monoscript/fileName/PunStartup.cs: 961ddc858b2c0426ca5019c7e78c4fbf -> 
  custom:scripting/monoscript/fileName/FusionStatsMeterBar.cs: d21101dd4c4710df60c667e63d577d83 -> 
  custom:scripting/monoscript/fileName/PhotonHandler.cs: 70e641dd7ce55eb351f633fc29fb5f7f -> 
  custom:scripting/monoscript/fileName/IntInputField.cs: 40c0ee81b04639c26264c222a1aaea0c -> 
  custom:scripting/monoscript/fileName/PhotonRigidbodyView.cs: f6b453c3dd57cf47fa35b8156daece9a -> 
  custom:scripting/monoscript/fileName/TextToggleIsOnTransition.cs: 326b9c727c304dd69fe51444f64a7721 -> 
  custom:scripting/monoscript/fileName/WorldGenerator.cs: dca0ae82b72e05480b823fc7043006c0 -> 
  custom:scripting/monoscript/fileName/LobbyTopPanel.cs: 830e03b228bff7a95bbb092a2d6b29d2 -> 
  custom:scripting/monoscript/fileName/PlayerOverviewPanel.cs: 515bb293728f907f134591646985b9ce -> 
  custom:scripting/monoscript/fileName/OnlineDocButton.cs: e8bceb35def1f2c21aeb107b10e7c020 -> 
  custom:scripting/monoscript/fileName/AsteroidsGameManager.cs: 12a51843b5b71df994a62f28231ff7ef -> 
  custom:scripting/monoscript/fileName/ServerSettings.cs: 8fa55e8857e3ebd201455fd70a9f157d -> 
  custom:scripting/monoscript/fileName/ServerSettingsInspector.cs: 95da0bc9ecca5735a6f497f524ce7e54 -> 
  custom:scripting/monoscript/fileName/AppVersionProperty.cs: a4b4daafa219f35ecce40e74ac804003 -> 
  custom:scripting/monoscript/fileName/ProceduralController.cs: 294ae00e975ca4fe85822d6f85fe658a -> 
  custom:scripting/monoscript/fileName/BackgroundTimeOutField.cs: 301f4bb8d6480b188021ecf99ba8be6c -> 
  custom:scripting/monoscript/fileName/UserIdField.cs: 889d45ebefa87613726b801d1e5e80c8 -> 
  custom:scripting/monoscript/fileName/GraphicToggleIsOnTransition.cs: 7e3768d2f1167a9a7dc7f801820c67a5 -> 
  custom:scripting/monoscript/fileName/ChatGui.cs: 83ccb577c346edd301c0a35e11693dfd -> 
  custom:scripting/monoscript/fileName/AccountService.cs: 80b748556379aab9364d8ef00499f1a9 -> 
  custom:scripting/monoscript/fileName/PhotonRigidbodyViewEditor.cs: ab7e34153fa9a3c646e0316fa6fc5600 -> 
  custom:scripting/monoscript/fileName/CrcCheckToggle.cs: a236d00910b93ad4ae792080fb07508e -> 
  custom:scripting/monoscript/fileName/FusionBootstrapDebugGUI.cs: 371b4228dd1f5808b5897e19c03d546a -> 
  custom:scripting/monoscript/fileName/Player.cs: b6aef835b43cb69bef999bd5136f7c21 -> 
  custom:scripting/monoscript/fileName/LoadbalancingPeer.cs: d9dd9ca955de7f0a553b219d39f29621 -> 
  custom:scripting/monoscript/fileName/FusionStatsObjectIds.cs: 43a79179a267263c08267aeebfb7eafd -> 
  custom:scripting/monoscript/fileName/PunCockpitEmbed.cs: 2240c92b97535c6672465e83f1e36036 -> 
  custom:scripting/monoscript/fileName/CurrentRoomIsOpenToggle.cs: 229c6038772c64902eb501df39020417 -> 
  custom:scripting/monoscript/fileName/PhotonStatsGui.cs: d8361e63c4cf02d1cc41570adb7e9d85 -> 
  custom:scripting/monoscript/fileName/PunSceneSettingsInspector.cs: da5c9fdcd684cd1c669e2f5c5f40d373 -> 
  custom:scripting/monoscript/fileName/CurrentRoomMaxPlayersProperty.cs: f8d2a9d7157be1b82e5db9695b63da90 -> 
  custom:scripting/monoscript/fileName/PhotonNetwork.cs: b0631ad5c9d567edbfc4fb2b742f00d0 -> 
  custom:scripting/monoscript/fileName/OnClickRpc.cs: a4c1c482691ed3f8764f3736c0d692ea -> 
  custom:scripting/monoscript/fileName/BezierSpline.cs: fdb9ccdef0d3985b914118aec7c411f2 -> 
  custom:scripting/monoscript/fileName/PhotonPing.cs: 3f140d1df899c474f22230f66cc59a41 -> 
  custom:scripting/monoscript/fileName/CurrentRoomIsVisibleToggle.cs: 47a99e70dc7fd5d059dfbf899c22bbdb -> 
  custom:scripting/monoscript/fileName/Fusion.CodeGen.cs: b9ff9c5a347ec7e6d58d9aa467d5ae96 -> 
  custom:scripting/monoscript/fileName/PhotonStreamQueue.cs: 5d5e55e8eb60f78e116626969ed0311e -> 
  custom:scripting/monoscript/fileName/WebRpcImplementationExample.cs: 7bff59c7defddf73a4ceae1090065bd1 -> 
  custom:container-muxer-webm: aa71ff27fc2769a1b78a27578f13a17b -> 
  custom:scripting/monoscript/fileName/InfosPanelPlaceholder.cs: fef54b122412d96995fae2ad440bb18b -> 
  custom:scripting/monoscript/fileName/NestedComponentUtilities.cs: 033fd91b849b48295ab920beaf62446d -> 
  custom:scripting/monoscript/fileName/PhotonEditorUtils.cs: 4456563b945cca498f5f71d9eb2059b9 -> 
  custom:scripting/monoscript/fileName/IPunCallbacks.cs: 81caf01d84a9fa08671565d87776010b -> 
  custom:scripting/monoscript/fileName/FriendInfo.cs: be836ba41ecfa4c9dca4b510bdfea5c8 -> 
  custom:scripting/monoscript/fileName/CountOfRoomsProperty.cs: c0688910145f665105cec6c6eaf4f03c -> 
  custom:scripting/monoscript/fileName/ServerProperty.cs: d53bc3d40dee4679a13aa7a9ff58706e -> 
  custom:scripting/monoscript/fileName/Bullet.cs: 77c411c50d821352e611a16c30f40226 -> 
  custom:scripting/monoscript/fileName/OnClickDestroy.cs: 84deb4bc685f090f86133752922a945d -> 
  custom:scripting/monoscript/fileName/PhotonView.cs: b2662a18b33c427e0ec2e5ab1a56c2b5 -> 
  custom:scripting/monoscript/fileName/LoadBalancingClient.cs: 632813597f9db7bc895b13321ba1b05b -> 
  custom:scripting/monoscript/fileName/PhotonTransformViewClassic.cs: b13582f7122692c3dc0b0b58565603b7 -> 
  custom:scripting/monoscript/fileName/CameraWork.cs: 7182be285ca897b882f7b04a97b5001a -> 
  custom:scripting/monoscript/fileName/GameVersionField.cs: e1aaf98c257ad1044f09a430176c1d25 -> 
  custom:scripting/monoscript/fileName/CurrentRoomPlayerCountProperty.cs: 2e3a71196f608331c351de9edf7166b4 -> 
  custom:video-codec-MediaFoundation-h265: 746d11721c4dcdbdad8f713fa42b33f4 -> 
  custom:scripting/monoscript/fileName/PhotonAnimatorView.cs: d7e478a730cbe0e6a3a4e1f87600646a -> 
  custom:scripting/monoscript/fileName/CloudRegionProperty.cs: a98a80d4740fc4627fa07cd0d1b937f1 -> 
  custom:scripting/monoscript/fileName/PhotonGUI.cs: a5571c3104cbd100c9135419869f9e73 -> 
  custom:scripting/monoscript/fileName/CurrentRoomPlayerTtlProperty.cs: 5737d382a26e8898e597b19ab06904c5 -> 
  custom:CustomObjectIndexerAttribute: 756ad292c208cfabdd7b50bc23989ffe -> 
  custom:container-demuxer-webm: 4f35f7cbe854078d1ac9338744f61a02 -> 
  custom:scripting/monoscript/fileName/Cluster.cs: 5ff22076c2cc06a01d1cc1c38d08f712 -> 
  custom:scripting/monoscript/fileName/BestRegionInPrefsProperty.cs: f81195994c87654890233836f627cd69 -> 
  custom:scripting/monoscript/fileName/RunnerVisibilityLink.cs: 6e4a2325960fce24f58edb6ee6b338d8 -> 
  custom:scripting/monoscript/fileName/Spaceship.cs: 77d86dcddcb47a6cc18163eb292fa20b -> 
  custom:scripting/monoscript/fileName/CullAreaEditor.cs: ac85e81dd9fb835b90f15d14c78d253a -> 
  custom:scripting/monoscript/fileName/LobbyMainPanel.cs: bee85956556c66d6096a3300e7923c77 -> 
  custom:scripting/monoscript/fileName/ChatParameterCode.cs: a0fd6a090c21b2fc7ca69a867e9c27c2 -> 
  custom:scripting/monoscript/fileName/LayoutElementMatchSize.cs: 325cd6d9cb44d01cc8cfa43a5413de8f -> 
  custom:scripting/monoscript/fileName/TextButtonTransition.cs: 72f2c4484a6dc921aacef6b387422aa7 -> 
  custom:scripting/monoscript/fileName/SupportLogger.cs: 6226925e792eee84b718aee3baaa82a7 -> 
  custom:scripting/monoscript/fileName/Asteroid.cs: 8382d1ead570177214081c1ec12affef -> 
  custom:scripting/monoscript/fileName/CurrentRoomExpectedUsersProperty.cs: 15c7823a1b55465c741092cad452b5e4 -> 
  custom:scripting/monoscript/fileName/BoolInputField.cs: 96b6c600bd0428819f492c767ecf8b5b -> 
========================================================================
Received Prepare
Begin MonoManager ReloadAssembly
C:\build\output\Unity-Technologies\mono\mono\metadata\icall.c:1842:
C:\build\output\Unity-Technologies\mono\mono\metadata\icall.c:1842:
C:\build\output\Unity-Technologies\mono\mono\metadata\icall.c:1842:
C:\build\output\Unity-Technologies\mono\mono\metadata\icall.c:1842:
C:\build\output\Unity-Technologies\mono\mono\metadata\icall.c:1842:
C:\build\output\Unity-Technologies\mono\mono\metadata\icall.c:1842:
C:\build\output\Unity-Technologies\mono\mono\metadata\icall.c:1842:
C:\build\output\Unity-Technologies\mono\mono\metadata\icall.c:1842:
C:\build\output\Unity-Technologies\mono\mono\metadata\icall.c:1842:
C:\build\output\Unity-Technologies\mono\mono\metadata\icall.c:1842:
C:\build\output\Unity-Technologies\mono\mono\metadata\icall.c:1842:
C:\build\output\Unity-Technologies\mono\mono\metadata\icall.c:1842:
Symbol file LoadedFromMemory doesn't match image C:\Users\tudor\OneDrive\Imagini\Documente\GitHub\Anarchy chess\Library\PackageCache\com.unity.visualscripting@1.8.0\Editor\VisualScripting.Core\Dependencies\YamlDotNet\Unity.VisualScripting.YamlDotNet.dll
Symbol file LoadedFromMemory doesn't match image C:\Users\tudor\OneDrive\Imagini\Documente\GitHub\Anarchy chess\Library\PackageCache\com.unity.visualscripting@1.8.0\Editor\VisualScripting.Core\Dependencies\DotNetZip\Unity.VisualScripting.IonicZip.dll
- Loaded All Assemblies, in  0.598 seconds
Refreshing native plugins compatible for Editor in 5.54 ms, found 4 plugins.
Native extension for Android target not found
Native extension for WindowsStandalone target not found
Mono: successfully reloaded assembly
- Finished resetting the current domain, in  0.771 seconds
Domain Reload Profiling: 1366ms
	BeginReloadAssembly (152ms)
		ExecutionOrderSort (0ms)
		DisableScriptedObjects (10ms)
		BackupInstance (0ms)
		ReleaseScriptingObjects (0ms)
		CreateAndSetChildDomain (35ms)
	RebuildCommonClasses (25ms)
	RebuildNativeTypeToScriptingClass (9ms)
	initialDomainReloadingComplete (22ms)
	LoadAllAssembliesAndSetupDomain (387ms)
		LoadAssemblies (257ms)
		RebuildTransferFunctionScriptingTraits (0ms)
		AnalyzeDomain (204ms)
			TypeCache.Refresh (200ms)
				TypeCache.ScanAssembly (193ms)
			ScanForSourceGeneratedMonoScriptInfo (0ms)
			ResolveRequiredComponents (3ms)
	FinalizeReload (771ms)
		ReleaseScriptCaches (0ms)
		RebuildScriptCaches (0ms)
		SetupLoadedEditorAssemblies (341ms)
			LogAssemblyErrors (0ms)
			InitializePlatformSupportModulesInManaged (18ms)
			SetLoadedEditorAssemblies (3ms)
			BeforeProcessingInitializeOnLoad (69ms)
			ProcessInitializeOnLoadAttributes (222ms)
			ProcessInitializeOnLoadMethodAttributes (25ms)
			AfterProcessingInitializeOnLoad (4ms)
			EditorAssembliesLoaded (0ms)
		ExecutionOrderSort2 (0ms)
		AwakeInstancesAfterBackupRestoration (8ms)
Refreshing native plugins compatible for Editor in 3.98 ms, found 4 plugins.
Preloading 0 native plugins for Editor in 0.00 ms.
Unloading 4278 Unused Serialized files (Serialized files now loaded: 0)
Unloading 38 unused Assets / (37.6 KB). Loaded Objects now: 4870.
Memory consumption went from 167.4 MB to 167.4 MB.
Total: 3.408700 ms (FindLiveObjects: 0.243900 ms CreateObjectMapping: 0.121000 ms MarkObjects: 2.984600 ms  DeleteObjects: 0.057700 ms)

Prepare: number of updated asset objects reloaded= 0
AssetImportParameters requested are different than current active one (requested -> active):
  custom:scripting/monoscript/fileName/CountdownTimer.cs: 29151b8b1909dcb5f8770e606e1b626a -> 
  custom:scripting/monoscript/fileName/NickNameField.cs: 4566439151a528588c6e77fbea15ef25 -> 
  custom:scripting/monoscript/fileName/ConnectionHandler.cs: 33c1e29051dc60b1fb7e8675cafa9a54 -> 
  custom:scripting/monoscript/fileName/NetworkProjectConfigImporterEditor.cs: 0b9c7f8db96d38ff89dc9f2e19e80a40 -> 
  custom:scripting/monoscript/fileName/StringInputField.cs: 766f94c288e6bb2cfcd18d60914c0461 -> 
  custom:scripting/monoscript/fileName/PhotonTransformViewClassicEditor.cs: 174be401c238aa6e741f961399731929 -> 
  custom:scripting/monoscript/fileName/Fusion.CodeGen.User.cs: 7518413c31be8fc7fe79dd8f5b20fa0c -> 
  custom:scripting/monoscript/fileName/SmoothSyncMovement.cs: 31ee6a992a574c4e665f73e48482d3fc -> 
  custom:scripting/monoscript/fileName/PlayerListCell.cs: 76799f985e8a3951e5d132618c3350d8 -> 
  custom:scripting/monoscript/fileName/NetworkCharacterController.cs: 0d9ab4a1b508efe718225ceffebd8e54 -> 
  custom:scripting/monoscript/fileName/ConnectAndJoinRandomLb.cs: 9dd47be72f766f78cbbffce9f8575ef1 -> 
  custom:scripting/monoscript/fileName/RoomInfo.cs: 86776ad49e4deb535029b369c45e7f36 -> 
  custom:scripting/monoscript/fileName/ServerAddressProperty.cs: 284ddbe40a77584c9c8835a0d4d63859 -> 
  custom:video-decoder-webm-vp8: 9c59270c3fd7afecdb556c50c9e8de78 -> 
  custom:scripting/monoscript/fileName/SlotRacerSplashScreen.cs: 76e2c64393d61c31f26e20612278ec67 -> 
  custom:scripting/monoscript/fileName/ChannelCreationOptions.cs: 4231621e658bee43f79b42f64c894f83 -> 
  custom:scripting/monoscript/fileName/SystemConnectionSummary.cs: bf5673a8df4878a9885c94fd51dd3397 -> 
  custom:scripting/monoscript/fileName/RunnerLagCompensationGizmos.cs: f7028307a5d8b8de388a40efb20302af -> 
  custom:SearchIndexIgnoredProperties: e643bd26f0fe6173181afceb89e7c659 -> 
  custom:scripting/monoscript/fileName/DocLinks.cs: 22fc6e62d47c65fdd35bd32f57891e69 -> 
  custom:scripting/monoscript/fileName/FriendListView.cs: 04c66340ac95991cba62207cfc3f8015 -> 
  custom:scripting/monoscript/fileName/RunnerEnableVisibility.cs: e1b57f1bd6fcbd3137975404af4bcf85 -> 
  custom:scripting/monoscript/fileName/OnClickInstantiate.cs: 3929e8581c0458b4fa6c3ecec790414e -> 
  custom:scripting/monoscript/fileName/PlayerNumberingInspector.cs: e277bf463a09eaa6bcf2868a0f243e5c -> 
  custom:scripting/monoscript/fileName/NetworkProjectConfigImporter.cs: a2caae9d85fed596662aa6841efc1b3e -> 
  custom:scripting/monoscript/fileName/IChatClientListener.cs: e6ec1b8d09bf11f3791c0bd18ae45880 -> 
  custom:audio-encoder-webm-vorbis: bf7c407c2cedff20999df2af8eb42d56 -> 
  custom:scripting/monoscript/fileName/FusionEditorSkin.cs: c6dee1ba664a2a78ce51705f2322e50c -> 
  custom:scripting/monoscript/fileName/PunClasses.cs: d6a17dc119cdc0b4a5b92f4135a56268 -> 
  custom:scripting/monoscript/fileName/ScoreHelper.cs: 7e2091fcb90bdab85f4be0c18d586eba -> 
  custom:scripting/monoscript/fileName/FusionStatsGraph.cs: 7021e2a0a0c25bbb5696ad6d6108403d -> 
  custom:scripting/monoscript/fileName/IsConnectedAndReadyProperty.cs: af06b6e7ee3f25798787bf32cafcb247 -> 
  custom:scripting/monoscript/fileName/OnEscapeQuit.cs: be21f25ae17e13db5ee6619d0c4d06e1 -> 
  custom:scripting/monoscript/fileName/FusionRunnerVisibilityControlsWindow.cs: 503e55d51d5bac9ff9db7e3128ab6896 -> 
  custom:scripting/monoscript/fileName/OnJoinedInstantiate.cs: e6fcd481d2d6dd67f5b18fb26017d8ba -> 
  custom:scripting/monoscript/fileName/IgnoreUiRaycastWhenInactive.cs: 64ae0ba0567ac5043ee479695fe7bd2b -> 
  custom:scripting/monoscript/fileName/PlayerListEntry.cs: 3811c0a731ead3815771e470aaca8954 -> 
  custom:scripting/monoscript/fileName/ChatUserStatus.cs: 70a3ef1ac77c9464b5af9f3f7bba93e1 -> 
  custom:scripting/monoscript/fileName/CurrentRoomEmptyRoomTtlProperty.cs: ba459c40e550063227b6dbef6f2e12d7 -> 
  custom:scripting/monoscript/fileName/FusionAddressablePrefabsPreloader.cs: 609c7194fc18608a6ba4972670be253b -> 
  custom:scripting/monoscript/fileName/MonoBehaviourPunEditor.cs: a420633076e18e6ded9ee7ff41e5161d -> 
  custom:scripting/monoscript/fileName/IngameControlPanel.cs: e8e78297d18e08fd0d6ef99a75e376c2 -> 
  custom:scripting/monoscript/fileName/CustomTypes.cs: 32fb10f0e1ae6f1f4c5b8deb3c8e83c3 -> 
  custom:scripting/monoscript/fileName/PlayerManager.cs: 5b0494b39b9a262c0ad29b1931262023 -> 
  custom:scripting/monoscript/fileName/CurrentRoomIsOpenProperty.cs: 401af34d1219dc5c3b2d226ce3b12b08 -> 
  custom:scripting/monoscript/fileName/RegionListView.cs: d1509ce3c1dcf26ebb758f8eb59e1c54 -> 
  custom:scripting/monoscript/fileName/ConnectToRegionUIForm.cs: 662fbbb8f06b04129a615111e69dec89 -> 
  custom:scripting/monoscript/fileName/SendRateOnSerializeField.cs: 8559ed016d3004cf7fa75b6b51babcf0 -> 
  custom:scripting/monoscript/fileName/Block.cs: 4912a9664024ee7276656eb28373609a -> 
  custom:scripting/monoscript/fileName/RunnerVisibilityLinksRoot.cs: 64f229c02655e4ab1b3ad93c7368ccfe -> 
  custom:scripting/monoscript/fileName/WebRpc.cs: ee2bfdfdd166ac7a426061037e23ee8f -> 
  custom:scripting/monoscript/fileName/BezierSplineInspector.cs: 64d312faa4ce8272425b85e56f7f3f74 -> 
  custom:scripting/monoscript/fileName/IPhotonViewCallbacks.cs: 6b192d91218207b95c2b171719310343 -> 
  custom:scripting/monoscript/fileName/Launcher.cs: 6d0f0651107e8b978d50eb5d8ca63cd3 -> 
  custom:scripting/monoscript/fileName/PropertyCell.cs: caa15b0e3299de64e13d6f1d4cf295aa -> 
  custom:scripting/monoscript/fileName/PunTurnManager.cs: c24499e0acfb9782133d39c092b0366b -> 
  custom:scripting/monoscript/fileName/CurrentRoomIsVisibleProperty.cs: be95d33e9289a548289bfd3ab9507d59 -> 
  custom:scripting/monoscript/fileName/ChatChannel.cs: 052e931f7bf91536d9bda80d682b6368 -> 
  custom:scripting/monoscript/fileName/BezierCurveInspector.cs: cd033eb785ec71c240751fc164fcbff1 -> 
  custom:scripting/monoscript/fileName/AppSettings.cs: d20c247df910115cd4c5ae83482475ef -> 
  custom:scripting/monoscript/fileName/PhotonAnimatorViewEditor.cs: fd89a9c520118567d7b47e39070bcd39 -> 
  custom:scripting/monoscript/fileName/PhotonViewInspector.cs: da72c707197b3a14a9e4fc031131a7bc -> 
  custom:scripting/monoscript/fileName/CurrentRoomPropertiesListedInLobbyProperty.cs: c8880d240fca5295b2028661629631dc -> 
  custom:scripting/monoscript/fileName/ThirdPersonUserControl.cs: 1e36b4529ca7c2f8667ed6449c3722b9 -> 
  custom:scripting/monoscript/fileName/CurrentRoomIsOfflineProperty.cs: a3b570f54686008ce7d1ddf281dfdde2 -> 
  custom:scripting/monoscript/fileName/PlayerControl.cs: 6df8b26511518ec75eac4160d12ac3bc -> 
  custom:scripting/monoscript/fileName/LineInspector.cs: b46fbdbe979ee95575b26620e8af2791 -> 
  custom:scripting/monoscript/fileName/PhotonNetworkPart.cs: 28ef43a4727cd01eb0456d4c51a096be -> 
  custom:scripting/monoscript/fileName/CustomTypesUnity.cs: 013c37589fb09e7f77b2d495dfa13043 -> 
  custom:scripting/monoscript/fileName/ChannelWellKnownProperties.cs: 7e2dabda8907dc60fb63ae9c28cb0b10 -> 
  custom:scripting/monoscript/fileName/ToggleExpand.cs: 8df2d7619ad2c56cf93b2f0cedc9c9a4 -> 
  custom:scripting/monoscript/fileName/EventSystemSpawner.cs: c525f40330ddc66d7e7f5297346da241 -> 
  custom:scripting/monoscript/fileName/PlayerNameInputField.cs: 27839abf4289ab34aa2cc2967033966d -> 
  custom:scripting/monoscript/fileName/IsConnectedProperty.cs: 981ecf71603e1baa6ce21b0fd1acc020 -> 
  custom:scripting/monoscript/fileName/PlayerAnimatorManager.cs: a7d34eb870b3ee44c83d5db31316a095 -> 
  custom:scripting/monoscript/fileName/MoveByKeys.cs: 0be06a6581575752c58847799d9932e6 -> 
  custom:scripting/monoscript/fileName/FriendListCell.cs: 8dfedb1e000853780b714ad0651f22a9 -> 
  custom:scripting/monoscript/fileName/PhotonTeamsManager.cs: ed14ceec94e7d1247f794ca4f7f3aa2e -> 
  custom:scripting/monoscript/fileName/ChatOperationCode.cs: dac444e0d5bbc5c837c33663c8b2cefb -> 
  custom:AudioImporter_EditorPlatform: d09bf68614088b80899f8185d706f6e7 -> 
  custom:scripting/monoscript/fileName/ChatEventCode.cs: 764a52cdc3a575d4587f1a0939ee2b6d -> 
  custom:scripting/monoscript/fileName/PhotonTransformViewEditor.cs: d59344a8429d1e1c91f78e42f728790a -> 
  custom:scripting/monoscript/fileName/DocLinkButton.cs: 551275f4066ad419ab79864501010643 -> 
  custom:scripting/monoscript/fileName/Room.cs: f509531380bf8f44be3c84421df8f27b -> 
  custom:scripting/monoscript/fileName/AsteroidsGame.cs: 39019f3fa92643372bcb4670a7434593 -> 
  custom:scripting/monoscript/fileName/LoaderAnime.cs: 95ab941fc8d4427c4fa6c07cf9af1057 -> 
  custom:scripting/monoscript/fileName/ButtonInsideScrollList.cs: 663db374c5f487d95198d2dce6dd1ce7 -> 
  custom:scripting/monoscript/fileName/ReorderableListResources.cs: a21396365aa80586d6fe0c3f093e8e8a -> 12f8cf94345b17bd1a3aef7c3b5bd157
  custom:scripting/monoscript/fileName/SendRateField.cs: 5786bd6806651c5e23c7d4a511e3dfaa -> 
  custom:scripting/monoscript/fileName/PhotonTeamsManagerInspector.cs: 55bea48a55e757c56d53ded3ae32c48e -> 
  custom:audio-decoder-ogg-vorbis: bf7c407c2cedff20999df2af8eb42d56 -> 
  custom:scripting/monoscript/fileName/UserIdUiForm.cs: 0a1836b26b3227dc4bf5c907f6dcc697 -> 
  custom:scripting/monoscript/fileName/ChatAppSettings.cs: db433ce9dc535a56c6c28a3183328622 -> 
  custom:scripting/monoscript/fileName/NetworkSceneManagerDefault.cs: 871a1346f3625e42e5be83f620052e51 -> 
  custom:scripting/monoscript/fileName/PropertyListenerBase.cs: f9338b1da94c09d1d4dc5b01f854e0e3 -> 
  custom:scripting/monoscript/fileName/FriendItem.cs: 7041a5cee458fd755b4167724bf865d2 -> 
  custom:scripting/monoscript/fileName/ChannelSelector.cs: 787aa32b539868663942ded37c6d24ef -> 
  custom:scripting/monoscript/fileName/RegionHandler.cs: 6de377e0adf86218af15234cc2039610 -> 
  custom:scripting/monoscript/fileName/ChatAppIdCheckerUI.cs: 1bb8fafd3e2c10dfddf187c423c0f4b8 -> 
  custom:scripting/monoscript/fileName/CullArea.cs: 75f7e0f84478d7778555f1e1e66d50b7 -> 
  custom:scripting/monoscript/fileName/CountOfPlayersOnMasterProperty.cs: aa74237d4beb81bd33ceee77917bae47 -> 
  custom:scripting/monoscript/fileName/GameManager.cs: 56bc6cc643bcbf5a5a0d63cbd09e7487 -> 9933fbcc6190e2a9171c2ec8808a053e
  custom:scripting/monoscript/fileName/CurrentRoomAutoCleanupProperty.cs: a92fec09d98c752e495341af83135d64 -> 
  custom:scripting/monoscript/fileName/ChatPeer.cs: ab4cb6a09b2bd7026434274768d75701 -> 
  custom:scripting/monoscript/fileName/DemoHubManager.cs: 0dd9c19f14946313f8d78bca90723987 -> 
  custom:scripting/monoscript/fileName/CreateRoomUiForm.cs: bf1ce360a976c4439345f8064d17d3ad -> 
  custom:scripting/monoscript/fileName/NamePickGui.cs: 2c5392a37dc177dc65a116f98af1080e -> 
  custom:scripting/monoscript/fileName/TabViewManager.cs: a7d06552ed611c43e44fb3fef2b558f5 -> 
  custom:scripting/monoscript/fileName/PlayerUI.cs: 4d64fa5e9e8828968d6cc191a132718d -> 
  custom:scripting/monoscript/fileName/EnableOnSingleRunner.cs: 9976ce768e23cc0678b095d30598d8cd -> 
  custom:scripting/monoscript/fileName/PunCockpit.cs: 534cb157a89724d3ca07a36bb2005880 -> 
  custom:scripting/monoscript/fileName/RoomListCell.cs: 8d1543bdc9816b8a578d6cd2eebe48be -> 
  custom:scripting/monoscript/fileName/CurrentRoomNameProperty.cs: 72010acf97fe1f3e9ff0b8c322c93e83 -> 
  custom:scripting/monoscript/fileName/NetworkObjectProviderDefault.cs: 0eb113b3784be4de9cc2f3cdcdf5e36c -> 
  custom:scripting/monoscript/fileName/PunPlayerScores.cs: eee61e21995464ded106b44bf2f6edd4 -> 
  custom:scripting/monoscript/fileName/PunTeamsInspector.cs: 4df913dbc11ac67364301ce3915ea909 -> 
  custom:scripting/monoscript/fileName/Extensions.cs: 3f8618856b92f72822431fd67127e289 -> 
  custom:scripting/monoscript/fileName/AutoSyncSceneToggle.cs: f5a0c8cb6428054959052eda2623401a -> 
  custom:scripting/monoscript/fileName/ToDemoHubButton.cs: 76a2afa2c645f73081ead15c9512dae8 -> 
  custom:scripting/monoscript/fileName/CountOfPlayersInRoomProperty.cs: 22a26994633102695250e14533d8bd88 -> 
  custom:scripting/monoscript/fileName/AppSettingsExtensions.cs: 7eb3b190282e171c2845b1d8ee71ed5c -> 
  custom:scripting/monoscript/fileName/Region.cs: a0331a07d2a132f6cd24585218741838 -> 
  custom:scripting/monoscript/fileName/Bezier.cs: b8534c761c3f32134ac0822189e167cc -> 
  custom:scripting/monoscript/fileName/PhotonEditor.cs: 9beee3a7ca2bc764b51880f31127a0ea -> 
  custom:scripting/monoscript/fileName/CountOfPlayersProperty.cs: 92593170cc4984fa211f8cfbd69ac9a3 -> 
  custom:scripting/monoscript/fileName/OnStartDelete.cs: ca7ff388213f651af9d8be5d8844a8f4 -> 
  custom:video-encoder-webm-vp8: eb34c28f22e8b96e1ab97ce403110664 -> 
  custom:scripting/monoscript/fileName/ChatClient.cs: d3eb880194f03abd869e259e1e9fd5f0 -> 
  custom:scripting/monoscript/fileName/PhotonRigidbody2DView.cs: cfabe07ff5658dc80bf23a32c3f3d3ea -> 
  custom:scripting/monoscript/fileName/RoomListView.cs: 2b7207d3ddc2539dd2b806ed485e033b -> 
  custom:scripting/monoscript/fileName/OfflineModeProperty.cs: 142619a08af07c654a2536f2386c9c6c -> 
  custom:container-demuxer-ogg: 62fdf1f143b41e24485cea50d1cbac27 -> 
  custom:scripting/monoscript/fileName/Noise.cs: dc35aa19dae9f4b9d9d351205aaba1c6 -> 
  custom:scripting/monoscript/fileName/GameVersionProperty.cs: 212cdb5858947bda9a55c4e8f58ef2c6 -> 
  custom:framework-win-MediaFoundation: 216162199b28c13a410421893ffa2e32 -> 
  custom:scripting/monoscript/fileName/ConnectAndJoinRandom.cs: 00d6f17fa442bd592f9dfb4622a40a5d -> 
  custom:scripting/monoscript/fileName/PhotonTransformView.cs: ea668b9d3ca2e512312f4d0840810b14 -> 
  custom:scripting/monoscript/fileName/FusionBootstrap.cs: ce6761b6f61ee75dccdb3d85fc55a691 -> 
  custom:scripting/monoscript/fileName/RoomListEntry.cs: c7ba9dd428a6b8b410fe51075bfba1e1 -> 
  custom:scripting/monoscript/fileName/CurrentRoomMasterClientIdProperty.cs: 8a7f2b18c7369cf86e69820d5f0602fe -> 
  custom:scripting/monoscript/fileName/PunTeams.cs: 97cdf6951e96c2643337cf5fb8f69c0b -> 
  custom:scripting/monoscript/fileName/RegionListCell.cs: f6a1e00ce33d3dec4b7e2cfe425726c7 -> 
  custom:scripting/monoscript/fileName/PunSceneSettings.cs: 91ded15e638c075e189911af7f870d60 -> 
  custom:scripting/monoscript/fileName/ThirdPersonCharacter.cs: d37a384ef7557636dd0499ecb4e48640 -> 
  custom:scripting/monoscript/fileName/PlayerDetailsController.cs: 4a8b583bcd181f124e040cd407eab3b7 -> 
  custom:scripting/monoscript/fileName/PhotonRigidbody2DViewEditor.cs: 1bbd8586933ea3b91d286e3a03ef0b15 -> 
  custom:scripting/monoscript/fileName/Fusion.Unity.Editor.cs: b14e14e52edac49806a8f9d4187d9f4c -> 
  custom:scripting/monoscript/fileName/Fusion.Unity.cs: 2f52e767df9231dc9ad5c805bed98e70 -> 
  custom:scripting/monoscript/fileName/SlotLanes.cs: 97949fb7cbc49a87a0e9a949a270c39f -> 
  custom:scripting/monoscript/fileName/StatesGui.cs: 98e5143501c303d7d5973c718d302233 -> 
  custom:scripting/monoscript/fileName/SplineWalker.cs: 5be65352f0f07fbe7665dfb31e99644d -> 
  custom:scripting/monoscript/fileName/PingProperty.cs: 9f24d087d77c62d9ddcbab43ed4cd5fe -> 
  custom:scripting/monoscript/fileName/LoadLevelUIForm.cs: 6198023540609558b39b6b3a84524494 -> 
  custom:scripting/monoscript/fileName/MultiplayerManager.cs: 29415d0687c638629166b314004ee270 -> 
  custom:scripting/monoscript/fileName/BezierCurve.cs: 6855a37c0f6b23766e2a15354899a784 -> 
  custom:scripting/monoscript/fileName/Line.cs: 5e23c11e3450a3cc94ccc16c37b15685 -> 
  custom:scripting/monoscript/fileName/FusionStatsBillboard.cs: beff202fd2a83c3f993d781559426984 -> 
  custom:scripting/monoscript/fileName/SetRoomCustomPropertyUIForm.cs: 9f1b75809ed6e2f34b0b61446d287bd4 -> 
  custom:scripting/monoscript/fileName/RunnerAOIGizmos.cs: 8b1629a60417f80a3d501474e540ad3f -> 
  custom:scripting/monoscript/fileName/PointedAtGameObjectInfo.cs: 0f220a9d7e421f59db30fb04c90d6c0e -> 
  custom:scripting/monoscript/fileName/PhotonLagSimulationGui.cs: de60acfca25c9c245519382776ad2f82 -> 
  custom:scripting/monoscript/fileName/OnPointerOverTooltip.cs: b9abe1fce28033712ba423247874af86 -> 
  custom:scripting/monoscript/fileName/PhotonViewHandler.cs: 7c6c7799f7e9296388067c605d1dc27c -> 
  custom:scripting/monoscript/fileName/CullingHandler.cs: ff4506351c41ac4ce471635b6b12ceb3 -> 
  custom:scripting/monoscript/fileName/PlayerListView.cs: 60e6f2e41401ae176dea7b70bab3c390 -> 
  custom:scripting/monoscript/fileName/SplinePosition.cs: b39b2fa35faaacaf63f8929368e2e5de -> 
  custom:video-decoder-ogg-theora: a1e56fd34408186e4bbccfd4996cb3dc -> 
  custom:scripting/monoscript/fileName/PlayerNumbering.cs: ce6d1f08b3d2d23009596a69c08b221d -> 
  custom:scripting/monoscript/fileName/PunStartup.cs: 961ddc858b2c0426ca5019c7e78c4fbf -> 
  custom:scripting/monoscript/fileName/FusionStatsMeterBar.cs: d21101dd4c4710df60c667e63d577d83 -> 
  custom:scripting/monoscript/fileName/PhotonHandler.cs: 70e641dd7ce55eb351f633fc29fb5f7f -> 
  custom:scripting/monoscript/fileName/IntInputField.cs: 40c0ee81b04639c26264c222a1aaea0c -> 
  custom:scripting/monoscript/fileName/PhotonRigidbodyView.cs: f6b453c3dd57cf47fa35b8156daece9a -> 
  custom:scripting/monoscript/fileName/TextToggleIsOnTransition.cs: 326b9c727c304dd69fe51444f64a7721 -> 
  custom:scripting/monoscript/fileName/WorldGenerator.cs: dca0ae82b72e05480b823fc7043006c0 -> 
  custom:scripting/monoscript/fileName/LobbyTopPanel.cs: 830e03b228bff7a95bbb092a2d6b29d2 -> 
  custom:scripting/monoscript/fileName/PlayerOverviewPanel.cs: 515bb293728f907f134591646985b9ce -> 
  custom:scripting/monoscript/fileName/OnlineDocButton.cs: e8bceb35def1f2c21aeb107b10e7c020 -> 
  custom:scripting/monoscript/fileName/AsteroidsGameManager.cs: 12a51843b5b71df994a62f28231ff7ef -> 
  custom:scripting/monoscript/fileName/ServerSettings.cs: 8fa55e8857e3ebd201455fd70a9f157d -> 
  custom:scripting/monoscript/fileName/ServerSettingsInspector.cs: 95da0bc9ecca5735a6f497f524ce7e54 -> 
  custom:scripting/monoscript/fileName/AppVersionProperty.cs: a4b4daafa219f35ecce40e74ac804003 -> 
  custom:scripting/monoscript/fileName/ProceduralController.cs: 294ae00e975ca4fe85822d6f85fe658a -> 
  custom:scripting/monoscript/fileName/BackgroundTimeOutField.cs: 301f4bb8d6480b188021ecf99ba8be6c -> 
  custom:scripting/monoscript/fileName/UserIdField.cs: 889d45ebefa87613726b801d1e5e80c8 -> 
  custom:scripting/monoscript/fileName/GraphicToggleIsOnTransition.cs: 7e3768d2f1167a9a7dc7f801820c67a5 -> 
  custom:scripting/monoscript/fileName/ChatGui.cs: 83ccb577c346edd301c0a35e11693dfd -> 
  custom:scripting/monoscript/fileName/AccountService.cs: 80b748556379aab9364d8ef00499f1a9 -> 
  custom:scripting/monoscript/fileName/PhotonRigidbodyViewEditor.cs: ab7e34153fa9a3c646e0316fa6fc5600 -> 
  custom:scripting/monoscript/fileName/CrcCheckToggle.cs: a236d00910b93ad4ae792080fb07508e -> 
  custom:scripting/monoscript/fileName/FusionBootstrapDebugGUI.cs: 371b4228dd1f5808b5897e19c03d546a -> 
  custom:scripting/monoscript/fileName/Player.cs: b6aef835b43cb69bef999bd5136f7c21 -> 
  custom:scripting/monoscript/fileName/LoadbalancingPeer.cs: d9dd9ca955de7f0a553b219d39f29621 -> 
  custom:scripting/monoscript/fileName/FusionStatsObjectIds.cs: 43a79179a267263c08267aeebfb7eafd -> 
  custom:scripting/monoscript/fileName/PunCockpitEmbed.cs: 2240c92b97535c6672465e83f1e36036 -> 
  custom:scripting/monoscript/fileName/CurrentRoomIsOpenToggle.cs: 229c6038772c64902eb501df39020417 -> 
  custom:scripting/monoscript/fileName/PhotonStatsGui.cs: d8361e63c4cf02d1cc41570adb7e9d85 -> 
  custom:scripting/monoscript/fileName/PunSceneSettingsInspector.cs: da5c9fdcd684cd1c669e2f5c5f40d373 -> 
  custom:scripting/monoscript/fileName/CurrentRoomMaxPlayersProperty.cs: f8d2a9d7157be1b82e5db9695b63da90 -> 
  custom:scripting/monoscript/fileName/PhotonNetwork.cs: b0631ad5c9d567edbfc4fb2b742f00d0 -> 
  custom:scripting/monoscript/fileName/OnClickRpc.cs: a4c1c482691ed3f8764f3736c0d692ea -> 
  custom:scripting/monoscript/fileName/BezierSpline.cs: fdb9ccdef0d3985b914118aec7c411f2 -> 
  custom:scripting/monoscript/fileName/PhotonPing.cs: 3f140d1df899c474f22230f66cc59a41 -> 
  custom:scripting/monoscript/fileName/CurrentRoomIsVisibleToggle.cs: 47a99e70dc7fd5d059dfbf899c22bbdb -> 
  custom:scripting/monoscript/fileName/Fusion.CodeGen.cs: b9ff9c5a347ec7e6d58d9aa467d5ae96 -> 
  custom:scripting/monoscript/fileName/PhotonStreamQueue.cs: 5d5e55e8eb60f78e116626969ed0311e -> 
  custom:scripting/monoscript/fileName/WebRpcImplementationExample.cs: 7bff59c7defddf73a4ceae1090065bd1 -> 
  custom:container-muxer-webm: aa71ff27fc2769a1b78a27578f13a17b -> 
  custom:scripting/monoscript/fileName/InfosPanelPlaceholder.cs: fef54b122412d96995fae2ad440bb18b -> 
  custom:scripting/monoscript/fileName/NestedComponentUtilities.cs: 033fd91b849b48295ab920beaf62446d -> 
  custom:scripting/monoscript/fileName/PhotonEditorUtils.cs: 4456563b945cca498f5f71d9eb2059b9 -> 
  custom:scripting/monoscript/fileName/IPunCallbacks.cs: 81caf01d84a9fa08671565d87776010b -> 
  custom:scripting/monoscript/fileName/FriendInfo.cs: be836ba41ecfa4c9dca4b510bdfea5c8 -> 
  custom:scripting/monoscript/fileName/CountOfRoomsProperty.cs: c0688910145f665105cec6c6eaf4f03c -> 
  custom:scripting/monoscript/fileName/ServerProperty.cs: d53bc3d40dee4679a13aa7a9ff58706e -> 
  custom:scripting/monoscript/fileName/Bullet.cs: 77c411c50d821352e611a16c30f40226 -> 
  custom:scripting/monoscript/fileName/OnClickDestroy.cs: 84deb4bc685f090f86133752922a945d -> 
  custom:scripting/monoscript/fileName/PhotonView.cs: b2662a18b33c427e0ec2e5ab1a56c2b5 -> 
  custom:scripting/monoscript/fileName/LoadBalancingClient.cs: 632813597f9db7bc895b13321ba1b05b -> 
  custom:scripting/monoscript/fileName/PhotonTransformViewClassic.cs: b13582f7122692c3dc0b0b58565603b7 -> 
  custom:scripting/monoscript/fileName/CameraWork.cs: 7182be285ca897b882f7b04a97b5001a -> 
  custom:scripting/monoscript/fileName/GameVersionField.cs: e1aaf98c257ad1044f09a430176c1d25 -> 
  custom:scripting/monoscript/fileName/CurrentRoomPlayerCountProperty.cs: 2e3a71196f608331c351de9edf7166b4 -> 
  custom:video-codec-MediaFoundation-h265: 746d11721c4dcdbdad8f713fa42b33f4 -> 
  custom:scripting/monoscript/fileName/PhotonAnimatorView.cs: d7e478a730cbe0e6a3a4e1f87600646a -> 
  custom:scripting/monoscript/fileName/CloudRegionProperty.cs: a98a80d4740fc4627fa07cd0d1b937f1 -> 
  custom:scripting/monoscript/fileName/PhotonGUI.cs: a5571c3104cbd100c9135419869f9e73 -> 
  custom:scripting/monoscript/fileName/CurrentRoomPlayerTtlProperty.cs: 5737d382a26e8898e597b19ab06904c5 -> 
  custom:CustomObjectIndexerAttribute: 756ad292c208cfabdd7b50bc23989ffe -> 
  custom:container-demuxer-webm: 4f35f7cbe854078d1ac9338744f61a02 -> 
  custom:scripting/monoscript/fileName/Cluster.cs: 5ff22076c2cc06a01d1cc1c38d08f712 -> 
  custom:scripting/monoscript/fileName/BestRegionInPrefsProperty.cs: f81195994c87654890233836f627cd69 -> 
  custom:scripting/monoscript/fileName/RunnerVisibilityLink.cs: 6e4a2325960fce24f58edb6ee6b338d8 -> 
  custom:scripting/monoscript/fileName/Spaceship.cs: 77d86dcddcb47a6cc18163eb292fa20b -> 
  custom:scripting/monoscript/fileName/CullAreaEditor.cs: ac85e81dd9fb835b90f15d14c78d253a -> 
  custom:scripting/monoscript/fileName/LobbyMainPanel.cs: bee85956556c66d6096a3300e7923c77 -> 
  custom:scripting/monoscript/fileName/ChatParameterCode.cs: a0fd6a090c21b2fc7ca69a867e9c27c2 -> 
  custom:scripting/monoscript/fileName/LayoutElementMatchSize.cs: 325cd6d9cb44d01cc8cfa43a5413de8f -> 
  custom:scripting/monoscript/fileName/TextButtonTransition.cs: 72f2c4484a6dc921aacef6b387422aa7 -> 
  custom:scripting/monoscript/fileName/SupportLogger.cs: 6226925e792eee84b718aee3baaa82a7 -> 
  custom:scripting/monoscript/fileName/Asteroid.cs: 8382d1ead570177214081c1ec12affef -> 
  custom:scripting/monoscript/fileName/CurrentRoomExpectedUsersProperty.cs: 15c7823a1b55465c741092cad452b5e4 -> 
  custom:scripting/monoscript/fileName/BoolInputField.cs: 96b6c600bd0428819f492c767ecf8b5b -> 
========================================================================
Received Import Request.
  Time since last request: 83.127525 seconds.
  path: Assets/Resources/chesspiece.prefab
  artifactKey: Guid(7a3fe8df36ebd9847864ee8a463bc99d) Importer(815301076,1909f56bfc062723c751e8b465ee728b)
Start importing Assets/Resources/chesspiece.prefab using Guid(7a3fe8df36ebd9847864ee8a463bc99d) Importer(815301076,1909f56bfc062723c751e8b465ee728b) Refreshing native plugins compatible for Editor in 3.69 ms, found 4 plugins.
Preloading 0 native plugins for Editor in 0.00 ms.
 -> (artifact id: 'cc6d4e196f2f6074e1cd9c34c282b617') in 0.194218 seconds
Number of updated asset objects reloaded before import = 0
Number of asset objects unloaded after import = 62
========================================================================
Received Import Request.
  Time since last request: 10.266767 seconds.
  path: Assets/Resources/chesspiece.prefab
  artifactKey: Guid(7a3fe8df36ebd9847864ee8a463bc99d) Importer(815301076,1909f56bfc062723c751e8b465ee728b)
Start importing Assets/Resources/chesspiece.prefab using Guid(7a3fe8df36ebd9847864ee8a463bc99d) Importer(815301076,1909f56bfc062723c751e8b465ee728b) Refreshing native plugins compatible for Editor in 3.70 ms, found 4 plugins.
Preloading 0 native plugins for Editor in 0.00 ms.
 -> (artifact id: '065e2e14536fd6288b6d4e0423f46c63') in 0.147534 seconds
Number of updated asset objects reloaded before import = 0
Number of asset objects unloaded after import = 61
========================================================================
Received Import Request.
  Time since last request: 4.541804 seconds.
  path: Assets/Resources/chesspiece.prefab
  artifactKey: Guid(7a3fe8df36ebd9847864ee8a463bc99d) Importer(815301076,1909f56bfc062723c751e8b465ee728b)
Start importing Assets/Resources/chesspiece.prefab using Guid(7a3fe8df36ebd9847864ee8a463bc99d) Importer(815301076,1909f56bfc062723c751e8b465ee728b) Refreshing native plugins compatible for Editor in 3.84 ms, found 4 plugins.
Preloading 0 native plugins for Editor in 0.00 ms.
 -> (artifact id: '2596d06e4c0e388c51523c8c8ca78ea7') in 0.149566 seconds
Number of updated asset objects reloaded before import = 0
Number of asset objects unloaded after import = 61
========================================================================
Received Prepare
Begin MonoManager ReloadAssembly
C:\build\output\Unity-Technologies\mono\mono\metadata\icall.c:1842:
C:\build\output\Unity-Technologies\mono\mono\metadata\icall.c:1842:
C:\build\output\Unity-Technologies\mono\mono\metadata\icall.c:1842:
C:\build\output\Unity-Technologies\mono\mono\metadata\icall.c:1842:
C:\build\output\Unity-Technologies\mono\mono\metadata\icall.c:1842:
C:\build\output\Unity-Technologies\mono\mono\metadata\icall.c:1842:
C:\build\output\Unity-Technologies\mono\mono\metadata\icall.c:1842:
C:\build\output\Unity-Technologies\mono\mono\metadata\icall.c:1842:
C:\build\output\Unity-Technologies\mono\mono\metadata\icall.c:1842:
C:\build\output\Unity-Technologies\mono\mono\metadata\icall.c:1842:
C:\build\output\Unity-Technologies\mono\mono\metadata\icall.c:1842:
C:\build\output\Unity-Technologies\mono\mono\metadata\icall.c:1842:
Symbol file LoadedFromMemory doesn't match image C:\Users\tudor\OneDrive\Imagini\Documente\GitHub\Anarchy chess\Library\PackageCache\com.unity.visualscripting@1.8.0\Editor\VisualScripting.Core\Dependencies\YamlDotNet\Unity.VisualScripting.YamlDotNet.dll
Symbol file LoadedFromMemory doesn't match image C:\Users\tudor\OneDrive\Imagini\Documente\GitHub\Anarchy chess\Library\PackageCache\com.unity.visualscripting@1.8.0\Editor\VisualScripting.Core\Dependencies\DotNetZip\Unity.VisualScripting.IonicZip.dll
- Loaded All Assemblies, in  0.616 seconds
Refreshing native plugins compatible for Editor in 3.34 ms, found 4 plugins.
Native extension for Android target not found
Native extension for WindowsStandalone target not found
Mono: successfully reloaded assembly
- Finished resetting the current domain, in  0.729 seconds
Domain Reload Profiling: 1342ms
	BeginReloadAssembly (151ms)
		ExecutionOrderSort (0ms)
		DisableScriptedObjects (10ms)
		BackupInstance (0ms)
		ReleaseScriptingObjects (0ms)
		CreateAndSetChildDomain (36ms)
	RebuildCommonClasses (25ms)
	RebuildNativeTypeToScriptingClass (9ms)
	initialDomainReloadingComplete (22ms)
	LoadAllAssembliesAndSetupDomain (405ms)
		LoadAssemblies (265ms)
		RebuildTransferFunctionScriptingTraits (0ms)
		AnalyzeDomain (212ms)
			TypeCache.Refresh (206ms)
				TypeCache.ScanAssembly (198ms)
			ScanForSourceGeneratedMonoScriptInfo (3ms)
			ResolveRequiredComponents (3ms)
	FinalizeReload (729ms)
		ReleaseScriptCaches (0ms)
		RebuildScriptCaches (0ms)
		SetupLoadedEditorAssemblies (326ms)
			LogAssemblyErrors (0ms)
			InitializePlatformSupportModulesInManaged (17ms)
			SetLoadedEditorAssemblies (3ms)
			BeforeProcessingInitializeOnLoad (62ms)
			ProcessInitializeOnLoadAttributes (219ms)
			ProcessInitializeOnLoadMethodAttributes (22ms)
			AfterProcessingInitializeOnLoad (3ms)
			EditorAssembliesLoaded (0ms)
		ExecutionOrderSort2 (0ms)
		AwakeInstancesAfterBackupRestoration (6ms)
Refreshing native plugins compatible for Editor in 4.43 ms, found 4 plugins.
Preloading 0 native plugins for Editor in 0.00 ms.
Unloading 4277 Unused Serialized files (Serialized files now loaded: 0)
Unloading 38 unused Assets / (37.6 KB). Loaded Objects now: 4873.
Memory consumption went from 169.1 MB to 169.0 MB.
Total: 3.230300 ms (FindLiveObjects: 0.205800 ms CreateObjectMapping: 0.112000 ms MarkObjects: 2.860600 ms  DeleteObjects: 0.050700 ms)

Prepare: number of updated asset objects reloaded= 0
AssetImportParameters requested are different than current active one (requested -> active):
  custom:scripting/monoscript/fileName/CountdownTimer.cs: 29151b8b1909dcb5f8770e606e1b626a -> 
  custom:scripting/monoscript/fileName/NickNameField.cs: 4566439151a528588c6e77fbea15ef25 -> 
  custom:scripting/monoscript/fileName/ConnectionHandler.cs: 33c1e29051dc60b1fb7e8675cafa9a54 -> 
  custom:scripting/monoscript/fileName/NetworkProjectConfigImporterEditor.cs: 0b9c7f8db96d38ff89dc9f2e19e80a40 -> 
  custom:scripting/monoscript/fileName/StringInputField.cs: 766f94c288e6bb2cfcd18d60914c0461 -> 
  custom:scripting/monoscript/fileName/PhotonTransformViewClassicEditor.cs: 174be401c238aa6e741f961399731929 -> 
  custom:scripting/monoscript/fileName/Fusion.CodeGen.User.cs: 7518413c31be8fc7fe79dd8f5b20fa0c -> 
  custom:scripting/monoscript/fileName/SmoothSyncMovement.cs: 31ee6a992a574c4e665f73e48482d3fc -> 
  custom:scripting/monoscript/fileName/PlayerListCell.cs: 76799f985e8a3951e5d132618c3350d8 -> 
  custom:scripting/monoscript/fileName/NetworkCharacterController.cs: 0d9ab4a1b508efe718225ceffebd8e54 -> 
  custom:scripting/monoscript/fileName/ConnectAndJoinRandomLb.cs: 9dd47be72f766f78cbbffce9f8575ef1 -> 
  custom:scripting/monoscript/fileName/RoomInfo.cs: 86776ad49e4deb535029b369c45e7f36 -> 
  custom:scripting/monoscript/fileName/ServerAddressProperty.cs: 284ddbe40a77584c9c8835a0d4d63859 -> 
  custom:video-decoder-webm-vp8: 9c59270c3fd7afecdb556c50c9e8de78 -> 
  custom:scripting/monoscript/fileName/SlotRacerSplashScreen.cs: 76e2c64393d61c31f26e20612278ec67 -> 
  custom:scripting/monoscript/fileName/ChannelCreationOptions.cs: 4231621e658bee43f79b42f64c894f83 -> 
  custom:scripting/monoscript/fileName/SystemConnectionSummary.cs: bf5673a8df4878a9885c94fd51dd3397 -> 
  custom:scripting/monoscript/fileName/RunnerLagCompensationGizmos.cs: f7028307a5d8b8de388a40efb20302af -> 
  custom:SearchIndexIgnoredProperties: e643bd26f0fe6173181afceb89e7c659 -> 
  custom:scripting/monoscript/fileName/DocLinks.cs: 22fc6e62d47c65fdd35bd32f57891e69 -> 
  custom:scripting/monoscript/fileName/FriendListView.cs: 04c66340ac95991cba62207cfc3f8015 -> 
  custom:scripting/monoscript/fileName/RunnerEnableVisibility.cs: e1b57f1bd6fcbd3137975404af4bcf85 -> 
  custom:scripting/monoscript/fileName/OnClickInstantiate.cs: 3929e8581c0458b4fa6c3ecec790414e -> 
  custom:scripting/monoscript/fileName/PlayerNumberingInspector.cs: e277bf463a09eaa6bcf2868a0f243e5c -> 
  custom:scripting/monoscript/fileName/NetworkProjectConfigImporter.cs: a2caae9d85fed596662aa6841efc1b3e -> 
  custom:scripting/monoscript/fileName/IChatClientListener.cs: e6ec1b8d09bf11f3791c0bd18ae45880 -> 
  custom:audio-encoder-webm-vorbis: bf7c407c2cedff20999df2af8eb42d56 -> 
  custom:scripting/monoscript/fileName/FusionEditorSkin.cs: c6dee1ba664a2a78ce51705f2322e50c -> 
  custom:scripting/monoscript/fileName/PunClasses.cs: d6a17dc119cdc0b4a5b92f4135a56268 -> 
  custom:scripting/monoscript/fileName/ScoreHelper.cs: 7e2091fcb90bdab85f4be0c18d586eba -> 
  custom:scripting/monoscript/fileName/FusionStatsGraph.cs: 7021e2a0a0c25bbb5696ad6d6108403d -> 
  custom:scripting/monoscript/fileName/IsConnectedAndReadyProperty.cs: af06b6e7ee3f25798787bf32cafcb247 -> 
  custom:scripting/monoscript/fileName/OnEscapeQuit.cs: be21f25ae17e13db5ee6619d0c4d06e1 -> 
  custom:scripting/monoscript/fileName/FusionRunnerVisibilityControlsWindow.cs: 503e55d51d5bac9ff9db7e3128ab6896 -> 
  custom:scripting/monoscript/fileName/OnJoinedInstantiate.cs: e6fcd481d2d6dd67f5b18fb26017d8ba -> 
  custom:scripting/monoscript/fileName/IgnoreUiRaycastWhenInactive.cs: 64ae0ba0567ac5043ee479695fe7bd2b -> 
  custom:scripting/monoscript/fileName/PlayerListEntry.cs: 3811c0a731ead3815771e470aaca8954 -> 
  custom:scripting/monoscript/fileName/ChatUserStatus.cs: 70a3ef1ac77c9464b5af9f3f7bba93e1 -> 
  custom:scripting/monoscript/fileName/CurrentRoomEmptyRoomTtlProperty.cs: ba459c40e550063227b6dbef6f2e12d7 -> 
  custom:scripting/monoscript/fileName/FusionAddressablePrefabsPreloader.cs: 609c7194fc18608a6ba4972670be253b -> 
  custom:scripting/monoscript/fileName/MonoBehaviourPunEditor.cs: a420633076e18e6ded9ee7ff41e5161d -> 
  custom:scripting/monoscript/fileName/IngameControlPanel.cs: e8e78297d18e08fd0d6ef99a75e376c2 -> 
  custom:scripting/monoscript/fileName/CustomTypes.cs: 32fb10f0e1ae6f1f4c5b8deb3c8e83c3 -> 
  custom:scripting/monoscript/fileName/PlayerManager.cs: 5b0494b39b9a262c0ad29b1931262023 -> 
  custom:scripting/monoscript/fileName/CurrentRoomIsOpenProperty.cs: 401af34d1219dc5c3b2d226ce3b12b08 -> 
  custom:scripting/monoscript/fileName/RegionListView.cs: d1509ce3c1dcf26ebb758f8eb59e1c54 -> 
  custom:scripting/monoscript/fileName/ConnectToRegionUIForm.cs: 662fbbb8f06b04129a615111e69dec89 -> 
  custom:scripting/monoscript/fileName/SendRateOnSerializeField.cs: 8559ed016d3004cf7fa75b6b51babcf0 -> 
  custom:scripting/monoscript/fileName/Block.cs: 4912a9664024ee7276656eb28373609a -> 
  custom:scripting/monoscript/fileName/RunnerVisibilityLinksRoot.cs: 64f229c02655e4ab1b3ad93c7368ccfe -> 
  custom:scripting/monoscript/fileName/WebRpc.cs: ee2bfdfdd166ac7a426061037e23ee8f -> 
  custom:scripting/monoscript/fileName/BezierSplineInspector.cs: 64d312faa4ce8272425b85e56f7f3f74 -> 
  custom:scripting/monoscript/fileName/IPhotonViewCallbacks.cs: 6b192d91218207b95c2b171719310343 -> 
  custom:scripting/monoscript/fileName/Launcher.cs: 6d0f0651107e8b978d50eb5d8ca63cd3 -> 
  custom:scripting/monoscript/fileName/PropertyCell.cs: caa15b0e3299de64e13d6f1d4cf295aa -> 
  custom:scripting/monoscript/fileName/PunTurnManager.cs: c24499e0acfb9782133d39c092b0366b -> 
  custom:scripting/monoscript/fileName/CurrentRoomIsVisibleProperty.cs: be95d33e9289a548289bfd3ab9507d59 -> 
  custom:scripting/monoscript/fileName/ChatChannel.cs: 052e931f7bf91536d9bda80d682b6368 -> 
  custom:scripting/monoscript/fileName/BezierCurveInspector.cs: cd033eb785ec71c240751fc164fcbff1 -> 
  custom:scripting/monoscript/fileName/AppSettings.cs: d20c247df910115cd4c5ae83482475ef -> 
  custom:scripting/monoscript/fileName/PhotonAnimatorViewEditor.cs: fd89a9c520118567d7b47e39070bcd39 -> 
  custom:scripting/monoscript/fileName/PhotonViewInspector.cs: da72c707197b3a14a9e4fc031131a7bc -> 
  custom:scripting/monoscript/fileName/CurrentRoomPropertiesListedInLobbyProperty.cs: c8880d240fca5295b2028661629631dc -> 
  custom:scripting/monoscript/fileName/ThirdPersonUserControl.cs: 1e36b4529ca7c2f8667ed6449c3722b9 -> 
  custom:scripting/monoscript/fileName/CurrentRoomIsOfflineProperty.cs: a3b570f54686008ce7d1ddf281dfdde2 -> 
  custom:scripting/monoscript/fileName/PlayerControl.cs: 6df8b26511518ec75eac4160d12ac3bc -> 
  custom:scripting/monoscript/fileName/LineInspector.cs: b46fbdbe979ee95575b26620e8af2791 -> 
  custom:scripting/monoscript/fileName/PhotonNetworkPart.cs: 28ef43a4727cd01eb0456d4c51a096be -> 
  custom:scripting/monoscript/fileName/CustomTypesUnity.cs: 013c37589fb09e7f77b2d495dfa13043 -> 
  custom:scripting/monoscript/fileName/ChannelWellKnownProperties.cs: 7e2dabda8907dc60fb63ae9c28cb0b10 -> 
  custom:scripting/monoscript/fileName/ToggleExpand.cs: 8df2d7619ad2c56cf93b2f0cedc9c9a4 -> 
  custom:scripting/monoscript/fileName/EventSystemSpawner.cs: c525f40330ddc66d7e7f5297346da241 -> 
  custom:scripting/monoscript/fileName/PlayerNameInputField.cs: 27839abf4289ab34aa2cc2967033966d -> 
  custom:scripting/monoscript/fileName/IsConnectedProperty.cs: 981ecf71603e1baa6ce21b0fd1acc020 -> 
  custom:scripting/monoscript/fileName/PlayerAnimatorManager.cs: a7d34eb870b3ee44c83d5db31316a095 -> 
  custom:scripting/monoscript/fileName/MoveByKeys.cs: 0be06a6581575752c58847799d9932e6 -> 
  custom:scripting/monoscript/fileName/FriendListCell.cs: 8dfedb1e000853780b714ad0651f22a9 -> 
  custom:scripting/monoscript/fileName/PhotonTeamsManager.cs: ed14ceec94e7d1247f794ca4f7f3aa2e -> 
  custom:scripting/monoscript/fileName/ChatOperationCode.cs: dac444e0d5bbc5c837c33663c8b2cefb -> 
  custom:AudioImporter_EditorPlatform: d09bf68614088b80899f8185d706f6e7 -> 
  custom:scripting/monoscript/fileName/ChatEventCode.cs: 764a52cdc3a575d4587f1a0939ee2b6d -> 
  custom:scripting/monoscript/fileName/PhotonTransformViewEditor.cs: d59344a8429d1e1c91f78e42f728790a -> 
  custom:scripting/monoscript/fileName/DocLinkButton.cs: 551275f4066ad419ab79864501010643 -> 
  custom:scripting/monoscript/fileName/Room.cs: f509531380bf8f44be3c84421df8f27b -> 
  custom:scripting/monoscript/fileName/AsteroidsGame.cs: 39019f3fa92643372bcb4670a7434593 -> 
  custom:scripting/monoscript/fileName/LoaderAnime.cs: 95ab941fc8d4427c4fa6c07cf9af1057 -> 
  custom:scripting/monoscript/fileName/ButtonInsideScrollList.cs: 663db374c5f487d95198d2dce6dd1ce7 -> 
  custom:scripting/monoscript/fileName/ReorderableListResources.cs: a21396365aa80586d6fe0c3f093e8e8a -> 12f8cf94345b17bd1a3aef7c3b5bd157
  custom:scripting/monoscript/fileName/SendRateField.cs: 5786bd6806651c5e23c7d4a511e3dfaa -> 
  custom:scripting/monoscript/fileName/PhotonTeamsManagerInspector.cs: 55bea48a55e757c56d53ded3ae32c48e -> 
  custom:audio-decoder-ogg-vorbis: bf7c407c2cedff20999df2af8eb42d56 -> 
  custom:scripting/monoscript/fileName/UserIdUiForm.cs: 0a1836b26b3227dc4bf5c907f6dcc697 -> 
  custom:scripting/monoscript/fileName/ChatAppSettings.cs: db433ce9dc535a56c6c28a3183328622 -> 
  custom:scripting/monoscript/fileName/NetworkSceneManagerDefault.cs: 871a1346f3625e42e5be83f620052e51 -> 
  custom:scripting/monoscript/fileName/PropertyListenerBase.cs: f9338b1da94c09d1d4dc5b01f854e0e3 -> 
  custom:scripting/monoscript/fileName/FriendItem.cs: 7041a5cee458fd755b4167724bf865d2 -> 
  custom:scripting/monoscript/fileName/ChannelSelector.cs: 787aa32b539868663942ded37c6d24ef -> 
  custom:scripting/monoscript/fileName/RegionHandler.cs: 6de377e0adf86218af15234cc2039610 -> 
  custom:scripting/monoscript/fileName/ChatAppIdCheckerUI.cs: 1bb8fafd3e2c10dfddf187c423c0f4b8 -> 
  custom:scripting/monoscript/fileName/CullArea.cs: 75f7e0f84478d7778555f1e1e66d50b7 -> 
  custom:scripting/monoscript/fileName/CountOfPlayersOnMasterProperty.cs: aa74237d4beb81bd33ceee77917bae47 -> 
  custom:scripting/monoscript/fileName/GameManager.cs: 56bc6cc643bcbf5a5a0d63cbd09e7487 -> 9933fbcc6190e2a9171c2ec8808a053e
  custom:scripting/monoscript/fileName/CurrentRoomAutoCleanupProperty.cs: a92fec09d98c752e495341af83135d64 -> 
  custom:scripting/monoscript/fileName/ChatPeer.cs: ab4cb6a09b2bd7026434274768d75701 -> 
  custom:scripting/monoscript/fileName/DemoHubManager.cs: 0dd9c19f14946313f8d78bca90723987 -> 
  custom:scripting/monoscript/fileName/CreateRoomUiForm.cs: bf1ce360a976c4439345f8064d17d3ad -> 
  custom:scripting/monoscript/fileName/NamePickGui.cs: 2c5392a37dc177dc65a116f98af1080e -> 
  custom:scripting/monoscript/fileName/TabViewManager.cs: a7d06552ed611c43e44fb3fef2b558f5 -> 
  custom:scripting/monoscript/fileName/PlayerUI.cs: 4d64fa5e9e8828968d6cc191a132718d -> 
  custom:scripting/monoscript/fileName/EnableOnSingleRunner.cs: 9976ce768e23cc0678b095d30598d8cd -> 
  custom:scripting/monoscript/fileName/PunCockpit.cs: 534cb157a89724d3ca07a36bb2005880 -> 
  custom:scripting/monoscript/fileName/RoomListCell.cs: 8d1543bdc9816b8a578d6cd2eebe48be -> 
  custom:scripting/monoscript/fileName/CurrentRoomNameProperty.cs: 72010acf97fe1f3e9ff0b8c322c93e83 -> 
  custom:scripting/monoscript/fileName/NetworkObjectProviderDefault.cs: 0eb113b3784be4de9cc2f3cdcdf5e36c -> 
  custom:scripting/monoscript/fileName/PunPlayerScores.cs: eee61e21995464ded106b44bf2f6edd4 -> 
  custom:scripting/monoscript/fileName/PunTeamsInspector.cs: 4df913dbc11ac67364301ce3915ea909 -> 
  custom:scripting/monoscript/fileName/Extensions.cs: 3f8618856b92f72822431fd67127e289 -> 
  custom:scripting/monoscript/fileName/AutoSyncSceneToggle.cs: f5a0c8cb6428054959052eda2623401a -> 
  custom:scripting/monoscript/fileName/ToDemoHubButton.cs: 76a2afa2c645f73081ead15c9512dae8 -> 
  custom:scripting/monoscript/fileName/CountOfPlayersInRoomProperty.cs: 22a26994633102695250e14533d8bd88 -> 
  custom:scripting/monoscript/fileName/AppSettingsExtensions.cs: 7eb3b190282e171c2845b1d8ee71ed5c -> 
  custom:scripting/monoscript/fileName/Region.cs: a0331a07d2a132f6cd24585218741838 -> 
  custom:scripting/monoscript/fileName/Bezier.cs: b8534c761c3f32134ac0822189e167cc -> 
  custom:scripting/monoscript/fileName/PhotonEditor.cs: 9beee3a7ca2bc764b51880f31127a0ea -> 
  custom:scripting/monoscript/fileName/CountOfPlayersProperty.cs: 92593170cc4984fa211f8cfbd69ac9a3 -> 
  custom:scripting/monoscript/fileName/OnStartDelete.cs: ca7ff388213f651af9d8be5d8844a8f4 -> 
  custom:video-encoder-webm-vp8: eb34c28f22e8b96e1ab97ce403110664 -> 
  custom:scripting/monoscript/fileName/ChatClient.cs: d3eb880194f03abd869e259e1e9fd5f0 -> 
  custom:scripting/monoscript/fileName/PhotonRigidbody2DView.cs: cfabe07ff5658dc80bf23a32c3f3d3ea -> 
  custom:scripting/monoscript/fileName/RoomListView.cs: 2b7207d3ddc2539dd2b806ed485e033b -> 
  custom:scripting/monoscript/fileName/OfflineModeProperty.cs: 142619a08af07c654a2536f2386c9c6c -> 
  custom:container-demuxer-ogg: 62fdf1f143b41e24485cea50d1cbac27 -> 
  custom:scripting/monoscript/fileName/Noise.cs: dc35aa19dae9f4b9d9d351205aaba1c6 -> 
  custom:scripting/monoscript/fileName/GameVersionProperty.cs: 212cdb5858947bda9a55c4e8f58ef2c6 -> 
  custom:framework-win-MediaFoundation: 216162199b28c13a410421893ffa2e32 -> 
  custom:scripting/monoscript/fileName/ConnectAndJoinRandom.cs: 00d6f17fa442bd592f9dfb4622a40a5d -> 
  custom:scripting/monoscript/fileName/PhotonTransformView.cs: ea668b9d3ca2e512312f4d0840810b14 -> 
  custom:scripting/monoscript/fileName/FusionBootstrap.cs: ce6761b6f61ee75dccdb3d85fc55a691 -> 
  custom:scripting/monoscript/fileName/RoomListEntry.cs: c7ba9dd428a6b8b410fe51075bfba1e1 -> 
  custom:scripting/monoscript/fileName/CurrentRoomMasterClientIdProperty.cs: 8a7f2b18c7369cf86e69820d5f0602fe -> 
  custom:scripting/monoscript/fileName/PunTeams.cs: 97cdf6951e96c2643337cf5fb8f69c0b -> 
  custom:scripting/monoscript/fileName/RegionListCell.cs: f6a1e00ce33d3dec4b7e2cfe425726c7 -> 
  custom:scripting/monoscript/fileName/PunSceneSettings.cs: 91ded15e638c075e189911af7f870d60 -> 
  custom:scripting/monoscript/fileName/ThirdPersonCharacter.cs: d37a384ef7557636dd0499ecb4e48640 -> 
  custom:scripting/monoscript/fileName/PlayerDetailsController.cs: 4a8b583bcd181f124e040cd407eab3b7 -> 
  custom:scripting/monoscript/fileName/PhotonRigidbody2DViewEditor.cs: 1bbd8586933ea3b91d286e3a03ef0b15 -> 
  custom:scripting/monoscript/fileName/Fusion.Unity.Editor.cs: b14e14e52edac49806a8f9d4187d9f4c -> 
  custom:scripting/monoscript/fileName/Fusion.Unity.cs: 2f52e767df9231dc9ad5c805bed98e70 -> 
  custom:scripting/monoscript/fileName/SlotLanes.cs: 97949fb7cbc49a87a0e9a949a270c39f -> 
  custom:scripting/monoscript/fileName/StatesGui.cs: 98e5143501c303d7d5973c718d302233 -> 
  custom:scripting/monoscript/fileName/SplineWalker.cs: 5be65352f0f07fbe7665dfb31e99644d -> 
  custom:scripting/monoscript/fileName/PingProperty.cs: 9f24d087d77c62d9ddcbab43ed4cd5fe -> 
  custom:scripting/monoscript/fileName/LoadLevelUIForm.cs: 6198023540609558b39b6b3a84524494 -> 
  custom:scripting/monoscript/fileName/MultiplayerManager.cs: 29415d0687c638629166b314004ee270 -> 
  custom:scripting/monoscript/fileName/BezierCurve.cs: 6855a37c0f6b23766e2a15354899a784 -> 
  custom:scripting/monoscript/fileName/Line.cs: 5e23c11e3450a3cc94ccc16c37b15685 -> 
  custom:scripting/monoscript/fileName/FusionStatsBillboard.cs: beff202fd2a83c3f993d781559426984 -> 
  custom:scripting/monoscript/fileName/SetRoomCustomPropertyUIForm.cs: 9f1b75809ed6e2f34b0b61446d287bd4 -> 
  custom:scripting/monoscript/fileName/RunnerAOIGizmos.cs: 8b1629a60417f80a3d501474e540ad3f -> 
  custom:scripting/monoscript/fileName/PointedAtGameObjectInfo.cs: 0f220a9d7e421f59db30fb04c90d6c0e -> 
  custom:scripting/monoscript/fileName/PhotonLagSimulationGui.cs: de60acfca25c9c245519382776ad2f82 -> 
  custom:scripting/monoscript/fileName/OnPointerOverTooltip.cs: b9abe1fce28033712ba423247874af86 -> 
  custom:scripting/monoscript/fileName/PhotonViewHandler.cs: 7c6c7799f7e9296388067c605d1dc27c -> 
  custom:scripting/monoscript/fileName/CullingHandler.cs: ff4506351c41ac4ce471635b6b12ceb3 -> 
  custom:scripting/monoscript/fileName/PlayerListView.cs: 60e6f2e41401ae176dea7b70bab3c390 -> 
  custom:scripting/monoscript/fileName/SplinePosition.cs: b39b2fa35faaacaf63f8929368e2e5de -> 
  custom:video-decoder-ogg-theora: a1e56fd34408186e4bbccfd4996cb3dc -> 
  custom:scripting/monoscript/fileName/PlayerNumbering.cs: ce6d1f08b3d2d23009596a69c08b221d -> 
  custom:scripting/monoscript/fileName/PunStartup.cs: 961ddc858b2c0426ca5019c7e78c4fbf -> 
  custom:scripting/monoscript/fileName/FusionStatsMeterBar.cs: d21101dd4c4710df60c667e63d577d83 -> 
  custom:scripting/monoscript/fileName/PhotonHandler.cs: 70e641dd7ce55eb351f633fc29fb5f7f -> 
  custom:scripting/monoscript/fileName/IntInputField.cs: 40c0ee81b04639c26264c222a1aaea0c -> 
  custom:scripting/monoscript/fileName/PhotonRigidbodyView.cs: f6b453c3dd57cf47fa35b8156daece9a -> 
  custom:scripting/monoscript/fileName/TextToggleIsOnTransition.cs: 326b9c727c304dd69fe51444f64a7721 -> 
  custom:scripting/monoscript/fileName/WorldGenerator.cs: dca0ae82b72e05480b823fc7043006c0 -> 
  custom:scripting/monoscript/fileName/LobbyTopPanel.cs: 830e03b228bff7a95bbb092a2d6b29d2 -> 
  custom:scripting/monoscript/fileName/PlayerOverviewPanel.cs: 515bb293728f907f134591646985b9ce -> 
  custom:scripting/monoscript/fileName/OnlineDocButton.cs: e8bceb35def1f2c21aeb107b10e7c020 -> 
  custom:scripting/monoscript/fileName/AsteroidsGameManager.cs: 12a51843b5b71df994a62f28231ff7ef -> 
  custom:scripting/monoscript/fileName/ServerSettings.cs: 8fa55e8857e3ebd201455fd70a9f157d -> 
  custom:scripting/monoscript/fileName/ServerSettingsInspector.cs: 95da0bc9ecca5735a6f497f524ce7e54 -> 
  custom:scripting/monoscript/fileName/AppVersionProperty.cs: a4b4daafa219f35ecce40e74ac804003 -> 
  custom:scripting/monoscript/fileName/ProceduralController.cs: 294ae00e975ca4fe85822d6f85fe658a -> 
  custom:scripting/monoscript/fileName/BackgroundTimeOutField.cs: 301f4bb8d6480b188021ecf99ba8be6c -> 
  custom:scripting/monoscript/fileName/UserIdField.cs: 889d45ebefa87613726b801d1e5e80c8 -> 
  custom:scripting/monoscript/fileName/GraphicToggleIsOnTransition.cs: 7e3768d2f1167a9a7dc7f801820c67a5 -> 
  custom:scripting/monoscript/fileName/ChatGui.cs: 83ccb577c346edd301c0a35e11693dfd -> 
  custom:scripting/monoscript/fileName/AccountService.cs: 80b748556379aab9364d8ef00499f1a9 -> 
  custom:scripting/monoscript/fileName/PhotonRigidbodyViewEditor.cs: ab7e34153fa9a3c646e0316fa6fc5600 -> 
  custom:scripting/monoscript/fileName/CrcCheckToggle.cs: a236d00910b93ad4ae792080fb07508e -> 
  custom:scripting/monoscript/fileName/FusionBootstrapDebugGUI.cs: 371b4228dd1f5808b5897e19c03d546a -> 
  custom:scripting/monoscript/fileName/Player.cs: b6aef835b43cb69bef999bd5136f7c21 -> 
  custom:scripting/monoscript/fileName/LoadbalancingPeer.cs: d9dd9ca955de7f0a553b219d39f29621 -> 
  custom:scripting/monoscript/fileName/FusionStatsObjectIds.cs: 43a79179a267263c08267aeebfb7eafd -> 
  custom:scripting/monoscript/fileName/PunCockpitEmbed.cs: 2240c92b97535c6672465e83f1e36036 -> 
  custom:scripting/monoscript/fileName/CurrentRoomIsOpenToggle.cs: 229c6038772c64902eb501df39020417 -> 
  custom:scripting/monoscript/fileName/PhotonStatsGui.cs: d8361e63c4cf02d1cc41570adb7e9d85 -> 
  custom:scripting/monoscript/fileName/PunSceneSettingsInspector.cs: da5c9fdcd684cd1c669e2f5c5f40d373 -> 
  custom:scripting/monoscript/fileName/CurrentRoomMaxPlayersProperty.cs: f8d2a9d7157be1b82e5db9695b63da90 -> 
  custom:scripting/monoscript/fileName/PhotonNetwork.cs: b0631ad5c9d567edbfc4fb2b742f00d0 -> 
  custom:scripting/monoscript/fileName/OnClickRpc.cs: a4c1c482691ed3f8764f3736c0d692ea -> 
  custom:scripting/monoscript/fileName/BezierSpline.cs: fdb9ccdef0d3985b914118aec7c411f2 -> 
  custom:scripting/monoscript/fileName/PhotonPing.cs: 3f140d1df899c474f22230f66cc59a41 -> 
  custom:scripting/monoscript/fileName/CurrentRoomIsVisibleToggle.cs: 47a99e70dc7fd5d059dfbf899c22bbdb -> 
  custom:scripting/monoscript/fileName/Fusion.CodeGen.cs: b9ff9c5a347ec7e6d58d9aa467d5ae96 -> 
  custom:scripting/monoscript/fileName/PhotonStreamQueue.cs: 5d5e55e8eb60f78e116626969ed0311e -> 
  custom:scripting/monoscript/fileName/WebRpcImplementationExample.cs: 7bff59c7defddf73a4ceae1090065bd1 -> 
  custom:container-muxer-webm: aa71ff27fc2769a1b78a27578f13a17b -> 
  custom:scripting/monoscript/fileName/InfosPanelPlaceholder.cs: fef54b122412d96995fae2ad440bb18b -> 
  custom:scripting/monoscript/fileName/NestedComponentUtilities.cs: 033fd91b849b48295ab920beaf62446d -> 
  custom:scripting/monoscript/fileName/PhotonEditorUtils.cs: 4456563b945cca498f5f71d9eb2059b9 -> 
  custom:scripting/monoscript/fileName/IPunCallbacks.cs: 81caf01d84a9fa08671565d87776010b -> 
  custom:scripting/monoscript/fileName/FriendInfo.cs: be836ba41ecfa4c9dca4b510bdfea5c8 -> 
  custom:scripting/monoscript/fileName/CountOfRoomsProperty.cs: c0688910145f665105cec6c6eaf4f03c -> 
  custom:scripting/monoscript/fileName/ServerProperty.cs: d53bc3d40dee4679a13aa7a9ff58706e -> 
  custom:scripting/monoscript/fileName/Bullet.cs: 77c411c50d821352e611a16c30f40226 -> 
  custom:scripting/monoscript/fileName/OnClickDestroy.cs: 84deb4bc685f090f86133752922a945d -> 
  custom:scripting/monoscript/fileName/PhotonView.cs: b2662a18b33c427e0ec2e5ab1a56c2b5 -> 
  custom:scripting/monoscript/fileName/LoadBalancingClient.cs: 632813597f9db7bc895b13321ba1b05b -> 
  custom:scripting/monoscript/fileName/PhotonTransformViewClassic.cs: b13582f7122692c3dc0b0b58565603b7 -> 
  custom:scripting/monoscript/fileName/CameraWork.cs: 7182be285ca897b882f7b04a97b5001a -> 
  custom:scripting/monoscript/fileName/GameVersionField.cs: e1aaf98c257ad1044f09a430176c1d25 -> 
  custom:scripting/monoscript/fileName/CurrentRoomPlayerCountProperty.cs: 2e3a71196f608331c351de9edf7166b4 -> 
  custom:video-codec-MediaFoundation-h265: 746d11721c4dcdbdad8f713fa42b33f4 -> 
  custom:scripting/monoscript/fileName/PhotonAnimatorView.cs: d7e478a730cbe0e6a3a4e1f87600646a -> 
  custom:scripting/monoscript/fileName/CloudRegionProperty.cs: a98a80d4740fc4627fa07cd0d1b937f1 -> 
  custom:scripting/monoscript/fileName/PhotonGUI.cs: a5571c3104cbd100c9135419869f9e73 -> 
  custom:scripting/monoscript/fileName/CurrentRoomPlayerTtlProperty.cs: 5737d382a26e8898e597b19ab06904c5 -> 
  custom:CustomObjectIndexerAttribute: 756ad292c208cfabdd7b50bc23989ffe -> 
  custom:container-demuxer-webm: 4f35f7cbe854078d1ac9338744f61a02 -> 
  custom:scripting/monoscript/fileName/Cluster.cs: 5ff22076c2cc06a01d1cc1c38d08f712 -> 
  custom:scripting/monoscript/fileName/BestRegionInPrefsProperty.cs: f81195994c87654890233836f627cd69 -> 
  custom:scripting/monoscript/fileName/RunnerVisibilityLink.cs: 6e4a2325960fce24f58edb6ee6b338d8 -> 
  custom:scripting/monoscript/fileName/Spaceship.cs: 77d86dcddcb47a6cc18163eb292fa20b -> 
  custom:scripting/monoscript/fileName/CullAreaEditor.cs: ac85e81dd9fb835b90f15d14c78d253a -> 
  custom:scripting/monoscript/fileName/LobbyMainPanel.cs: bee85956556c66d6096a3300e7923c77 -> 
  custom:scripting/monoscript/fileName/ChatParameterCode.cs: a0fd6a090c21b2fc7ca69a867e9c27c2 -> 
  custom:scripting/monoscript/fileName/LayoutElementMatchSize.cs: 325cd6d9cb44d01cc8cfa43a5413de8f -> 
  custom:scripting/monoscript/fileName/TextButtonTransition.cs: 72f2c4484a6dc921aacef6b387422aa7 -> 
  custom:scripting/monoscript/fileName/SupportLogger.cs: 6226925e792eee84b718aee3baaa82a7 -> 
  custom:scripting/monoscript/fileName/Asteroid.cs: 8382d1ead570177214081c1ec12affef -> 
  custom:scripting/monoscript/fileName/CurrentRoomExpectedUsersProperty.cs: 15c7823a1b55465c741092cad452b5e4 -> 
  custom:scripting/monoscript/fileName/BoolInputField.cs: 96b6c600bd0428819f492c767ecf8b5b -> 
========================================================================
Received Import Request.
  Time since last request: 5.347435 seconds.
  path: Assets/Scenes/Game UI.unity
  artifactKey: Guid(b21b948472105574aa943eea76d152fc) Importer(815301076,1909f56bfc062723c751e8b465ee728b)
Start importing Assets/Scenes/Game UI.unity using Guid(b21b948472105574aa943eea76d152fc) Importer(815301076,1909f56bfc062723c751e8b465ee728b)  -> (artifact id: 'd0527c622b743a2c169243ff2abe8b0b') in 0.005981 seconds
Number of updated asset objects reloaded before import = 0
Number of asset objects unloaded after import = 0
========================================================================
Received Prepare
Begin MonoManager ReloadAssembly
C:\build\output\Unity-Technologies\mono\mono\metadata\icall.c:1842:
C:\build\output\Unity-Technologies\mono\mono\metadata\icall.c:1842:
C:\build\output\Unity-Technologies\mono\mono\metadata\icall.c:1842:
C:\build\output\Unity-Technologies\mono\mono\metadata\icall.c:1842:
C:\build\output\Unity-Technologies\mono\mono\metadata\icall.c:1842:
C:\build\output\Unity-Technologies\mono\mono\metadata\icall.c:1842:
C:\build\output\Unity-Technologies\mono\mono\metadata\icall.c:1842:
C:\build\output\Unity-Technologies\mono\mono\metadata\icall.c:1842:
C:\build\output\Unity-Technologies\mono\mono\metadata\icall.c:1842:
C:\build\output\Unity-Technologies\mono\mono\metadata\icall.c:1842:
C:\build\output\Unity-Technologies\mono\mono\metadata\icall.c:1842:
C:\build\output\Unity-Technologies\mono\mono\metadata\icall.c:1842:
Symbol file LoadedFromMemory doesn't match image C:\Users\tudor\OneDrive\Imagini\Documente\GitHub\Anarchy chess\Library\PackageCache\com.unity.visualscripting@1.8.0\Editor\VisualScripting.Core\Dependencies\YamlDotNet\Unity.VisualScripting.YamlDotNet.dll
Symbol file LoadedFromMemory doesn't match image C:\Users\tudor\OneDrive\Imagini\Documente\GitHub\Anarchy chess\Library\PackageCache\com.unity.visualscripting@1.8.0\Editor\VisualScripting.Core\Dependencies\DotNetZip\Unity.VisualScripting.IonicZip.dll
- Loaded All Assemblies, in  0.617 seconds
Refreshing native plugins compatible for Editor in 5.29 ms, found 4 plugins.
Native extension for Android target not found
Native extension for WindowsStandalone target not found
Mono: successfully reloaded assembly
- Finished resetting the current domain, in  0.794 seconds
Domain Reload Profiling: 1408ms
	BeginReloadAssembly (151ms)
		ExecutionOrderSort (0ms)
		DisableScriptedObjects (10ms)
		BackupInstance (0ms)
		ReleaseScriptingObjects (0ms)
		CreateAndSetChildDomain (35ms)
	RebuildCommonClasses (28ms)
	RebuildNativeTypeToScriptingClass (11ms)
	initialDomainReloadingComplete (22ms)
	LoadAllAssembliesAndSetupDomain (401ms)
		LoadAssemblies (255ms)
		RebuildTransferFunctionScriptingTraits (0ms)
		AnalyzeDomain (220ms)
			TypeCache.Refresh (215ms)
				TypeCache.ScanAssembly (207ms)
			ScanForSourceGeneratedMonoScriptInfo (0ms)
			ResolveRequiredComponents (5ms)
	FinalizeReload (795ms)
		ReleaseScriptCaches (0ms)
		RebuildScriptCaches (0ms)
		SetupLoadedEditorAssemblies (366ms)
			LogAssemblyErrors (0ms)
			InitializePlatformSupportModulesInManaged (18ms)
			SetLoadedEditorAssemblies (3ms)
			BeforeProcessingInitializeOnLoad (74ms)
			ProcessInitializeOnLoadAttributes (244ms)
			ProcessInitializeOnLoadMethodAttributes (24ms)
			AfterProcessingInitializeOnLoad (4ms)
			EditorAssembliesLoaded (0ms)
		ExecutionOrderSort2 (0ms)
		AwakeInstancesAfterBackupRestoration (6ms)
Refreshing native plugins compatible for Editor in 4.46 ms, found 4 plugins.
Preloading 0 native plugins for Editor in 0.00 ms.
Unloading 4277 Unused Serialized files (Serialized files now loaded: 0)
Unloading 38 unused Assets / (38.5 KB). Loaded Objects now: 4876.
Memory consumption went from 171.0 MB to 170.9 MB.
Total: 3.480200 ms (FindLiveObjects: 0.225000 ms CreateObjectMapping: 0.162000 ms MarkObjects: 3.035400 ms  DeleteObjects: 0.056300 ms)

Prepare: number of updated asset objects reloaded= 0
AssetImportParameters requested are different than current active one (requested -> active):
  custom:scripting/monoscript/fileName/CountdownTimer.cs: 29151b8b1909dcb5f8770e606e1b626a -> 
  custom:scripting/monoscript/fileName/NickNameField.cs: 4566439151a528588c6e77fbea15ef25 -> 
  custom:scripting/monoscript/fileName/ConnectionHandler.cs: 33c1e29051dc60b1fb7e8675cafa9a54 -> 
  custom:scripting/monoscript/fileName/NetworkProjectConfigImporterEditor.cs: 0b9c7f8db96d38ff89dc9f2e19e80a40 -> 
  custom:scripting/monoscript/fileName/StringInputField.cs: 766f94c288e6bb2cfcd18d60914c0461 -> 
  custom:scripting/monoscript/fileName/PhotonTransformViewClassicEditor.cs: 174be401c238aa6e741f961399731929 -> 
  custom:scripting/monoscript/fileName/Fusion.CodeGen.User.cs: 7518413c31be8fc7fe79dd8f5b20fa0c -> 
  custom:scripting/monoscript/fileName/SmoothSyncMovement.cs: 31ee6a992a574c4e665f73e48482d3fc -> 
  custom:scripting/monoscript/fileName/PlayerListCell.cs: 76799f985e8a3951e5d132618c3350d8 -> 
  custom:scripting/monoscript/fileName/NetworkCharacterController.cs: 0d9ab4a1b508efe718225ceffebd8e54 -> 
  custom:scripting/monoscript/fileName/ConnectAndJoinRandomLb.cs: 9dd47be72f766f78cbbffce9f8575ef1 -> 
  custom:scripting/monoscript/fileName/RoomInfo.cs: 86776ad49e4deb535029b369c45e7f36 -> 
  custom:scripting/monoscript/fileName/ServerAddressProperty.cs: 284ddbe40a77584c9c8835a0d4d63859 -> 
  custom:video-decoder-webm-vp8: 9c59270c3fd7afecdb556c50c9e8de78 -> 
  custom:scripting/monoscript/fileName/SlotRacerSplashScreen.cs: 76e2c64393d61c31f26e20612278ec67 -> 
  custom:scripting/monoscript/fileName/ChannelCreationOptions.cs: 4231621e658bee43f79b42f64c894f83 -> 
  custom:scripting/monoscript/fileName/SystemConnectionSummary.cs: bf5673a8df4878a9885c94fd51dd3397 -> 
  custom:scripting/monoscript/fileName/RunnerLagCompensationGizmos.cs: f7028307a5d8b8de388a40efb20302af -> 
  custom:SearchIndexIgnoredProperties: e643bd26f0fe6173181afceb89e7c659 -> 
  custom:scripting/monoscript/fileName/DocLinks.cs: 22fc6e62d47c65fdd35bd32f57891e69 -> 
  custom:scripting/monoscript/fileName/FriendListView.cs: 04c66340ac95991cba62207cfc3f8015 -> 
  custom:scripting/monoscript/fileName/RunnerEnableVisibility.cs: e1b57f1bd6fcbd3137975404af4bcf85 -> 
  custom:scripting/monoscript/fileName/OnClickInstantiate.cs: 3929e8581c0458b4fa6c3ecec790414e -> 
  custom:scripting/monoscript/fileName/PlayerNumberingInspector.cs: e277bf463a09eaa6bcf2868a0f243e5c -> 
  custom:scripting/monoscript/fileName/NetworkProjectConfigImporter.cs: a2caae9d85fed596662aa6841efc1b3e -> 
  custom:scripting/monoscript/fileName/IChatClientListener.cs: e6ec1b8d09bf11f3791c0bd18ae45880 -> 
  custom:audio-encoder-webm-vorbis: bf7c407c2cedff20999df2af8eb42d56 -> 
  custom:scripting/monoscript/fileName/FusionEditorSkin.cs: c6dee1ba664a2a78ce51705f2322e50c -> 
  custom:scripting/monoscript/fileName/PunClasses.cs: d6a17dc119cdc0b4a5b92f4135a56268 -> 
  custom:scripting/monoscript/fileName/ScoreHelper.cs: 7e2091fcb90bdab85f4be0c18d586eba -> 
  custom:scripting/monoscript/fileName/FusionStatsGraph.cs: 7021e2a0a0c25bbb5696ad6d6108403d -> 
  custom:scripting/monoscript/fileName/IsConnectedAndReadyProperty.cs: af06b6e7ee3f25798787bf32cafcb247 -> 
  custom:scripting/monoscript/fileName/OnEscapeQuit.cs: be21f25ae17e13db5ee6619d0c4d06e1 -> 
  custom:scripting/monoscript/fileName/FusionRunnerVisibilityControlsWindow.cs: 503e55d51d5bac9ff9db7e3128ab6896 -> 
  custom:scripting/monoscript/fileName/OnJoinedInstantiate.cs: e6fcd481d2d6dd67f5b18fb26017d8ba -> 
  custom:scripting/monoscript/fileName/IgnoreUiRaycastWhenInactive.cs: 64ae0ba0567ac5043ee479695fe7bd2b -> 
  custom:scripting/monoscript/fileName/PlayerListEntry.cs: 3811c0a731ead3815771e470aaca8954 -> 
  custom:scripting/monoscript/fileName/ChatUserStatus.cs: 70a3ef1ac77c9464b5af9f3f7bba93e1 -> 
  custom:scripting/monoscript/fileName/CurrentRoomEmptyRoomTtlProperty.cs: ba459c40e550063227b6dbef6f2e12d7 -> 
  custom:scripting/monoscript/fileName/FusionAddressablePrefabsPreloader.cs: 609c7194fc18608a6ba4972670be253b -> 
  custom:scripting/monoscript/fileName/MonoBehaviourPunEditor.cs: a420633076e18e6ded9ee7ff41e5161d -> 
  custom:scripting/monoscript/fileName/IngameControlPanel.cs: e8e78297d18e08fd0d6ef99a75e376c2 -> 
  custom:scripting/monoscript/fileName/CustomTypes.cs: 32fb10f0e1ae6f1f4c5b8deb3c8e83c3 -> 
  custom:scripting/monoscript/fileName/PlayerManager.cs: 5b0494b39b9a262c0ad29b1931262023 -> 
  custom:scripting/monoscript/fileName/CurrentRoomIsOpenProperty.cs: 401af34d1219dc5c3b2d226ce3b12b08 -> 
  custom:scripting/monoscript/fileName/RegionListView.cs: d1509ce3c1dcf26ebb758f8eb59e1c54 -> 
  custom:scripting/monoscript/fileName/ConnectToRegionUIForm.cs: 662fbbb8f06b04129a615111e69dec89 -> 
  custom:scripting/monoscript/fileName/SendRateOnSerializeField.cs: 8559ed016d3004cf7fa75b6b51babcf0 -> 
  custom:scripting/monoscript/fileName/Block.cs: 4912a9664024ee7276656eb28373609a -> 
  custom:scripting/monoscript/fileName/RunnerVisibilityLinksRoot.cs: 64f229c02655e4ab1b3ad93c7368ccfe -> 
  custom:scripting/monoscript/fileName/WebRpc.cs: ee2bfdfdd166ac7a426061037e23ee8f -> 
  custom:scripting/monoscript/fileName/BezierSplineInspector.cs: 64d312faa4ce8272425b85e56f7f3f74 -> 
  custom:scripting/monoscript/fileName/IPhotonViewCallbacks.cs: 6b192d91218207b95c2b171719310343 -> 
  custom:scripting/monoscript/fileName/Launcher.cs: 6d0f0651107e8b978d50eb5d8ca63cd3 -> 
  custom:scripting/monoscript/fileName/PropertyCell.cs: caa15b0e3299de64e13d6f1d4cf295aa -> 
  custom:scripting/monoscript/fileName/PunTurnManager.cs: c24499e0acfb9782133d39c092b0366b -> 
  custom:scripting/monoscript/fileName/CurrentRoomIsVisibleProperty.cs: be95d33e9289a548289bfd3ab9507d59 -> 
  custom:scripting/monoscript/fileName/ChatChannel.cs: 052e931f7bf91536d9bda80d682b6368 -> 
  custom:scripting/monoscript/fileName/BezierCurveInspector.cs: cd033eb785ec71c240751fc164fcbff1 -> 
  custom:scripting/monoscript/fileName/AppSettings.cs: d20c247df910115cd4c5ae83482475ef -> 
  custom:scripting/monoscript/fileName/PhotonAnimatorViewEditor.cs: fd89a9c520118567d7b47e39070bcd39 -> 
  custom:scripting/monoscript/fileName/PhotonViewInspector.cs: da72c707197b3a14a9e4fc031131a7bc -> 
  custom:scripting/monoscript/fileName/CurrentRoomPropertiesListedInLobbyProperty.cs: c8880d240fca5295b2028661629631dc -> 
  custom:scripting/monoscript/fileName/ThirdPersonUserControl.cs: 1e36b4529ca7c2f8667ed6449c3722b9 -> 
  custom:scripting/monoscript/fileName/CurrentRoomIsOfflineProperty.cs: a3b570f54686008ce7d1ddf281dfdde2 -> 
  custom:scripting/monoscript/fileName/PlayerControl.cs: 6df8b26511518ec75eac4160d12ac3bc -> 
  custom:scripting/monoscript/fileName/LineInspector.cs: b46fbdbe979ee95575b26620e8af2791 -> 
  custom:scripting/monoscript/fileName/PhotonNetworkPart.cs: 28ef43a4727cd01eb0456d4c51a096be -> 
  custom:scripting/monoscript/fileName/CustomTypesUnity.cs: 013c37589fb09e7f77b2d495dfa13043 -> 
  custom:scripting/monoscript/fileName/ChannelWellKnownProperties.cs: 7e2dabda8907dc60fb63ae9c28cb0b10 -> 
  custom:scripting/monoscript/fileName/ToggleExpand.cs: 8df2d7619ad2c56cf93b2f0cedc9c9a4 -> 
  custom:scripting/monoscript/fileName/EventSystemSpawner.cs: c525f40330ddc66d7e7f5297346da241 -> 
  custom:scripting/monoscript/fileName/PlayerNameInputField.cs: 27839abf4289ab34aa2cc2967033966d -> 
  custom:scripting/monoscript/fileName/IsConnectedProperty.cs: 981ecf71603e1baa6ce21b0fd1acc020 -> 
  custom:scripting/monoscript/fileName/PlayerAnimatorManager.cs: a7d34eb870b3ee44c83d5db31316a095 -> 
  custom:scripting/monoscript/fileName/MoveByKeys.cs: 0be06a6581575752c58847799d9932e6 -> 
  custom:scripting/monoscript/fileName/FriendListCell.cs: 8dfedb1e000853780b714ad0651f22a9 -> 
  custom:scripting/monoscript/fileName/PhotonTeamsManager.cs: ed14ceec94e7d1247f794ca4f7f3aa2e -> 
  custom:scripting/monoscript/fileName/ChatOperationCode.cs: dac444e0d5bbc5c837c33663c8b2cefb -> 
  custom:AudioImporter_EditorPlatform: d09bf68614088b80899f8185d706f6e7 -> 
  custom:scripting/monoscript/fileName/ChatEventCode.cs: 764a52cdc3a575d4587f1a0939ee2b6d -> 
  custom:scripting/monoscript/fileName/PhotonTransformViewEditor.cs: d59344a8429d1e1c91f78e42f728790a -> 
  custom:scripting/monoscript/fileName/DocLinkButton.cs: 551275f4066ad419ab79864501010643 -> 
  custom:scripting/monoscript/fileName/Room.cs: f509531380bf8f44be3c84421df8f27b -> 
  custom:scripting/monoscript/fileName/AsteroidsGame.cs: 39019f3fa92643372bcb4670a7434593 -> 
  custom:scripting/monoscript/fileName/LoaderAnime.cs: 95ab941fc8d4427c4fa6c07cf9af1057 -> 
  custom:scripting/monoscript/fileName/ButtonInsideScrollList.cs: 663db374c5f487d95198d2dce6dd1ce7 -> 
  custom:scripting/monoscript/fileName/ReorderableListResources.cs: a21396365aa80586d6fe0c3f093e8e8a -> 12f8cf94345b17bd1a3aef7c3b5bd157
  custom:scripting/monoscript/fileName/SendRateField.cs: 5786bd6806651c5e23c7d4a511e3dfaa -> 
  custom:scripting/monoscript/fileName/PhotonTeamsManagerInspector.cs: 55bea48a55e757c56d53ded3ae32c48e -> 
  custom:audio-decoder-ogg-vorbis: bf7c407c2cedff20999df2af8eb42d56 -> 
  custom:scripting/monoscript/fileName/UserIdUiForm.cs: 0a1836b26b3227dc4bf5c907f6dcc697 -> 
  custom:scripting/monoscript/fileName/ChatAppSettings.cs: db433ce9dc535a56c6c28a3183328622 -> 
  custom:scripting/monoscript/fileName/NetworkSceneManagerDefault.cs: 871a1346f3625e42e5be83f620052e51 -> 
  custom:scripting/monoscript/fileName/PropertyListenerBase.cs: f9338b1da94c09d1d4dc5b01f854e0e3 -> 
  custom:scripting/monoscript/fileName/FriendItem.cs: 7041a5cee458fd755b4167724bf865d2 -> 
  custom:scripting/monoscript/fileName/ChannelSelector.cs: 787aa32b539868663942ded37c6d24ef -> 
  custom:scripting/monoscript/fileName/RegionHandler.cs: 6de377e0adf86218af15234cc2039610 -> 
  custom:scripting/monoscript/fileName/ChatAppIdCheckerUI.cs: 1bb8fafd3e2c10dfddf187c423c0f4b8 -> 
  custom:scripting/monoscript/fileName/CullArea.cs: 75f7e0f84478d7778555f1e1e66d50b7 -> 
  custom:scripting/monoscript/fileName/CountOfPlayersOnMasterProperty.cs: aa74237d4beb81bd33ceee77917bae47 -> 
  custom:scripting/monoscript/fileName/GameManager.cs: 56bc6cc643bcbf5a5a0d63cbd09e7487 -> 9933fbcc6190e2a9171c2ec8808a053e
  custom:scripting/monoscript/fileName/CurrentRoomAutoCleanupProperty.cs: a92fec09d98c752e495341af83135d64 -> 
  custom:scripting/monoscript/fileName/ChatPeer.cs: ab4cb6a09b2bd7026434274768d75701 -> 
  custom:scripting/monoscript/fileName/DemoHubManager.cs: 0dd9c19f14946313f8d78bca90723987 -> 
  custom:scripting/monoscript/fileName/CreateRoomUiForm.cs: bf1ce360a976c4439345f8064d17d3ad -> 
  custom:scripting/monoscript/fileName/NamePickGui.cs: 2c5392a37dc177dc65a116f98af1080e -> 
  custom:scripting/monoscript/fileName/TabViewManager.cs: a7d06552ed611c43e44fb3fef2b558f5 -> 
  custom:scripting/monoscript/fileName/PlayerUI.cs: 4d64fa5e9e8828968d6cc191a132718d -> 
  custom:scripting/monoscript/fileName/EnableOnSingleRunner.cs: 9976ce768e23cc0678b095d30598d8cd -> 
  custom:scripting/monoscript/fileName/PunCockpit.cs: 534cb157a89724d3ca07a36bb2005880 -> 
  custom:scripting/monoscript/fileName/RoomListCell.cs: 8d1543bdc9816b8a578d6cd2eebe48be -> 
  custom:scripting/monoscript/fileName/CurrentRoomNameProperty.cs: 72010acf97fe1f3e9ff0b8c322c93e83 -> 
  custom:scripting/monoscript/fileName/NetworkObjectProviderDefault.cs: 0eb113b3784be4de9cc2f3cdcdf5e36c -> 
  custom:scripting/monoscript/fileName/PunPlayerScores.cs: eee61e21995464ded106b44bf2f6edd4 -> 
  custom:scripting/monoscript/fileName/PunTeamsInspector.cs: 4df913dbc11ac67364301ce3915ea909 -> 
  custom:scripting/monoscript/fileName/Extensions.cs: 3f8618856b92f72822431fd67127e289 -> 
  custom:scripting/monoscript/fileName/AutoSyncSceneToggle.cs: f5a0c8cb6428054959052eda2623401a -> 
  custom:scripting/monoscript/fileName/ToDemoHubButton.cs: 76a2afa2c645f73081ead15c9512dae8 -> 
  custom:scripting/monoscript/fileName/CountOfPlayersInRoomProperty.cs: 22a26994633102695250e14533d8bd88 -> 
  custom:scripting/monoscript/fileName/AppSettingsExtensions.cs: 7eb3b190282e171c2845b1d8ee71ed5c -> 
  custom:scripting/monoscript/fileName/Region.cs: a0331a07d2a132f6cd24585218741838 -> 
  custom:scripting/monoscript/fileName/Bezier.cs: b8534c761c3f32134ac0822189e167cc -> 
  custom:scripting/monoscript/fileName/PhotonEditor.cs: 9beee3a7ca2bc764b51880f31127a0ea -> 
  custom:scripting/monoscript/fileName/CountOfPlayersProperty.cs: 92593170cc4984fa211f8cfbd69ac9a3 -> 
  custom:scripting/monoscript/fileName/OnStartDelete.cs: ca7ff388213f651af9d8be5d8844a8f4 -> 
  custom:video-encoder-webm-vp8: eb34c28f22e8b96e1ab97ce403110664 -> 
  custom:scripting/monoscript/fileName/ChatClient.cs: d3eb880194f03abd869e259e1e9fd5f0 -> 
  custom:scripting/monoscript/fileName/PhotonRigidbody2DView.cs: cfabe07ff5658dc80bf23a32c3f3d3ea -> 
  custom:scripting/monoscript/fileName/RoomListView.cs: 2b7207d3ddc2539dd2b806ed485e033b -> 
  custom:scripting/monoscript/fileName/OfflineModeProperty.cs: 142619a08af07c654a2536f2386c9c6c -> 
  custom:container-demuxer-ogg: 62fdf1f143b41e24485cea50d1cbac27 -> 
  custom:scripting/monoscript/fileName/Noise.cs: dc35aa19dae9f4b9d9d351205aaba1c6 -> 
  custom:scripting/monoscript/fileName/GameVersionProperty.cs: 212cdb5858947bda9a55c4e8f58ef2c6 -> 
  custom:framework-win-MediaFoundation: 216162199b28c13a410421893ffa2e32 -> 
  custom:scripting/monoscript/fileName/ConnectAndJoinRandom.cs: 00d6f17fa442bd592f9dfb4622a40a5d -> 
  custom:scripting/monoscript/fileName/PhotonTransformView.cs: ea668b9d3ca2e512312f4d0840810b14 -> 
  custom:scripting/monoscript/fileName/FusionBootstrap.cs: ce6761b6f61ee75dccdb3d85fc55a691 -> 
  custom:scripting/monoscript/fileName/RoomListEntry.cs: c7ba9dd428a6b8b410fe51075bfba1e1 -> 
  custom:scripting/monoscript/fileName/CurrentRoomMasterClientIdProperty.cs: 8a7f2b18c7369cf86e69820d5f0602fe -> 
  custom:scripting/monoscript/fileName/PunTeams.cs: 97cdf6951e96c2643337cf5fb8f69c0b -> 
  custom:scripting/monoscript/fileName/RegionListCell.cs: f6a1e00ce33d3dec4b7e2cfe425726c7 -> 
  custom:scripting/monoscript/fileName/PunSceneSettings.cs: 91ded15e638c075e189911af7f870d60 -> 
  custom:scripting/monoscript/fileName/ThirdPersonCharacter.cs: d37a384ef7557636dd0499ecb4e48640 -> 
  custom:scripting/monoscript/fileName/PlayerDetailsController.cs: 4a8b583bcd181f124e040cd407eab3b7 -> 
  custom:scripting/monoscript/fileName/PhotonRigidbody2DViewEditor.cs: 1bbd8586933ea3b91d286e3a03ef0b15 -> 
  custom:scripting/monoscript/fileName/Fusion.Unity.Editor.cs: b14e14e52edac49806a8f9d4187d9f4c -> 
  custom:scripting/monoscript/fileName/Fusion.Unity.cs: 2f52e767df9231dc9ad5c805bed98e70 -> 
  custom:scripting/monoscript/fileName/SlotLanes.cs: 97949fb7cbc49a87a0e9a949a270c39f -> 
  custom:scripting/monoscript/fileName/StatesGui.cs: 98e5143501c303d7d5973c718d302233 -> 
  custom:scripting/monoscript/fileName/SplineWalker.cs: 5be65352f0f07fbe7665dfb31e99644d -> 
  custom:scripting/monoscript/fileName/PingProperty.cs: 9f24d087d77c62d9ddcbab43ed4cd5fe -> 
  custom:scripting/monoscript/fileName/LoadLevelUIForm.cs: 6198023540609558b39b6b3a84524494 -> 
  custom:scripting/monoscript/fileName/MultiplayerManager.cs: 29415d0687c638629166b314004ee270 -> 
  custom:scripting/monoscript/fileName/BezierCurve.cs: 6855a37c0f6b23766e2a15354899a784 -> 
  custom:scripting/monoscript/fileName/Line.cs: 5e23c11e3450a3cc94ccc16c37b15685 -> 
  custom:scripting/monoscript/fileName/FusionStatsBillboard.cs: beff202fd2a83c3f993d781559426984 -> 
  custom:scripting/monoscript/fileName/SetRoomCustomPropertyUIForm.cs: 9f1b75809ed6e2f34b0b61446d287bd4 -> 
  custom:scripting/monoscript/fileName/RunnerAOIGizmos.cs: 8b1629a60417f80a3d501474e540ad3f -> 
  custom:scripting/monoscript/fileName/PointedAtGameObjectInfo.cs: 0f220a9d7e421f59db30fb04c90d6c0e -> 
  custom:scripting/monoscript/fileName/PhotonLagSimulationGui.cs: de60acfca25c9c245519382776ad2f82 -> 
  custom:scripting/monoscript/fileName/OnPointerOverTooltip.cs: b9abe1fce28033712ba423247874af86 -> 
  custom:scripting/monoscript/fileName/PhotonViewHandler.cs: 7c6c7799f7e9296388067c605d1dc27c -> 
  custom:scripting/monoscript/fileName/CullingHandler.cs: ff4506351c41ac4ce471635b6b12ceb3 -> 
  custom:scripting/monoscript/fileName/PlayerListView.cs: 60e6f2e41401ae176dea7b70bab3c390 -> 
  custom:scripting/monoscript/fileName/SplinePosition.cs: b39b2fa35faaacaf63f8929368e2e5de -> 
  custom:video-decoder-ogg-theora: a1e56fd34408186e4bbccfd4996cb3dc -> 
  custom:scripting/monoscript/fileName/PlayerNumbering.cs: ce6d1f08b3d2d23009596a69c08b221d -> 
  custom:scripting/monoscript/fileName/PunStartup.cs: 961ddc858b2c0426ca5019c7e78c4fbf -> 
  custom:scripting/monoscript/fileName/FusionStatsMeterBar.cs: d21101dd4c4710df60c667e63d577d83 -> 
  custom:scripting/monoscript/fileName/PhotonHandler.cs: 70e641dd7ce55eb351f633fc29fb5f7f -> 
  custom:scripting/monoscript/fileName/IntInputField.cs: 40c0ee81b04639c26264c222a1aaea0c -> 
  custom:scripting/monoscript/fileName/PhotonRigidbodyView.cs: f6b453c3dd57cf47fa35b8156daece9a -> 
  custom:scripting/monoscript/fileName/TextToggleIsOnTransition.cs: 326b9c727c304dd69fe51444f64a7721 -> 
  custom:scripting/monoscript/fileName/WorldGenerator.cs: dca0ae82b72e05480b823fc7043006c0 -> 
  custom:scripting/monoscript/fileName/LobbyTopPanel.cs: 830e03b228bff7a95bbb092a2d6b29d2 -> 
  custom:scripting/monoscript/fileName/PlayerOverviewPanel.cs: 515bb293728f907f134591646985b9ce -> 
  custom:scripting/monoscript/fileName/OnlineDocButton.cs: e8bceb35def1f2c21aeb107b10e7c020 -> 
  custom:scripting/monoscript/fileName/AsteroidsGameManager.cs: 12a51843b5b71df994a62f28231ff7ef -> 
  custom:scripting/monoscript/fileName/ServerSettings.cs: 8fa55e8857e3ebd201455fd70a9f157d -> 
  custom:scripting/monoscript/fileName/ServerSettingsInspector.cs: 95da0bc9ecca5735a6f497f524ce7e54 -> 
  custom:scripting/monoscript/fileName/AppVersionProperty.cs: a4b4daafa219f35ecce40e74ac804003 -> 
  custom:scripting/monoscript/fileName/ProceduralController.cs: 294ae00e975ca4fe85822d6f85fe658a -> 
  custom:scripting/monoscript/fileName/BackgroundTimeOutField.cs: 301f4bb8d6480b188021ecf99ba8be6c -> 
  custom:scripting/monoscript/fileName/UserIdField.cs: 889d45ebefa87613726b801d1e5e80c8 -> 
  custom:scripting/monoscript/fileName/GraphicToggleIsOnTransition.cs: 7e3768d2f1167a9a7dc7f801820c67a5 -> 
  custom:scripting/monoscript/fileName/ChatGui.cs: 83ccb577c346edd301c0a35e11693dfd -> 
  custom:scripting/monoscript/fileName/AccountService.cs: 80b748556379aab9364d8ef00499f1a9 -> 
  custom:scripting/monoscript/fileName/PhotonRigidbodyViewEditor.cs: ab7e34153fa9a3c646e0316fa6fc5600 -> 
  custom:scripting/monoscript/fileName/CrcCheckToggle.cs: a236d00910b93ad4ae792080fb07508e -> 
  custom:scripting/monoscript/fileName/FusionBootstrapDebugGUI.cs: 371b4228dd1f5808b5897e19c03d546a -> 
  custom:scripting/monoscript/fileName/Player.cs: b6aef835b43cb69bef999bd5136f7c21 -> 
  custom:scripting/monoscript/fileName/LoadbalancingPeer.cs: d9dd9ca955de7f0a553b219d39f29621 -> 
  custom:scripting/monoscript/fileName/FusionStatsObjectIds.cs: 43a79179a267263c08267aeebfb7eafd -> 
  custom:scripting/monoscript/fileName/PunCockpitEmbed.cs: 2240c92b97535c6672465e83f1e36036 -> 
  custom:scripting/monoscript/fileName/CurrentRoomIsOpenToggle.cs: 229c6038772c64902eb501df39020417 -> 
  custom:scripting/monoscript/fileName/PhotonStatsGui.cs: d8361e63c4cf02d1cc41570adb7e9d85 -> 
  custom:scripting/monoscript/fileName/PunSceneSettingsInspector.cs: da5c9fdcd684cd1c669e2f5c5f40d373 -> 
  custom:scripting/monoscript/fileName/CurrentRoomMaxPlayersProperty.cs: f8d2a9d7157be1b82e5db9695b63da90 -> 
  custom:scripting/monoscript/fileName/PhotonNetwork.cs: b0631ad5c9d567edbfc4fb2b742f00d0 -> 
  custom:scripting/monoscript/fileName/OnClickRpc.cs: a4c1c482691ed3f8764f3736c0d692ea -> 
  custom:scripting/monoscript/fileName/BezierSpline.cs: fdb9ccdef0d3985b914118aec7c411f2 -> 
  custom:scripting/monoscript/fileName/PhotonPing.cs: 3f140d1df899c474f22230f66cc59a41 -> 
  custom:scripting/monoscript/fileName/CurrentRoomIsVisibleToggle.cs: 47a99e70dc7fd5d059dfbf899c22bbdb -> 
  custom:scripting/monoscript/fileName/Fusion.CodeGen.cs: b9ff9c5a347ec7e6d58d9aa467d5ae96 -> 
  custom:scripting/monoscript/fileName/PhotonStreamQueue.cs: 5d5e55e8eb60f78e116626969ed0311e -> 
  custom:scripting/monoscript/fileName/WebRpcImplementationExample.cs: 7bff59c7defddf73a4ceae1090065bd1 -> 
  custom:container-muxer-webm: aa71ff27fc2769a1b78a27578f13a17b -> 
  custom:scripting/monoscript/fileName/InfosPanelPlaceholder.cs: fef54b122412d96995fae2ad440bb18b -> 
  custom:scripting/monoscript/fileName/NestedComponentUtilities.cs: 033fd91b849b48295ab920beaf62446d -> 
  custom:scripting/monoscript/fileName/PhotonEditorUtils.cs: 4456563b945cca498f5f71d9eb2059b9 -> 
  custom:scripting/monoscript/fileName/IPunCallbacks.cs: 81caf01d84a9fa08671565d87776010b -> 
  custom:scripting/monoscript/fileName/FriendInfo.cs: be836ba41ecfa4c9dca4b510bdfea5c8 -> 
  custom:scripting/monoscript/fileName/CountOfRoomsProperty.cs: c0688910145f665105cec6c6eaf4f03c -> 
  custom:scripting/monoscript/fileName/ServerProperty.cs: d53bc3d40dee4679a13aa7a9ff58706e -> 
  custom:scripting/monoscript/fileName/Bullet.cs: 77c411c50d821352e611a16c30f40226 -> 
  custom:scripting/monoscript/fileName/OnClickDestroy.cs: 84deb4bc685f090f86133752922a945d -> 
  custom:scripting/monoscript/fileName/PhotonView.cs: b2662a18b33c427e0ec2e5ab1a56c2b5 -> 
  custom:scripting/monoscript/fileName/LoadBalancingClient.cs: 632813597f9db7bc895b13321ba1b05b -> 
  custom:scripting/monoscript/fileName/PhotonTransformViewClassic.cs: b13582f7122692c3dc0b0b58565603b7 -> 
  custom:scripting/monoscript/fileName/CameraWork.cs: 7182be285ca897b882f7b04a97b5001a -> 
  custom:scripting/monoscript/fileName/GameVersionField.cs: e1aaf98c257ad1044f09a430176c1d25 -> 
  custom:scripting/monoscript/fileName/CurrentRoomPlayerCountProperty.cs: 2e3a71196f608331c351de9edf7166b4 -> 
  custom:video-codec-MediaFoundation-h265: 746d11721c4dcdbdad8f713fa42b33f4 -> 
  custom:scripting/monoscript/fileName/PhotonAnimatorView.cs: d7e478a730cbe0e6a3a4e1f87600646a -> 
  custom:scripting/monoscript/fileName/CloudRegionProperty.cs: a98a80d4740fc4627fa07cd0d1b937f1 -> 
  custom:scripting/monoscript/fileName/PhotonGUI.cs: a5571c3104cbd100c9135419869f9e73 -> 
  custom:scripting/monoscript/fileName/CurrentRoomPlayerTtlProperty.cs: 5737d382a26e8898e597b19ab06904c5 -> 
  custom:CustomObjectIndexerAttribute: 756ad292c208cfabdd7b50bc23989ffe -> 
  custom:container-demuxer-webm: 4f35f7cbe854078d1ac9338744f61a02 -> 
  custom:scripting/monoscript/fileName/Cluster.cs: 5ff22076c2cc06a01d1cc1c38d08f712 -> 
  custom:scripting/monoscript/fileName/BestRegionInPrefsProperty.cs: f81195994c87654890233836f627cd69 -> 
  custom:scripting/monoscript/fileName/RunnerVisibilityLink.cs: 6e4a2325960fce24f58edb6ee6b338d8 -> 
  custom:scripting/monoscript/fileName/Spaceship.cs: 77d86dcddcb47a6cc18163eb292fa20b -> 
  custom:scripting/monoscript/fileName/CullAreaEditor.cs: ac85e81dd9fb835b90f15d14c78d253a -> 
  custom:scripting/monoscript/fileName/LobbyMainPanel.cs: bee85956556c66d6096a3300e7923c77 -> 
  custom:scripting/monoscript/fileName/ChatParameterCode.cs: a0fd6a090c21b2fc7ca69a867e9c27c2 -> 
  custom:scripting/monoscript/fileName/LayoutElementMatchSize.cs: 325cd6d9cb44d01cc8cfa43a5413de8f -> 
  custom:scripting/monoscript/fileName/TextButtonTransition.cs: 72f2c4484a6dc921aacef6b387422aa7 -> 
  custom:scripting/monoscript/fileName/SupportLogger.cs: 6226925e792eee84b718aee3baaa82a7 -> 
  custom:scripting/monoscript/fileName/Asteroid.cs: 8382d1ead570177214081c1ec12affef -> 
  custom:scripting/monoscript/fileName/CurrentRoomExpectedUsersProperty.cs: 15c7823a1b55465c741092cad452b5e4 -> 
  custom:scripting/monoscript/fileName/BoolInputField.cs: 96b6c600bd0428819f492c767ecf8b5b -> 
========================================================================
Received Prepare
Begin MonoManager ReloadAssembly
C:\build\output\Unity-Technologies\mono\mono\metadata\icall.c:1842:
C:\build\output\Unity-Technologies\mono\mono\metadata\icall.c:1842:
C:\build\output\Unity-Technologies\mono\mono\metadata\icall.c:1842:
C:\build\output\Unity-Technologies\mono\mono\metadata\icall.c:1842:
C:\build\output\Unity-Technologies\mono\mono\metadata\icall.c:1842:
C:\build\output\Unity-Technologies\mono\mono\metadata\icall.c:1842:
C:\build\output\Unity-Technologies\mono\mono\metadata\icall.c:1842:
C:\build\output\Unity-Technologies\mono\mono\metadata\icall.c:1842:
C:\build\output\Unity-Technologies\mono\mono\metadata\icall.c:1842:
C:\build\output\Unity-Technologies\mono\mono\metadata\icall.c:1842:
C:\build\output\Unity-Technologies\mono\mono\metadata\icall.c:1842:
C:\build\output\Unity-Technologies\mono\mono\metadata\icall.c:1842:
Symbol file LoadedFromMemory doesn't match image C:\Users\tudor\OneDrive\Imagini\Documente\GitHub\Anarchy chess\Library\PackageCache\com.unity.visualscripting@1.8.0\Editor\VisualScripting.Core\Dependencies\YamlDotNet\Unity.VisualScripting.YamlDotNet.dll
Symbol file LoadedFromMemory doesn't match image C:\Users\tudor\OneDrive\Imagini\Documente\GitHub\Anarchy chess\Library\PackageCache\com.unity.visualscripting@1.8.0\Editor\VisualScripting.Core\Dependencies\DotNetZip\Unity.VisualScripting.IonicZip.dll
- Loaded All Assemblies, in  0.627 seconds
Refreshing native plugins compatible for Editor in 3.77 ms, found 4 plugins.
Native extension for Android target not found
Native extension for WindowsStandalone target not found
Mono: successfully reloaded assembly
- Finished resetting the current domain, in  0.858 seconds
Domain Reload Profiling: 1483ms
	BeginReloadAssembly (157ms)
		ExecutionOrderSort (0ms)
		DisableScriptedObjects (11ms)
		BackupInstance (0ms)
		ReleaseScriptingObjects (0ms)
		CreateAndSetChildDomain (36ms)
	RebuildCommonClasses (27ms)
	RebuildNativeTypeToScriptingClass (9ms)
	initialDomainReloadingComplete (24ms)
	LoadAllAssembliesAndSetupDomain (408ms)
		LoadAssemblies (262ms)
		RebuildTransferFunctionScriptingTraits (0ms)
		AnalyzeDomain (223ms)
			TypeCache.Refresh (220ms)
				TypeCache.ScanAssembly (212ms)
			ScanForSourceGeneratedMonoScriptInfo (0ms)
			ResolveRequiredComponents (3ms)
	FinalizeReload (859ms)
		ReleaseScriptCaches (0ms)
		RebuildScriptCaches (0ms)
		SetupLoadedEditorAssemblies (373ms)
			LogAssemblyErrors (0ms)
			InitializePlatformSupportModulesInManaged (20ms)
			SetLoadedEditorAssemblies (3ms)
			BeforeProcessingInitializeOnLoad (73ms)
			ProcessInitializeOnLoadAttributes (250ms)
			ProcessInitializeOnLoadMethodAttributes (24ms)
			AfterProcessingInitializeOnLoad (4ms)
			EditorAssembliesLoaded (0ms)
		ExecutionOrderSort2 (0ms)
		AwakeInstancesAfterBackupRestoration (6ms)
Refreshing native plugins compatible for Editor in 3.76 ms, found 4 plugins.
Preloading 0 native plugins for Editor in 0.00 ms.
Unloading 4278 Unused Serialized files (Serialized files now loaded: 0)
Unloading 38 unused Assets / (37.4 KB). Loaded Objects now: 4879.
Memory consumption went from 173.2 MB to 173.1 MB.
Total: 3.873000 ms (FindLiveObjects: 0.323100 ms CreateObjectMapping: 0.414900 ms MarkObjects: 3.080600 ms  DeleteObjects: 0.053500 ms)

Prepare: number of updated asset objects reloaded= 0
AssetImportParameters requested are different than current active one (requested -> active):
  custom:scripting/monoscript/fileName/CountdownTimer.cs: 29151b8b1909dcb5f8770e606e1b626a -> 
  custom:scripting/monoscript/fileName/NickNameField.cs: 4566439151a528588c6e77fbea15ef25 -> 
  custom:scripting/monoscript/fileName/ConnectionHandler.cs: 33c1e29051dc60b1fb7e8675cafa9a54 -> 
  custom:scripting/monoscript/fileName/NetworkProjectConfigImporterEditor.cs: 0b9c7f8db96d38ff89dc9f2e19e80a40 -> 
  custom:scripting/monoscript/fileName/StringInputField.cs: 766f94c288e6bb2cfcd18d60914c0461 -> 
  custom:scripting/monoscript/fileName/PhotonTransformViewClassicEditor.cs: 174be401c238aa6e741f961399731929 -> 
  custom:scripting/monoscript/fileName/Fusion.CodeGen.User.cs: 7518413c31be8fc7fe79dd8f5b20fa0c -> 
  custom:scripting/monoscript/fileName/SmoothSyncMovement.cs: 31ee6a992a574c4e665f73e48482d3fc -> 
  custom:scripting/monoscript/fileName/PlayerListCell.cs: 76799f985e8a3951e5d132618c3350d8 -> 
  custom:scripting/monoscript/fileName/NetworkCharacterController.cs: 0d9ab4a1b508efe718225ceffebd8e54 -> 
  custom:scripting/monoscript/fileName/ConnectAndJoinRandomLb.cs: 9dd47be72f766f78cbbffce9f8575ef1 -> 
  custom:scripting/monoscript/fileName/RoomInfo.cs: 86776ad49e4deb535029b369c45e7f36 -> 
  custom:scripting/monoscript/fileName/ServerAddressProperty.cs: 284ddbe40a77584c9c8835a0d4d63859 -> 
  custom:video-decoder-webm-vp8: 9c59270c3fd7afecdb556c50c9e8de78 -> 
  custom:scripting/monoscript/fileName/SlotRacerSplashScreen.cs: 76e2c64393d61c31f26e20612278ec67 -> 
  custom:scripting/monoscript/fileName/ChannelCreationOptions.cs: 4231621e658bee43f79b42f64c894f83 -> 
  custom:scripting/monoscript/fileName/SystemConnectionSummary.cs: bf5673a8df4878a9885c94fd51dd3397 -> 
  custom:scripting/monoscript/fileName/RunnerLagCompensationGizmos.cs: f7028307a5d8b8de388a40efb20302af -> 
  custom:SearchIndexIgnoredProperties: e643bd26f0fe6173181afceb89e7c659 -> 
  custom:scripting/monoscript/fileName/DocLinks.cs: 22fc6e62d47c65fdd35bd32f57891e69 -> 
  custom:scripting/monoscript/fileName/FriendListView.cs: 04c66340ac95991cba62207cfc3f8015 -> 
  custom:scripting/monoscript/fileName/RunnerEnableVisibility.cs: e1b57f1bd6fcbd3137975404af4bcf85 -> 
  custom:scripting/monoscript/fileName/OnClickInstantiate.cs: 3929e8581c0458b4fa6c3ecec790414e -> 
  custom:scripting/monoscript/fileName/PlayerNumberingInspector.cs: e277bf463a09eaa6bcf2868a0f243e5c -> 
  custom:scripting/monoscript/fileName/NetworkProjectConfigImporter.cs: a2caae9d85fed596662aa6841efc1b3e -> 
  custom:scripting/monoscript/fileName/IChatClientListener.cs: e6ec1b8d09bf11f3791c0bd18ae45880 -> 
  custom:audio-encoder-webm-vorbis: bf7c407c2cedff20999df2af8eb42d56 -> 
  custom:scripting/monoscript/fileName/FusionEditorSkin.cs: c6dee1ba664a2a78ce51705f2322e50c -> 
  custom:scripting/monoscript/fileName/PunClasses.cs: d6a17dc119cdc0b4a5b92f4135a56268 -> 
  custom:scripting/monoscript/fileName/ScoreHelper.cs: 7e2091fcb90bdab85f4be0c18d586eba -> 
  custom:scripting/monoscript/fileName/FusionStatsGraph.cs: 7021e2a0a0c25bbb5696ad6d6108403d -> 
  custom:scripting/monoscript/fileName/IsConnectedAndReadyProperty.cs: af06b6e7ee3f25798787bf32cafcb247 -> 
  custom:scripting/monoscript/fileName/OnEscapeQuit.cs: be21f25ae17e13db5ee6619d0c4d06e1 -> 
  custom:scripting/monoscript/fileName/FusionRunnerVisibilityControlsWindow.cs: 503e55d51d5bac9ff9db7e3128ab6896 -> 
  custom:scripting/monoscript/fileName/OnJoinedInstantiate.cs: e6fcd481d2d6dd67f5b18fb26017d8ba -> 
  custom:scripting/monoscript/fileName/IgnoreUiRaycastWhenInactive.cs: 64ae0ba0567ac5043ee479695fe7bd2b -> 
  custom:scripting/monoscript/fileName/PlayerListEntry.cs: 3811c0a731ead3815771e470aaca8954 -> 
  custom:scripting/monoscript/fileName/ChatUserStatus.cs: 70a3ef1ac77c9464b5af9f3f7bba93e1 -> 
  custom:scripting/monoscript/fileName/CurrentRoomEmptyRoomTtlProperty.cs: ba459c40e550063227b6dbef6f2e12d7 -> 
  custom:scripting/monoscript/fileName/FusionAddressablePrefabsPreloader.cs: 609c7194fc18608a6ba4972670be253b -> 
  custom:scripting/monoscript/fileName/MonoBehaviourPunEditor.cs: a420633076e18e6ded9ee7ff41e5161d -> 
  custom:scripting/monoscript/fileName/IngameControlPanel.cs: e8e78297d18e08fd0d6ef99a75e376c2 -> 
  custom:scripting/monoscript/fileName/CustomTypes.cs: 32fb10f0e1ae6f1f4c5b8deb3c8e83c3 -> 
  custom:scripting/monoscript/fileName/PlayerManager.cs: 5b0494b39b9a262c0ad29b1931262023 -> 
  custom:scripting/monoscript/fileName/CurrentRoomIsOpenProperty.cs: 401af34d1219dc5c3b2d226ce3b12b08 -> 
  custom:scripting/monoscript/fileName/RegionListView.cs: d1509ce3c1dcf26ebb758f8eb59e1c54 -> 
  custom:scripting/monoscript/fileName/ConnectToRegionUIForm.cs: 662fbbb8f06b04129a615111e69dec89 -> 
  custom:scripting/monoscript/fileName/SendRateOnSerializeField.cs: 8559ed016d3004cf7fa75b6b51babcf0 -> 
  custom:scripting/monoscript/fileName/Block.cs: 4912a9664024ee7276656eb28373609a -> 
  custom:scripting/monoscript/fileName/RunnerVisibilityLinksRoot.cs: 64f229c02655e4ab1b3ad93c7368ccfe -> 
  custom:scripting/monoscript/fileName/WebRpc.cs: ee2bfdfdd166ac7a426061037e23ee8f -> 
  custom:scripting/monoscript/fileName/BezierSplineInspector.cs: 64d312faa4ce8272425b85e56f7f3f74 -> 
  custom:scripting/monoscript/fileName/IPhotonViewCallbacks.cs: 6b192d91218207b95c2b171719310343 -> 
  custom:scripting/monoscript/fileName/Launcher.cs: 6d0f0651107e8b978d50eb5d8ca63cd3 -> 
  custom:scripting/monoscript/fileName/PropertyCell.cs: caa15b0e3299de64e13d6f1d4cf295aa -> 
  custom:scripting/monoscript/fileName/PunTurnManager.cs: c24499e0acfb9782133d39c092b0366b -> 
  custom:scripting/monoscript/fileName/CurrentRoomIsVisibleProperty.cs: be95d33e9289a548289bfd3ab9507d59 -> 
  custom:scripting/monoscript/fileName/ChatChannel.cs: 052e931f7bf91536d9bda80d682b6368 -> 
  custom:scripting/monoscript/fileName/BezierCurveInspector.cs: cd033eb785ec71c240751fc164fcbff1 -> 
  custom:scripting/monoscript/fileName/AppSettings.cs: d20c247df910115cd4c5ae83482475ef -> 
  custom:scripting/monoscript/fileName/PhotonAnimatorViewEditor.cs: fd89a9c520118567d7b47e39070bcd39 -> 
  custom:scripting/monoscript/fileName/PhotonViewInspector.cs: da72c707197b3a14a9e4fc031131a7bc -> 
  custom:scripting/monoscript/fileName/CurrentRoomPropertiesListedInLobbyProperty.cs: c8880d240fca5295b2028661629631dc -> 
  custom:scripting/monoscript/fileName/ThirdPersonUserControl.cs: 1e36b4529ca7c2f8667ed6449c3722b9 -> 
  custom:scripting/monoscript/fileName/CurrentRoomIsOfflineProperty.cs: a3b570f54686008ce7d1ddf281dfdde2 -> 
  custom:scripting/monoscript/fileName/PlayerControl.cs: 6df8b26511518ec75eac4160d12ac3bc -> 
  custom:scripting/monoscript/fileName/LineInspector.cs: b46fbdbe979ee95575b26620e8af2791 -> 
  custom:scripting/monoscript/fileName/PhotonNetworkPart.cs: 28ef43a4727cd01eb0456d4c51a096be -> 
  custom:scripting/monoscript/fileName/CustomTypesUnity.cs: 013c37589fb09e7f77b2d495dfa13043 -> 
  custom:scripting/monoscript/fileName/ChannelWellKnownProperties.cs: 7e2dabda8907dc60fb63ae9c28cb0b10 -> 
  custom:scripting/monoscript/fileName/ToggleExpand.cs: 8df2d7619ad2c56cf93b2f0cedc9c9a4 -> 
  custom:scripting/monoscript/fileName/EventSystemSpawner.cs: c525f40330ddc66d7e7f5297346da241 -> 
  custom:scripting/monoscript/fileName/PlayerNameInputField.cs: 27839abf4289ab34aa2cc2967033966d -> 
  custom:scripting/monoscript/fileName/IsConnectedProperty.cs: 981ecf71603e1baa6ce21b0fd1acc020 -> 
  custom:scripting/monoscript/fileName/PlayerAnimatorManager.cs: a7d34eb870b3ee44c83d5db31316a095 -> 
  custom:scripting/monoscript/fileName/MoveByKeys.cs: 0be06a6581575752c58847799d9932e6 -> 
  custom:scripting/monoscript/fileName/FriendListCell.cs: 8dfedb1e000853780b714ad0651f22a9 -> 
  custom:scripting/monoscript/fileName/PhotonTeamsManager.cs: ed14ceec94e7d1247f794ca4f7f3aa2e -> 
  custom:scripting/monoscript/fileName/ChatOperationCode.cs: dac444e0d5bbc5c837c33663c8b2cefb -> 
  custom:AudioImporter_EditorPlatform: d09bf68614088b80899f8185d706f6e7 -> 
  custom:scripting/monoscript/fileName/ChatEventCode.cs: 764a52cdc3a575d4587f1a0939ee2b6d -> 
  custom:scripting/monoscript/fileName/PhotonTransformViewEditor.cs: d59344a8429d1e1c91f78e42f728790a -> 
  custom:scripting/monoscript/fileName/DocLinkButton.cs: 551275f4066ad419ab79864501010643 -> 
  custom:scripting/monoscript/fileName/Room.cs: f509531380bf8f44be3c84421df8f27b -> 
  custom:scripting/monoscript/fileName/AsteroidsGame.cs: 39019f3fa92643372bcb4670a7434593 -> 
  custom:scripting/monoscript/fileName/LoaderAnime.cs: 95ab941fc8d4427c4fa6c07cf9af1057 -> 
  custom:scripting/monoscript/fileName/ButtonInsideScrollList.cs: 663db374c5f487d95198d2dce6dd1ce7 -> 
  custom:scripting/monoscript/fileName/ReorderableListResources.cs: a21396365aa80586d6fe0c3f093e8e8a -> 12f8cf94345b17bd1a3aef7c3b5bd157
  custom:scripting/monoscript/fileName/SendRateField.cs: 5786bd6806651c5e23c7d4a511e3dfaa -> 
  custom:scripting/monoscript/fileName/PhotonTeamsManagerInspector.cs: 55bea48a55e757c56d53ded3ae32c48e -> 
  custom:audio-decoder-ogg-vorbis: bf7c407c2cedff20999df2af8eb42d56 -> 
  custom:scripting/monoscript/fileName/UserIdUiForm.cs: 0a1836b26b3227dc4bf5c907f6dcc697 -> 
  custom:scripting/monoscript/fileName/ChatAppSettings.cs: db433ce9dc535a56c6c28a3183328622 -> 
  custom:scripting/monoscript/fileName/NetworkSceneManagerDefault.cs: 871a1346f3625e42e5be83f620052e51 -> 
  custom:scripting/monoscript/fileName/PropertyListenerBase.cs: f9338b1da94c09d1d4dc5b01f854e0e3 -> 
  custom:scripting/monoscript/fileName/FriendItem.cs: 7041a5cee458fd755b4167724bf865d2 -> 
  custom:scripting/monoscript/fileName/ChannelSelector.cs: 787aa32b539868663942ded37c6d24ef -> 
  custom:scripting/monoscript/fileName/RegionHandler.cs: 6de377e0adf86218af15234cc2039610 -> 
  custom:scripting/monoscript/fileName/ChatAppIdCheckerUI.cs: 1bb8fafd3e2c10dfddf187c423c0f4b8 -> 
  custom:scripting/monoscript/fileName/CullArea.cs: 75f7e0f84478d7778555f1e1e66d50b7 -> 
  custom:scripting/monoscript/fileName/CountOfPlayersOnMasterProperty.cs: aa74237d4beb81bd33ceee77917bae47 -> 
  custom:scripting/monoscript/fileName/GameManager.cs: 56bc6cc643bcbf5a5a0d63cbd09e7487 -> 9933fbcc6190e2a9171c2ec8808a053e
  custom:scripting/monoscript/fileName/CurrentRoomAutoCleanupProperty.cs: a92fec09d98c752e495341af83135d64 -> 
  custom:scripting/monoscript/fileName/ChatPeer.cs: ab4cb6a09b2bd7026434274768d75701 -> 
  custom:scripting/monoscript/fileName/DemoHubManager.cs: 0dd9c19f14946313f8d78bca90723987 -> 
  custom:scripting/monoscript/fileName/CreateRoomUiForm.cs: bf1ce360a976c4439345f8064d17d3ad -> 
  custom:scripting/monoscript/fileName/NamePickGui.cs: 2c5392a37dc177dc65a116f98af1080e -> 
  custom:scripting/monoscript/fileName/TabViewManager.cs: a7d06552ed611c43e44fb3fef2b558f5 -> 
  custom:scripting/monoscript/fileName/PlayerUI.cs: 4d64fa5e9e8828968d6cc191a132718d -> 
  custom:scripting/monoscript/fileName/EnableOnSingleRunner.cs: 9976ce768e23cc0678b095d30598d8cd -> 
  custom:scripting/monoscript/fileName/PunCockpit.cs: 534cb157a89724d3ca07a36bb2005880 -> 
  custom:scripting/monoscript/fileName/RoomListCell.cs: 8d1543bdc9816b8a578d6cd2eebe48be -> 
  custom:scripting/monoscript/fileName/CurrentRoomNameProperty.cs: 72010acf97fe1f3e9ff0b8c322c93e83 -> 
  custom:scripting/monoscript/fileName/NetworkObjectProviderDefault.cs: 0eb113b3784be4de9cc2f3cdcdf5e36c -> 
  custom:scripting/monoscript/fileName/PunPlayerScores.cs: eee61e21995464ded106b44bf2f6edd4 -> 
  custom:scripting/monoscript/fileName/PunTeamsInspector.cs: 4df913dbc11ac67364301ce3915ea909 -> 
  custom:scripting/monoscript/fileName/Extensions.cs: 3f8618856b92f72822431fd67127e289 -> 
  custom:scripting/monoscript/fileName/AutoSyncSceneToggle.cs: f5a0c8cb6428054959052eda2623401a -> 
  custom:scripting/monoscript/fileName/ToDemoHubButton.cs: 76a2afa2c645f73081ead15c9512dae8 -> 
  custom:scripting/monoscript/fileName/CountOfPlayersInRoomProperty.cs: 22a26994633102695250e14533d8bd88 -> 
  custom:scripting/monoscript/fileName/AppSettingsExtensions.cs: 7eb3b190282e171c2845b1d8ee71ed5c -> 
  custom:scripting/monoscript/fileName/Region.cs: a0331a07d2a132f6cd24585218741838 -> 
  custom:scripting/monoscript/fileName/Bezier.cs: b8534c761c3f32134ac0822189e167cc -> 
  custom:scripting/monoscript/fileName/PhotonEditor.cs: 9beee3a7ca2bc764b51880f31127a0ea -> 
  custom:scripting/monoscript/fileName/CountOfPlayersProperty.cs: 92593170cc4984fa211f8cfbd69ac9a3 -> 
  custom:scripting/monoscript/fileName/OnStartDelete.cs: ca7ff388213f651af9d8be5d8844a8f4 -> 
  custom:video-encoder-webm-vp8: eb34c28f22e8b96e1ab97ce403110664 -> 
  custom:scripting/monoscript/fileName/ChatClient.cs: d3eb880194f03abd869e259e1e9fd5f0 -> 
  custom:scripting/monoscript/fileName/PhotonRigidbody2DView.cs: cfabe07ff5658dc80bf23a32c3f3d3ea -> 
  custom:scripting/monoscript/fileName/RoomListView.cs: 2b7207d3ddc2539dd2b806ed485e033b -> 
  custom:scripting/monoscript/fileName/OfflineModeProperty.cs: 142619a08af07c654a2536f2386c9c6c -> 
  custom:container-demuxer-ogg: 62fdf1f143b41e24485cea50d1cbac27 -> 
  custom:scripting/monoscript/fileName/Noise.cs: dc35aa19dae9f4b9d9d351205aaba1c6 -> 
  custom:scripting/monoscript/fileName/GameVersionProperty.cs: 212cdb5858947bda9a55c4e8f58ef2c6 -> 
  custom:framework-win-MediaFoundation: 216162199b28c13a410421893ffa2e32 -> 
  custom:scripting/monoscript/fileName/ConnectAndJoinRandom.cs: 00d6f17fa442bd592f9dfb4622a40a5d -> 
  custom:scripting/monoscript/fileName/PhotonTransformView.cs: ea668b9d3ca2e512312f4d0840810b14 -> 
  custom:scripting/monoscript/fileName/FusionBootstrap.cs: ce6761b6f61ee75dccdb3d85fc55a691 -> 
  custom:scripting/monoscript/fileName/RoomListEntry.cs: c7ba9dd428a6b8b410fe51075bfba1e1 -> 
  custom:scripting/monoscript/fileName/CurrentRoomMasterClientIdProperty.cs: 8a7f2b18c7369cf86e69820d5f0602fe -> 
  custom:scripting/monoscript/fileName/PunTeams.cs: 97cdf6951e96c2643337cf5fb8f69c0b -> 
  custom:scripting/monoscript/fileName/RegionListCell.cs: f6a1e00ce33d3dec4b7e2cfe425726c7 -> 
  custom:scripting/monoscript/fileName/PunSceneSettings.cs: 91ded15e638c075e189911af7f870d60 -> 
  custom:scripting/monoscript/fileName/ThirdPersonCharacter.cs: d37a384ef7557636dd0499ecb4e48640 -> 
  custom:scripting/monoscript/fileName/PlayerDetailsController.cs: 4a8b583bcd181f124e040cd407eab3b7 -> 
  custom:scripting/monoscript/fileName/PhotonRigidbody2DViewEditor.cs: 1bbd8586933ea3b91d286e3a03ef0b15 -> 
  custom:scripting/monoscript/fileName/Fusion.Unity.Editor.cs: b14e14e52edac49806a8f9d4187d9f4c -> 
  custom:scripting/monoscript/fileName/Fusion.Unity.cs: 2f52e767df9231dc9ad5c805bed98e70 -> 
  custom:scripting/monoscript/fileName/SlotLanes.cs: 97949fb7cbc49a87a0e9a949a270c39f -> 
  custom:scripting/monoscript/fileName/StatesGui.cs: 98e5143501c303d7d5973c718d302233 -> 
  custom:scripting/monoscript/fileName/SplineWalker.cs: 5be65352f0f07fbe7665dfb31e99644d -> 
  custom:scripting/monoscript/fileName/PingProperty.cs: 9f24d087d77c62d9ddcbab43ed4cd5fe -> 
  custom:scripting/monoscript/fileName/LoadLevelUIForm.cs: 6198023540609558b39b6b3a84524494 -> 
  custom:scripting/monoscript/fileName/MultiplayerManager.cs: 29415d0687c638629166b314004ee270 -> 
  custom:scripting/monoscript/fileName/BezierCurve.cs: 6855a37c0f6b23766e2a15354899a784 -> 
  custom:scripting/monoscript/fileName/Line.cs: 5e23c11e3450a3cc94ccc16c37b15685 -> 
  custom:scripting/monoscript/fileName/FusionStatsBillboard.cs: beff202fd2a83c3f993d781559426984 -> 
  custom:scripting/monoscript/fileName/SetRoomCustomPropertyUIForm.cs: 9f1b75809ed6e2f34b0b61446d287bd4 -> 
  custom:scripting/monoscript/fileName/RunnerAOIGizmos.cs: 8b1629a60417f80a3d501474e540ad3f -> 
  custom:scripting/monoscript/fileName/PointedAtGameObjectInfo.cs: 0f220a9d7e421f59db30fb04c90d6c0e -> 
  custom:scripting/monoscript/fileName/PhotonLagSimulationGui.cs: de60acfca25c9c245519382776ad2f82 -> 
  custom:scripting/monoscript/fileName/OnPointerOverTooltip.cs: b9abe1fce28033712ba423247874af86 -> 
  custom:scripting/monoscript/fileName/PhotonViewHandler.cs: 7c6c7799f7e9296388067c605d1dc27c -> 
  custom:scripting/monoscript/fileName/CullingHandler.cs: ff4506351c41ac4ce471635b6b12ceb3 -> 
  custom:scripting/monoscript/fileName/PlayerListView.cs: 60e6f2e41401ae176dea7b70bab3c390 -> 
  custom:scripting/monoscript/fileName/SplinePosition.cs: b39b2fa35faaacaf63f8929368e2e5de -> 
  custom:video-decoder-ogg-theora: a1e56fd34408186e4bbccfd4996cb3dc -> 
  custom:scripting/monoscript/fileName/PlayerNumbering.cs: ce6d1f08b3d2d23009596a69c08b221d -> 
  custom:scripting/monoscript/fileName/PunStartup.cs: 961ddc858b2c0426ca5019c7e78c4fbf -> 
  custom:scripting/monoscript/fileName/FusionStatsMeterBar.cs: d21101dd4c4710df60c667e63d577d83 -> 
  custom:scripting/monoscript/fileName/PhotonHandler.cs: 70e641dd7ce55eb351f633fc29fb5f7f -> 
  custom:scripting/monoscript/fileName/IntInputField.cs: 40c0ee81b04639c26264c222a1aaea0c -> 
  custom:scripting/monoscript/fileName/PhotonRigidbodyView.cs: f6b453c3dd57cf47fa35b8156daece9a -> 
  custom:scripting/monoscript/fileName/TextToggleIsOnTransition.cs: 326b9c727c304dd69fe51444f64a7721 -> 
  custom:scripting/monoscript/fileName/WorldGenerator.cs: dca0ae82b72e05480b823fc7043006c0 -> 
  custom:scripting/monoscript/fileName/LobbyTopPanel.cs: 830e03b228bff7a95bbb092a2d6b29d2 -> 
  custom:scripting/monoscript/fileName/PlayerOverviewPanel.cs: 515bb293728f907f134591646985b9ce -> 
  custom:scripting/monoscript/fileName/OnlineDocButton.cs: e8bceb35def1f2c21aeb107b10e7c020 -> 
  custom:scripting/monoscript/fileName/AsteroidsGameManager.cs: 12a51843b5b71df994a62f28231ff7ef -> 
  custom:scripting/monoscript/fileName/ServerSettings.cs: 8fa55e8857e3ebd201455fd70a9f157d -> 
  custom:scripting/monoscript/fileName/ServerSettingsInspector.cs: 95da0bc9ecca5735a6f497f524ce7e54 -> 
  custom:scripting/monoscript/fileName/AppVersionProperty.cs: a4b4daafa219f35ecce40e74ac804003 -> 
  custom:scripting/monoscript/fileName/ProceduralController.cs: 294ae00e975ca4fe85822d6f85fe658a -> 
  custom:scripting/monoscript/fileName/BackgroundTimeOutField.cs: 301f4bb8d6480b188021ecf99ba8be6c -> 
  custom:scripting/monoscript/fileName/UserIdField.cs: 889d45ebefa87613726b801d1e5e80c8 -> 
  custom:scripting/monoscript/fileName/GraphicToggleIsOnTransition.cs: 7e3768d2f1167a9a7dc7f801820c67a5 -> 
  custom:scripting/monoscript/fileName/ChatGui.cs: 83ccb577c346edd301c0a35e11693dfd -> 
  custom:scripting/monoscript/fileName/AccountService.cs: 80b748556379aab9364d8ef00499f1a9 -> 
  custom:scripting/monoscript/fileName/PhotonRigidbodyViewEditor.cs: ab7e34153fa9a3c646e0316fa6fc5600 -> 
  custom:scripting/monoscript/fileName/CrcCheckToggle.cs: a236d00910b93ad4ae792080fb07508e -> 
  custom:scripting/monoscript/fileName/FusionBootstrapDebugGUI.cs: 371b4228dd1f5808b5897e19c03d546a -> 
  custom:scripting/monoscript/fileName/Player.cs: b6aef835b43cb69bef999bd5136f7c21 -> 
  custom:scripting/monoscript/fileName/LoadbalancingPeer.cs: d9dd9ca955de7f0a553b219d39f29621 -> 
  custom:scripting/monoscript/fileName/FusionStatsObjectIds.cs: 43a79179a267263c08267aeebfb7eafd -> 
  custom:scripting/monoscript/fileName/PunCockpitEmbed.cs: 2240c92b97535c6672465e83f1e36036 -> 
  custom:scripting/monoscript/fileName/CurrentRoomIsOpenToggle.cs: 229c6038772c64902eb501df39020417 -> 
  custom:scripting/monoscript/fileName/PhotonStatsGui.cs: d8361e63c4cf02d1cc41570adb7e9d85 -> 
  custom:scripting/monoscript/fileName/PunSceneSettingsInspector.cs: da5c9fdcd684cd1c669e2f5c5f40d373 -> 
  custom:scripting/monoscript/fileName/CurrentRoomMaxPlayersProperty.cs: f8d2a9d7157be1b82e5db9695b63da90 -> 
  custom:scripting/monoscript/fileName/PhotonNetwork.cs: b0631ad5c9d567edbfc4fb2b742f00d0 -> 
  custom:scripting/monoscript/fileName/OnClickRpc.cs: a4c1c482691ed3f8764f3736c0d692ea -> 
  custom:scripting/monoscript/fileName/BezierSpline.cs: fdb9ccdef0d3985b914118aec7c411f2 -> 
  custom:scripting/monoscript/fileName/PhotonPing.cs: 3f140d1df899c474f22230f66cc59a41 -> 
  custom:scripting/monoscript/fileName/CurrentRoomIsVisibleToggle.cs: 47a99e70dc7fd5d059dfbf899c22bbdb -> 
  custom:scripting/monoscript/fileName/Fusion.CodeGen.cs: b9ff9c5a347ec7e6d58d9aa467d5ae96 -> 
  custom:scripting/monoscript/fileName/PhotonStreamQueue.cs: 5d5e55e8eb60f78e116626969ed0311e -> 
  custom:scripting/monoscript/fileName/WebRpcImplementationExample.cs: 7bff59c7defddf73a4ceae1090065bd1 -> 
  custom:container-muxer-webm: aa71ff27fc2769a1b78a27578f13a17b -> 
  custom:scripting/monoscript/fileName/InfosPanelPlaceholder.cs: fef54b122412d96995fae2ad440bb18b -> 
  custom:scripting/monoscript/fileName/NestedComponentUtilities.cs: 033fd91b849b48295ab920beaf62446d -> 
  custom:scripting/monoscript/fileName/PhotonEditorUtils.cs: 4456563b945cca498f5f71d9eb2059b9 -> 
  custom:scripting/monoscript/fileName/IPunCallbacks.cs: 81caf01d84a9fa08671565d87776010b -> 
  custom:scripting/monoscript/fileName/FriendInfo.cs: be836ba41ecfa4c9dca4b510bdfea5c8 -> 
  custom:scripting/monoscript/fileName/CountOfRoomsProperty.cs: c0688910145f665105cec6c6eaf4f03c -> 
  custom:scripting/monoscript/fileName/ServerProperty.cs: d53bc3d40dee4679a13aa7a9ff58706e -> 
  custom:scripting/monoscript/fileName/Bullet.cs: 77c411c50d821352e611a16c30f40226 -> 
  custom:scripting/monoscript/fileName/OnClickDestroy.cs: 84deb4bc685f090f86133752922a945d -> 
  custom:scripting/monoscript/fileName/PhotonView.cs: b2662a18b33c427e0ec2e5ab1a56c2b5 -> 
  custom:scripting/monoscript/fileName/LoadBalancingClient.cs: 632813597f9db7bc895b13321ba1b05b -> 
  custom:scripting/monoscript/fileName/PhotonTransformViewClassic.cs: b13582f7122692c3dc0b0b58565603b7 -> 
  custom:scripting/monoscript/fileName/CameraWork.cs: 7182be285ca897b882f7b04a97b5001a -> 
  custom:scripting/monoscript/fileName/GameVersionField.cs: e1aaf98c257ad1044f09a430176c1d25 -> 
  custom:scripting/monoscript/fileName/CurrentRoomPlayerCountProperty.cs: 2e3a71196f608331c351de9edf7166b4 -> 
  custom:video-codec-MediaFoundation-h265: 746d11721c4dcdbdad8f713fa42b33f4 -> 
  custom:scripting/monoscript/fileName/PhotonAnimatorView.cs: d7e478a730cbe0e6a3a4e1f87600646a -> 
  custom:scripting/monoscript/fileName/CloudRegionProperty.cs: a98a80d4740fc4627fa07cd0d1b937f1 -> 
  custom:scripting/monoscript/fileName/PhotonGUI.cs: a5571c3104cbd100c9135419869f9e73 -> 
  custom:scripting/monoscript/fileName/CurrentRoomPlayerTtlProperty.cs: 5737d382a26e8898e597b19ab06904c5 -> 
  custom:CustomObjectIndexerAttribute: 756ad292c208cfabdd7b50bc23989ffe -> 
  custom:container-demuxer-webm: 4f35f7cbe854078d1ac9338744f61a02 -> 
  custom:scripting/monoscript/fileName/Cluster.cs: 5ff22076c2cc06a01d1cc1c38d08f712 -> 
  custom:scripting/monoscript/fileName/BestRegionInPrefsProperty.cs: f81195994c87654890233836f627cd69 -> 
  custom:scripting/monoscript/fileName/RunnerVisibilityLink.cs: 6e4a2325960fce24f58edb6ee6b338d8 -> 
  custom:scripting/monoscript/fileName/Spaceship.cs: 77d86dcddcb47a6cc18163eb292fa20b -> 
  custom:scripting/monoscript/fileName/CullAreaEditor.cs: ac85e81dd9fb835b90f15d14c78d253a -> 
  custom:scripting/monoscript/fileName/LobbyMainPanel.cs: bee85956556c66d6096a3300e7923c77 -> 
  custom:scripting/monoscript/fileName/ChatParameterCode.cs: a0fd6a090c21b2fc7ca69a867e9c27c2 -> 
  custom:scripting/monoscript/fileName/LayoutElementMatchSize.cs: 325cd6d9cb44d01cc8cfa43a5413de8f -> 
  custom:scripting/monoscript/fileName/TextButtonTransition.cs: 72f2c4484a6dc921aacef6b387422aa7 -> 
  custom:scripting/monoscript/fileName/SupportLogger.cs: 6226925e792eee84b718aee3baaa82a7 -> 
  custom:scripting/monoscript/fileName/Asteroid.cs: 8382d1ead570177214081c1ec12affef -> 
  custom:scripting/monoscript/fileName/CurrentRoomExpectedUsersProperty.cs: 15c7823a1b55465c741092cad452b5e4 -> 
  custom:scripting/monoscript/fileName/BoolInputField.cs: 96b6c600bd0428819f492c767ecf8b5b -> 
========================================================================
Received Import Request.
  Time since last request: 213.508041 seconds.
  path: Assets/Scenes/Rulez.unity
  artifactKey: Guid(2cda990e2423bbf4892e6590ba056729) Importer(815301076,1909f56bfc062723c751e8b465ee728b)
Start importing Assets/Scenes/Rulez.unity using Guid(2cda990e2423bbf4892e6590ba056729) Importer(815301076,1909f56bfc062723c751e8b465ee728b)  -> (artifact id: '321f701903ea6465514f40bfb0e3ca73') in 0.002858 seconds
Number of updated asset objects reloaded before import = 0
Number of asset objects unloaded after import = 0
========================================================================
Received Prepare
Begin MonoManager ReloadAssembly
C:\build\output\Unity-Technologies\mono\mono\metadata\icall.c:1842:
C:\build\output\Unity-Technologies\mono\mono\metadata\icall.c:1842:
C:\build\output\Unity-Technologies\mono\mono\metadata\icall.c:1842:
C:\build\output\Unity-Technologies\mono\mono\metadata\icall.c:1842:
C:\build\output\Unity-Technologies\mono\mono\metadata\icall.c:1842:
C:\build\output\Unity-Technologies\mono\mono\metadata\icall.c:1842:
C:\build\output\Unity-Technologies\mono\mono\metadata\icall.c:1842:
C:\build\output\Unity-Technologies\mono\mono\metadata\icall.c:1842:
C:\build\output\Unity-Technologies\mono\mono\metadata\icall.c:1842:
C:\build\output\Unity-Technologies\mono\mono\metadata\icall.c:1842:
C:\build\output\Unity-Technologies\mono\mono\metadata\icall.c:1842:
C:\build\output\Unity-Technologies\mono\mono\metadata\icall.c:1842:
Symbol file LoadedFromMemory doesn't match image C:\Users\tudor\OneDrive\Imagini\Documente\GitHub\Anarchy chess\Library\PackageCache\com.unity.visualscripting@1.8.0\Editor\VisualScripting.Core\Dependencies\YamlDotNet\Unity.VisualScripting.YamlDotNet.dll
Symbol file LoadedFromMemory doesn't match image C:\Users\tudor\OneDrive\Imagini\Documente\GitHub\Anarchy chess\Library\PackageCache\com.unity.visualscripting@1.8.0\Editor\VisualScripting.Core\Dependencies\DotNetZip\Unity.VisualScripting.IonicZip.dll
- Loaded All Assemblies, in  0.630 seconds
Refreshing native plugins compatible for Editor in 3.73 ms, found 4 plugins.
Native extension for Android target not found
Native extension for WindowsStandalone target not found
Mono: successfully reloaded assembly
- Finished resetting the current domain, in  0.856 seconds
Domain Reload Profiling: 1483ms
	BeginReloadAssembly (159ms)
		ExecutionOrderSort (0ms)
		DisableScriptedObjects (11ms)
		BackupInstance (0ms)
		ReleaseScriptingObjects (0ms)
		CreateAndSetChildDomain (37ms)
	RebuildCommonClasses (26ms)
	RebuildNativeTypeToScriptingClass (9ms)
	initialDomainReloadingComplete (27ms)
	LoadAllAssembliesAndSetupDomain (405ms)
		LoadAssemblies (269ms)
		RebuildTransferFunctionScriptingTraits (0ms)
		AnalyzeDomain (216ms)
			TypeCache.Refresh (213ms)
				TypeCache.ScanAssembly (205ms)
			ScanForSourceGeneratedMonoScriptInfo (0ms)
			ResolveRequiredComponents (3ms)
	FinalizeReload (856ms)
		ReleaseScriptCaches (0ms)
		RebuildScriptCaches (0ms)
		SetupLoadedEditorAssemblies (369ms)
			LogAssemblyErrors (0ms)
			InitializePlatformSupportModulesInManaged (20ms)
			SetLoadedEditorAssemblies (3ms)
			BeforeProcessingInitializeOnLoad (77ms)
			ProcessInitializeOnLoadAttributes (240ms)
			ProcessInitializeOnLoadMethodAttributes (25ms)
			AfterProcessingInitializeOnLoad (4ms)
			EditorAssembliesLoaded (0ms)
		ExecutionOrderSort2 (0ms)
		AwakeInstancesAfterBackupRestoration (6ms)
Refreshing native plugins compatible for Editor in 4.16 ms, found 4 plugins.
Preloading 0 native plugins for Editor in 0.00 ms.
Unloading 4277 Unused Serialized files (Serialized files now loaded: 0)
Unloading 38 unused Assets / (37.5 KB). Loaded Objects now: 4882.
Memory consumption went from 174.8 MB to 174.8 MB.
Total: 3.472100 ms (FindLiveObjects: 0.211100 ms CreateObjectMapping: 0.110200 ms MarkObjects: 3.052100 ms  DeleteObjects: 0.097600 ms)

Prepare: number of updated asset objects reloaded= 0
AssetImportParameters requested are different than current active one (requested -> active):
  custom:scripting/monoscript/fileName/CountdownTimer.cs: 29151b8b1909dcb5f8770e606e1b626a -> 
  custom:scripting/monoscript/fileName/NickNameField.cs: 4566439151a528588c6e77fbea15ef25 -> 
  custom:scripting/monoscript/fileName/ConnectionHandler.cs: 33c1e29051dc60b1fb7e8675cafa9a54 -> 
  custom:scripting/monoscript/fileName/NetworkProjectConfigImporterEditor.cs: 0b9c7f8db96d38ff89dc9f2e19e80a40 -> 
  custom:scripting/monoscript/fileName/StringInputField.cs: 766f94c288e6bb2cfcd18d60914c0461 -> 
  custom:scripting/monoscript/fileName/PhotonTransformViewClassicEditor.cs: 174be401c238aa6e741f961399731929 -> 
  custom:scripting/monoscript/fileName/Fusion.CodeGen.User.cs: 7518413c31be8fc7fe79dd8f5b20fa0c -> 
  custom:scripting/monoscript/fileName/SmoothSyncMovement.cs: 31ee6a992a574c4e665f73e48482d3fc -> 
  custom:scripting/monoscript/fileName/PlayerListCell.cs: 76799f985e8a3951e5d132618c3350d8 -> 
  custom:scripting/monoscript/fileName/NetworkCharacterController.cs: 0d9ab4a1b508efe718225ceffebd8e54 -> 
  custom:scripting/monoscript/fileName/ConnectAndJoinRandomLb.cs: 9dd47be72f766f78cbbffce9f8575ef1 -> 
  custom:scripting/monoscript/fileName/RoomInfo.cs: 86776ad49e4deb535029b369c45e7f36 -> 
  custom:scripting/monoscript/fileName/ServerAddressProperty.cs: 284ddbe40a77584c9c8835a0d4d63859 -> 
  custom:video-decoder-webm-vp8: 9c59270c3fd7afecdb556c50c9e8de78 -> 
  custom:scripting/monoscript/fileName/SlotRacerSplashScreen.cs: 76e2c64393d61c31f26e20612278ec67 -> 
  custom:scripting/monoscript/fileName/ChannelCreationOptions.cs: 4231621e658bee43f79b42f64c894f83 -> 
  custom:scripting/monoscript/fileName/SystemConnectionSummary.cs: bf5673a8df4878a9885c94fd51dd3397 -> 
  custom:scripting/monoscript/fileName/RunnerLagCompensationGizmos.cs: f7028307a5d8b8de388a40efb20302af -> 
  custom:SearchIndexIgnoredProperties: e643bd26f0fe6173181afceb89e7c659 -> 
  custom:scripting/monoscript/fileName/DocLinks.cs: 22fc6e62d47c65fdd35bd32f57891e69 -> 
  custom:scripting/monoscript/fileName/FriendListView.cs: 04c66340ac95991cba62207cfc3f8015 -> 
  custom:scripting/monoscript/fileName/RunnerEnableVisibility.cs: e1b57f1bd6fcbd3137975404af4bcf85 -> 
  custom:scripting/monoscript/fileName/OnClickInstantiate.cs: 3929e8581c0458b4fa6c3ecec790414e -> 
  custom:scripting/monoscript/fileName/PlayerNumberingInspector.cs: e277bf463a09eaa6bcf2868a0f243e5c -> 
  custom:scripting/monoscript/fileName/NetworkProjectConfigImporter.cs: a2caae9d85fed596662aa6841efc1b3e -> 
  custom:scripting/monoscript/fileName/IChatClientListener.cs: e6ec1b8d09bf11f3791c0bd18ae45880 -> 
  custom:audio-encoder-webm-vorbis: bf7c407c2cedff20999df2af8eb42d56 -> 
  custom:scripting/monoscript/fileName/FusionEditorSkin.cs: c6dee1ba664a2a78ce51705f2322e50c -> 
  custom:scripting/monoscript/fileName/PunClasses.cs: d6a17dc119cdc0b4a5b92f4135a56268 -> 
  custom:scripting/monoscript/fileName/ScoreHelper.cs: 7e2091fcb90bdab85f4be0c18d586eba -> 
  custom:scripting/monoscript/fileName/FusionStatsGraph.cs: 7021e2a0a0c25bbb5696ad6d6108403d -> 
  custom:scripting/monoscript/fileName/IsConnectedAndReadyProperty.cs: af06b6e7ee3f25798787bf32cafcb247 -> 
  custom:scripting/monoscript/fileName/OnEscapeQuit.cs: be21f25ae17e13db5ee6619d0c4d06e1 -> 
  custom:scripting/monoscript/fileName/FusionRunnerVisibilityControlsWindow.cs: 503e55d51d5bac9ff9db7e3128ab6896 -> 
  custom:scripting/monoscript/fileName/OnJoinedInstantiate.cs: e6fcd481d2d6dd67f5b18fb26017d8ba -> 
  custom:scripting/monoscript/fileName/IgnoreUiRaycastWhenInactive.cs: 64ae0ba0567ac5043ee479695fe7bd2b -> 
  custom:scripting/monoscript/fileName/PlayerListEntry.cs: 3811c0a731ead3815771e470aaca8954 -> 
  custom:scripting/monoscript/fileName/ChatUserStatus.cs: 70a3ef1ac77c9464b5af9f3f7bba93e1 -> 
  custom:scripting/monoscript/fileName/CurrentRoomEmptyRoomTtlProperty.cs: ba459c40e550063227b6dbef6f2e12d7 -> 
  custom:scripting/monoscript/fileName/FusionAddressablePrefabsPreloader.cs: 609c7194fc18608a6ba4972670be253b -> 
  custom:scripting/monoscript/fileName/MonoBehaviourPunEditor.cs: a420633076e18e6ded9ee7ff41e5161d -> 
  custom:scripting/monoscript/fileName/IngameControlPanel.cs: e8e78297d18e08fd0d6ef99a75e376c2 -> 
  custom:scripting/monoscript/fileName/CustomTypes.cs: 32fb10f0e1ae6f1f4c5b8deb3c8e83c3 -> 
  custom:scripting/monoscript/fileName/PlayerManager.cs: 5b0494b39b9a262c0ad29b1931262023 -> 
  custom:scripting/monoscript/fileName/CurrentRoomIsOpenProperty.cs: 401af34d1219dc5c3b2d226ce3b12b08 -> 
  custom:scripting/monoscript/fileName/RegionListView.cs: d1509ce3c1dcf26ebb758f8eb59e1c54 -> 
  custom:scripting/monoscript/fileName/ConnectToRegionUIForm.cs: 662fbbb8f06b04129a615111e69dec89 -> 
  custom:scripting/monoscript/fileName/SendRateOnSerializeField.cs: 8559ed016d3004cf7fa75b6b51babcf0 -> 
  custom:scripting/monoscript/fileName/Block.cs: 4912a9664024ee7276656eb28373609a -> 
  custom:scripting/monoscript/fileName/RunnerVisibilityLinksRoot.cs: 64f229c02655e4ab1b3ad93c7368ccfe -> 
  custom:scripting/monoscript/fileName/WebRpc.cs: ee2bfdfdd166ac7a426061037e23ee8f -> 
  custom:scripting/monoscript/fileName/BezierSplineInspector.cs: 64d312faa4ce8272425b85e56f7f3f74 -> 
  custom:scripting/monoscript/fileName/IPhotonViewCallbacks.cs: 6b192d91218207b95c2b171719310343 -> 
  custom:scripting/monoscript/fileName/Launcher.cs: 6d0f0651107e8b978d50eb5d8ca63cd3 -> 
  custom:scripting/monoscript/fileName/PropertyCell.cs: caa15b0e3299de64e13d6f1d4cf295aa -> 
  custom:scripting/monoscript/fileName/PunTurnManager.cs: c24499e0acfb9782133d39c092b0366b -> 
  custom:scripting/monoscript/fileName/CurrentRoomIsVisibleProperty.cs: be95d33e9289a548289bfd3ab9507d59 -> 
  custom:scripting/monoscript/fileName/ChatChannel.cs: 052e931f7bf91536d9bda80d682b6368 -> 
  custom:scripting/monoscript/fileName/BezierCurveInspector.cs: cd033eb785ec71c240751fc164fcbff1 -> 
  custom:scripting/monoscript/fileName/AppSettings.cs: d20c247df910115cd4c5ae83482475ef -> 
  custom:scripting/monoscript/fileName/PhotonAnimatorViewEditor.cs: fd89a9c520118567d7b47e39070bcd39 -> 
  custom:scripting/monoscript/fileName/PhotonViewInspector.cs: da72c707197b3a14a9e4fc031131a7bc -> 
  custom:scripting/monoscript/fileName/CurrentRoomPropertiesListedInLobbyProperty.cs: c8880d240fca5295b2028661629631dc -> 
  custom:scripting/monoscript/fileName/ThirdPersonUserControl.cs: 1e36b4529ca7c2f8667ed6449c3722b9 -> 
  custom:scripting/monoscript/fileName/CurrentRoomIsOfflineProperty.cs: a3b570f54686008ce7d1ddf281dfdde2 -> 
  custom:scripting/monoscript/fileName/PlayerControl.cs: 6df8b26511518ec75eac4160d12ac3bc -> 
  custom:scripting/monoscript/fileName/LineInspector.cs: b46fbdbe979ee95575b26620e8af2791 -> 
  custom:scripting/monoscript/fileName/PhotonNetworkPart.cs: 28ef43a4727cd01eb0456d4c51a096be -> 
  custom:scripting/monoscript/fileName/CustomTypesUnity.cs: 013c37589fb09e7f77b2d495dfa13043 -> 
  custom:scripting/monoscript/fileName/ChannelWellKnownProperties.cs: 7e2dabda8907dc60fb63ae9c28cb0b10 -> 
  custom:scripting/monoscript/fileName/ToggleExpand.cs: 8df2d7619ad2c56cf93b2f0cedc9c9a4 -> 
  custom:scripting/monoscript/fileName/EventSystemSpawner.cs: c525f40330ddc66d7e7f5297346da241 -> 
  custom:scripting/monoscript/fileName/PlayerNameInputField.cs: 27839abf4289ab34aa2cc2967033966d -> 
  custom:scripting/monoscript/fileName/IsConnectedProperty.cs: 981ecf71603e1baa6ce21b0fd1acc020 -> 
  custom:scripting/monoscript/fileName/PlayerAnimatorManager.cs: a7d34eb870b3ee44c83d5db31316a095 -> 
  custom:scripting/monoscript/fileName/MoveByKeys.cs: 0be06a6581575752c58847799d9932e6 -> 
  custom:scripting/monoscript/fileName/FriendListCell.cs: 8dfedb1e000853780b714ad0651f22a9 -> 
  custom:scripting/monoscript/fileName/PhotonTeamsManager.cs: ed14ceec94e7d1247f794ca4f7f3aa2e -> 
  custom:scripting/monoscript/fileName/ChatOperationCode.cs: dac444e0d5bbc5c837c33663c8b2cefb -> 
  custom:AudioImporter_EditorPlatform: d09bf68614088b80899f8185d706f6e7 -> 
  custom:scripting/monoscript/fileName/ChatEventCode.cs: 764a52cdc3a575d4587f1a0939ee2b6d -> 
  custom:scripting/monoscript/fileName/PhotonTransformViewEditor.cs: d59344a8429d1e1c91f78e42f728790a -> 
  custom:scripting/monoscript/fileName/DocLinkButton.cs: 551275f4066ad419ab79864501010643 -> 
  custom:scripting/monoscript/fileName/Room.cs: f509531380bf8f44be3c84421df8f27b -> 
  custom:scripting/monoscript/fileName/AsteroidsGame.cs: 39019f3fa92643372bcb4670a7434593 -> 
  custom:scripting/monoscript/fileName/LoaderAnime.cs: 95ab941fc8d4427c4fa6c07cf9af1057 -> 
  custom:scripting/monoscript/fileName/ButtonInsideScrollList.cs: 663db374c5f487d95198d2dce6dd1ce7 -> 
  custom:scripting/monoscript/fileName/ReorderableListResources.cs: a21396365aa80586d6fe0c3f093e8e8a -> 12f8cf94345b17bd1a3aef7c3b5bd157
  custom:scripting/monoscript/fileName/SendRateField.cs: 5786bd6806651c5e23c7d4a511e3dfaa -> 
  custom:scripting/monoscript/fileName/PhotonTeamsManagerInspector.cs: 55bea48a55e757c56d53ded3ae32c48e -> 
  custom:audio-decoder-ogg-vorbis: bf7c407c2cedff20999df2af8eb42d56 -> 
  custom:scripting/monoscript/fileName/UserIdUiForm.cs: 0a1836b26b3227dc4bf5c907f6dcc697 -> 
  custom:scripting/monoscript/fileName/ChatAppSettings.cs: db433ce9dc535a56c6c28a3183328622 -> 
  custom:scripting/monoscript/fileName/NetworkSceneManagerDefault.cs: 871a1346f3625e42e5be83f620052e51 -> 
  custom:scripting/monoscript/fileName/PropertyListenerBase.cs: f9338b1da94c09d1d4dc5b01f854e0e3 -> 
  custom:scripting/monoscript/fileName/FriendItem.cs: 7041a5cee458fd755b4167724bf865d2 -> 
  custom:scripting/monoscript/fileName/ChannelSelector.cs: 787aa32b539868663942ded37c6d24ef -> 
  custom:scripting/monoscript/fileName/RegionHandler.cs: 6de377e0adf86218af15234cc2039610 -> 
  custom:scripting/monoscript/fileName/ChatAppIdCheckerUI.cs: 1bb8fafd3e2c10dfddf187c423c0f4b8 -> 
  custom:scripting/monoscript/fileName/CullArea.cs: 75f7e0f84478d7778555f1e1e66d50b7 -> 
  custom:scripting/monoscript/fileName/CountOfPlayersOnMasterProperty.cs: aa74237d4beb81bd33ceee77917bae47 -> 
  custom:scripting/monoscript/fileName/GameManager.cs: 56bc6cc643bcbf5a5a0d63cbd09e7487 -> 9933fbcc6190e2a9171c2ec8808a053e
  custom:scripting/monoscript/fileName/CurrentRoomAutoCleanupProperty.cs: a92fec09d98c752e495341af83135d64 -> 
  custom:scripting/monoscript/fileName/ChatPeer.cs: ab4cb6a09b2bd7026434274768d75701 -> 
  custom:scripting/monoscript/fileName/DemoHubManager.cs: 0dd9c19f14946313f8d78bca90723987 -> 
  custom:scripting/monoscript/fileName/CreateRoomUiForm.cs: bf1ce360a976c4439345f8064d17d3ad -> 
  custom:scripting/monoscript/fileName/NamePickGui.cs: 2c5392a37dc177dc65a116f98af1080e -> 
  custom:scripting/monoscript/fileName/TabViewManager.cs: a7d06552ed611c43e44fb3fef2b558f5 -> 
  custom:scripting/monoscript/fileName/PlayerUI.cs: 4d64fa5e9e8828968d6cc191a132718d -> 
  custom:scripting/monoscript/fileName/EnableOnSingleRunner.cs: 9976ce768e23cc0678b095d30598d8cd -> 
  custom:scripting/monoscript/fileName/PunCockpit.cs: 534cb157a89724d3ca07a36bb2005880 -> 
  custom:scripting/monoscript/fileName/RoomListCell.cs: 8d1543bdc9816b8a578d6cd2eebe48be -> 
  custom:scripting/monoscript/fileName/CurrentRoomNameProperty.cs: 72010acf97fe1f3e9ff0b8c322c93e83 -> 
  custom:scripting/monoscript/fileName/NetworkObjectProviderDefault.cs: 0eb113b3784be4de9cc2f3cdcdf5e36c -> 
  custom:scripting/monoscript/fileName/PunPlayerScores.cs: eee61e21995464ded106b44bf2f6edd4 -> 
  custom:scripting/monoscript/fileName/PunTeamsInspector.cs: 4df913dbc11ac67364301ce3915ea909 -> 
  custom:scripting/monoscript/fileName/Extensions.cs: 3f8618856b92f72822431fd67127e289 -> 
  custom:scripting/monoscript/fileName/AutoSyncSceneToggle.cs: f5a0c8cb6428054959052eda2623401a -> 
  custom:scripting/monoscript/fileName/ToDemoHubButton.cs: 76a2afa2c645f73081ead15c9512dae8 -> 
  custom:scripting/monoscript/fileName/CountOfPlayersInRoomProperty.cs: 22a26994633102695250e14533d8bd88 -> 
  custom:scripting/monoscript/fileName/AppSettingsExtensions.cs: 7eb3b190282e171c2845b1d8ee71ed5c -> 
  custom:scripting/monoscript/fileName/Region.cs: a0331a07d2a132f6cd24585218741838 -> 
  custom:scripting/monoscript/fileName/Bezier.cs: b8534c761c3f32134ac0822189e167cc -> 
  custom:scripting/monoscript/fileName/PhotonEditor.cs: 9beee3a7ca2bc764b51880f31127a0ea -> 
  custom:scripting/monoscript/fileName/CountOfPlayersProperty.cs: 92593170cc4984fa211f8cfbd69ac9a3 -> 
  custom:scripting/monoscript/fileName/OnStartDelete.cs: ca7ff388213f651af9d8be5d8844a8f4 -> 
  custom:video-encoder-webm-vp8: eb34c28f22e8b96e1ab97ce403110664 -> 
  custom:scripting/monoscript/fileName/ChatClient.cs: d3eb880194f03abd869e259e1e9fd5f0 -> 
  custom:scripting/monoscript/fileName/PhotonRigidbody2DView.cs: cfabe07ff5658dc80bf23a32c3f3d3ea -> 
  custom:scripting/monoscript/fileName/RoomListView.cs: 2b7207d3ddc2539dd2b806ed485e033b -> 
  custom:scripting/monoscript/fileName/OfflineModeProperty.cs: 142619a08af07c654a2536f2386c9c6c -> 
  custom:container-demuxer-ogg: 62fdf1f143b41e24485cea50d1cbac27 -> 
  custom:scripting/monoscript/fileName/Noise.cs: dc35aa19dae9f4b9d9d351205aaba1c6 -> 
  custom:scripting/monoscript/fileName/GameVersionProperty.cs: 212cdb5858947bda9a55c4e8f58ef2c6 -> 
  custom:framework-win-MediaFoundation: 216162199b28c13a410421893ffa2e32 -> 
  custom:scripting/monoscript/fileName/ConnectAndJoinRandom.cs: 00d6f17fa442bd592f9dfb4622a40a5d -> 
  custom:scripting/monoscript/fileName/PhotonTransformView.cs: ea668b9d3ca2e512312f4d0840810b14 -> 
  custom:scripting/monoscript/fileName/FusionBootstrap.cs: ce6761b6f61ee75dccdb3d85fc55a691 -> 
  custom:scripting/monoscript/fileName/RoomListEntry.cs: c7ba9dd428a6b8b410fe51075bfba1e1 -> 
  custom:scripting/monoscript/fileName/CurrentRoomMasterClientIdProperty.cs: 8a7f2b18c7369cf86e69820d5f0602fe -> 
  custom:scripting/monoscript/fileName/PunTeams.cs: 97cdf6951e96c2643337cf5fb8f69c0b -> 
  custom:scripting/monoscript/fileName/RegionListCell.cs: f6a1e00ce33d3dec4b7e2cfe425726c7 -> 
  custom:scripting/monoscript/fileName/PunSceneSettings.cs: 91ded15e638c075e189911af7f870d60 -> 
  custom:scripting/monoscript/fileName/ThirdPersonCharacter.cs: d37a384ef7557636dd0499ecb4e48640 -> 
  custom:scripting/monoscript/fileName/PlayerDetailsController.cs: 4a8b583bcd181f124e040cd407eab3b7 -> 
  custom:scripting/monoscript/fileName/PhotonRigidbody2DViewEditor.cs: 1bbd8586933ea3b91d286e3a03ef0b15 -> 
  custom:scripting/monoscript/fileName/Fusion.Unity.Editor.cs: b14e14e52edac49806a8f9d4187d9f4c -> 
  custom:scripting/monoscript/fileName/Fusion.Unity.cs: 2f52e767df9231dc9ad5c805bed98e70 -> 
  custom:scripting/monoscript/fileName/SlotLanes.cs: 97949fb7cbc49a87a0e9a949a270c39f -> 
  custom:scripting/monoscript/fileName/StatesGui.cs: 98e5143501c303d7d5973c718d302233 -> 
  custom:scripting/monoscript/fileName/SplineWalker.cs: 5be65352f0f07fbe7665dfb31e99644d -> 
  custom:scripting/monoscript/fileName/PingProperty.cs: 9f24d087d77c62d9ddcbab43ed4cd5fe -> 
  custom:scripting/monoscript/fileName/LoadLevelUIForm.cs: 6198023540609558b39b6b3a84524494 -> 
  custom:scripting/monoscript/fileName/MultiplayerManager.cs: 29415d0687c638629166b314004ee270 -> 
  custom:scripting/monoscript/fileName/BezierCurve.cs: 6855a37c0f6b23766e2a15354899a784 -> 
  custom:scripting/monoscript/fileName/Line.cs: 5e23c11e3450a3cc94ccc16c37b15685 -> 
  custom:scripting/monoscript/fileName/FusionStatsBillboard.cs: beff202fd2a83c3f993d781559426984 -> 
  custom:scripting/monoscript/fileName/SetRoomCustomPropertyUIForm.cs: 9f1b75809ed6e2f34b0b61446d287bd4 -> 
  custom:scripting/monoscript/fileName/RunnerAOIGizmos.cs: 8b1629a60417f80a3d501474e540ad3f -> 
  custom:scripting/monoscript/fileName/PointedAtGameObjectInfo.cs: 0f220a9d7e421f59db30fb04c90d6c0e -> 
  custom:scripting/monoscript/fileName/PhotonLagSimulationGui.cs: de60acfca25c9c245519382776ad2f82 -> 
  custom:scripting/monoscript/fileName/OnPointerOverTooltip.cs: b9abe1fce28033712ba423247874af86 -> 
  custom:scripting/monoscript/fileName/PhotonViewHandler.cs: 7c6c7799f7e9296388067c605d1dc27c -> 
  custom:scripting/monoscript/fileName/CullingHandler.cs: ff4506351c41ac4ce471635b6b12ceb3 -> 
  custom:scripting/monoscript/fileName/PlayerListView.cs: 60e6f2e41401ae176dea7b70bab3c390 -> 
  custom:scripting/monoscript/fileName/SplinePosition.cs: b39b2fa35faaacaf63f8929368e2e5de -> 
  custom:video-decoder-ogg-theora: a1e56fd34408186e4bbccfd4996cb3dc -> 
  custom:scripting/monoscript/fileName/PlayerNumbering.cs: ce6d1f08b3d2d23009596a69c08b221d -> 
  custom:scripting/monoscript/fileName/PunStartup.cs: 961ddc858b2c0426ca5019c7e78c4fbf -> 
  custom:scripting/monoscript/fileName/FusionStatsMeterBar.cs: d21101dd4c4710df60c667e63d577d83 -> 
  custom:scripting/monoscript/fileName/PhotonHandler.cs: 70e641dd7ce55eb351f633fc29fb5f7f -> 
  custom:scripting/monoscript/fileName/IntInputField.cs: 40c0ee81b04639c26264c222a1aaea0c -> 
  custom:scripting/monoscript/fileName/PhotonRigidbodyView.cs: f6b453c3dd57cf47fa35b8156daece9a -> 
  custom:scripting/monoscript/fileName/TextToggleIsOnTransition.cs: 326b9c727c304dd69fe51444f64a7721 -> 
  custom:scripting/monoscript/fileName/WorldGenerator.cs: dca0ae82b72e05480b823fc7043006c0 -> 
  custom:scripting/monoscript/fileName/LobbyTopPanel.cs: 830e03b228bff7a95bbb092a2d6b29d2 -> 
  custom:scripting/monoscript/fileName/PlayerOverviewPanel.cs: 515bb293728f907f134591646985b9ce -> 
  custom:scripting/monoscript/fileName/OnlineDocButton.cs: e8bceb35def1f2c21aeb107b10e7c020 -> 
  custom:scripting/monoscript/fileName/AsteroidsGameManager.cs: 12a51843b5b71df994a62f28231ff7ef -> 
  custom:scripting/monoscript/fileName/ServerSettings.cs: 8fa55e8857e3ebd201455fd70a9f157d -> 
  custom:scripting/monoscript/fileName/ServerSettingsInspector.cs: 95da0bc9ecca5735a6f497f524ce7e54 -> 
  custom:scripting/monoscript/fileName/AppVersionProperty.cs: a4b4daafa219f35ecce40e74ac804003 -> 
  custom:scripting/monoscript/fileName/ProceduralController.cs: 294ae00e975ca4fe85822d6f85fe658a -> 
  custom:scripting/monoscript/fileName/BackgroundTimeOutField.cs: 301f4bb8d6480b188021ecf99ba8be6c -> 
  custom:scripting/monoscript/fileName/UserIdField.cs: 889d45ebefa87613726b801d1e5e80c8 -> 
  custom:scripting/monoscript/fileName/GraphicToggleIsOnTransition.cs: 7e3768d2f1167a9a7dc7f801820c67a5 -> 
  custom:scripting/monoscript/fileName/ChatGui.cs: 83ccb577c346edd301c0a35e11693dfd -> 
  custom:scripting/monoscript/fileName/AccountService.cs: 80b748556379aab9364d8ef00499f1a9 -> 
  custom:scripting/monoscript/fileName/PhotonRigidbodyViewEditor.cs: ab7e34153fa9a3c646e0316fa6fc5600 -> 
  custom:scripting/monoscript/fileName/CrcCheckToggle.cs: a236d00910b93ad4ae792080fb07508e -> 
  custom:scripting/monoscript/fileName/FusionBootstrapDebugGUI.cs: 371b4228dd1f5808b5897e19c03d546a -> 
  custom:scripting/monoscript/fileName/Player.cs: b6aef835b43cb69bef999bd5136f7c21 -> 
  custom:scripting/monoscript/fileName/LoadbalancingPeer.cs: d9dd9ca955de7f0a553b219d39f29621 -> 
  custom:scripting/monoscript/fileName/FusionStatsObjectIds.cs: 43a79179a267263c08267aeebfb7eafd -> 
  custom:scripting/monoscript/fileName/PunCockpitEmbed.cs: 2240c92b97535c6672465e83f1e36036 -> 
  custom:scripting/monoscript/fileName/CurrentRoomIsOpenToggle.cs: 229c6038772c64902eb501df39020417 -> 
  custom:scripting/monoscript/fileName/PhotonStatsGui.cs: d8361e63c4cf02d1cc41570adb7e9d85 -> 
  custom:scripting/monoscript/fileName/PunSceneSettingsInspector.cs: da5c9fdcd684cd1c669e2f5c5f40d373 -> 
  custom:scripting/monoscript/fileName/CurrentRoomMaxPlayersProperty.cs: f8d2a9d7157be1b82e5db9695b63da90 -> 
  custom:scripting/monoscript/fileName/PhotonNetwork.cs: b0631ad5c9d567edbfc4fb2b742f00d0 -> 
  custom:scripting/monoscript/fileName/OnClickRpc.cs: a4c1c482691ed3f8764f3736c0d692ea -> 
  custom:scripting/monoscript/fileName/BezierSpline.cs: fdb9ccdef0d3985b914118aec7c411f2 -> 
  custom:scripting/monoscript/fileName/PhotonPing.cs: 3f140d1df899c474f22230f66cc59a41 -> 
  custom:scripting/monoscript/fileName/CurrentRoomIsVisibleToggle.cs: 47a99e70dc7fd5d059dfbf899c22bbdb -> 
  custom:scripting/monoscript/fileName/Fusion.CodeGen.cs: b9ff9c5a347ec7e6d58d9aa467d5ae96 -> 
  custom:scripting/monoscript/fileName/PhotonStreamQueue.cs: 5d5e55e8eb60f78e116626969ed0311e -> 
  custom:scripting/monoscript/fileName/WebRpcImplementationExample.cs: 7bff59c7defddf73a4ceae1090065bd1 -> 
  custom:container-muxer-webm: aa71ff27fc2769a1b78a27578f13a17b -> 
  custom:scripting/monoscript/fileName/InfosPanelPlaceholder.cs: fef54b122412d96995fae2ad440bb18b -> 
  custom:scripting/monoscript/fileName/NestedComponentUtilities.cs: 033fd91b849b48295ab920beaf62446d -> 
  custom:scripting/monoscript/fileName/PhotonEditorUtils.cs: 4456563b945cca498f5f71d9eb2059b9 -> 
  custom:scripting/monoscript/fileName/IPunCallbacks.cs: 81caf01d84a9fa08671565d87776010b -> 
  custom:scripting/monoscript/fileName/FriendInfo.cs: be836ba41ecfa4c9dca4b510bdfea5c8 -> 
  custom:scripting/monoscript/fileName/CountOfRoomsProperty.cs: c0688910145f665105cec6c6eaf4f03c -> 
  custom:scripting/monoscript/fileName/ServerProperty.cs: d53bc3d40dee4679a13aa7a9ff58706e -> 
  custom:scripting/monoscript/fileName/Bullet.cs: 77c411c50d821352e611a16c30f40226 -> 
  custom:scripting/monoscript/fileName/OnClickDestroy.cs: 84deb4bc685f090f86133752922a945d -> 
  custom:scripting/monoscript/fileName/PhotonView.cs: b2662a18b33c427e0ec2e5ab1a56c2b5 -> 
  custom:scripting/monoscript/fileName/LoadBalancingClient.cs: 632813597f9db7bc895b13321ba1b05b -> 
  custom:scripting/monoscript/fileName/PhotonTransformViewClassic.cs: b13582f7122692c3dc0b0b58565603b7 -> 
  custom:scripting/monoscript/fileName/CameraWork.cs: 7182be285ca897b882f7b04a97b5001a -> 
  custom:scripting/monoscript/fileName/GameVersionField.cs: e1aaf98c257ad1044f09a430176c1d25 -> 
  custom:scripting/monoscript/fileName/CurrentRoomPlayerCountProperty.cs: 2e3a71196f608331c351de9edf7166b4 -> 
  custom:video-codec-MediaFoundation-h265: 746d11721c4dcdbdad8f713fa42b33f4 -> 
  custom:scripting/monoscript/fileName/PhotonAnimatorView.cs: d7e478a730cbe0e6a3a4e1f87600646a -> 
  custom:scripting/monoscript/fileName/CloudRegionProperty.cs: a98a80d4740fc4627fa07cd0d1b937f1 -> 
  custom:scripting/monoscript/fileName/PhotonGUI.cs: a5571c3104cbd100c9135419869f9e73 -> 
  custom:scripting/monoscript/fileName/CurrentRoomPlayerTtlProperty.cs: 5737d382a26e8898e597b19ab06904c5 -> 
  custom:CustomObjectIndexerAttribute: 756ad292c208cfabdd7b50bc23989ffe -> 
  custom:container-demuxer-webm: 4f35f7cbe854078d1ac9338744f61a02 -> 
  custom:scripting/monoscript/fileName/Cluster.cs: 5ff22076c2cc06a01d1cc1c38d08f712 -> 
  custom:scripting/monoscript/fileName/BestRegionInPrefsProperty.cs: f81195994c87654890233836f627cd69 -> 
  custom:scripting/monoscript/fileName/RunnerVisibilityLink.cs: 6e4a2325960fce24f58edb6ee6b338d8 -> 
  custom:scripting/monoscript/fileName/Spaceship.cs: 77d86dcddcb47a6cc18163eb292fa20b -> 
  custom:scripting/monoscript/fileName/CullAreaEditor.cs: ac85e81dd9fb835b90f15d14c78d253a -> 
  custom:scripting/monoscript/fileName/LobbyMainPanel.cs: bee85956556c66d6096a3300e7923c77 -> 
  custom:scripting/monoscript/fileName/ChatParameterCode.cs: a0fd6a090c21b2fc7ca69a867e9c27c2 -> 
  custom:scripting/monoscript/fileName/LayoutElementMatchSize.cs: 325cd6d9cb44d01cc8cfa43a5413de8f -> 
  custom:scripting/monoscript/fileName/TextButtonTransition.cs: 72f2c4484a6dc921aacef6b387422aa7 -> 
  custom:scripting/monoscript/fileName/SupportLogger.cs: 6226925e792eee84b718aee3baaa82a7 -> 
  custom:scripting/monoscript/fileName/Asteroid.cs: 8382d1ead570177214081c1ec12affef -> 
  custom:scripting/monoscript/fileName/CurrentRoomExpectedUsersProperty.cs: 15c7823a1b55465c741092cad452b5e4 -> 
  custom:scripting/monoscript/fileName/BoolInputField.cs: 96b6c600bd0428819f492c767ecf8b5b -> 
========================================================================
Received Prepare
Begin MonoManager ReloadAssembly
C:\build\output\Unity-Technologies\mono\mono\metadata\icall.c:1842:
C:\build\output\Unity-Technologies\mono\mono\metadata\icall.c:1842:
C:\build\output\Unity-Technologies\mono\mono\metadata\icall.c:1842:
C:\build\output\Unity-Technologies\mono\mono\metadata\icall.c:1842:
C:\build\output\Unity-Technologies\mono\mono\metadata\icall.c:1842:
C:\build\output\Unity-Technologies\mono\mono\metadata\icall.c:1842:
C:\build\output\Unity-Technologies\mono\mono\metadata\icall.c:1842:
C:\build\output\Unity-Technologies\mono\mono\metadata\icall.c:1842:
C:\build\output\Unity-Technologies\mono\mono\metadata\icall.c:1842:
C:\build\output\Unity-Technologies\mono\mono\metadata\icall.c:1842:
C:\build\output\Unity-Technologies\mono\mono\metadata\icall.c:1842:
C:\build\output\Unity-Technologies\mono\mono\metadata\icall.c:1842:
Symbol file LoadedFromMemory doesn't match image C:\Users\tudor\OneDrive\Imagini\Documente\GitHub\Anarchy chess\Library\PackageCache\com.unity.visualscripting@1.8.0\Editor\VisualScripting.Core\Dependencies\YamlDotNet\Unity.VisualScripting.YamlDotNet.dll
Symbol file LoadedFromMemory doesn't match image C:\Users\tudor\OneDrive\Imagini\Documente\GitHub\Anarchy chess\Library\PackageCache\com.unity.visualscripting@1.8.0\Editor\VisualScripting.Core\Dependencies\DotNetZip\Unity.VisualScripting.IonicZip.dll
- Loaded All Assemblies, in  0.626 seconds
Refreshing native plugins compatible for Editor in 5.80 ms, found 4 plugins.
Native extension for Android target not found
Native extension for WindowsStandalone target not found
Mono: successfully reloaded assembly
- Finished resetting the current domain, in  0.830 seconds
Domain Reload Profiling: 1453ms
	BeginReloadAssembly (157ms)
		ExecutionOrderSort (0ms)
		DisableScriptedObjects (11ms)
		BackupInstance (0ms)
		ReleaseScriptingObjects (0ms)
		CreateAndSetChildDomain (37ms)
	RebuildCommonClasses (27ms)
	RebuildNativeTypeToScriptingClass (12ms)
	initialDomainReloadingComplete (24ms)
	LoadAllAssembliesAndSetupDomain (404ms)
		LoadAssemblies (271ms)
		RebuildTransferFunctionScriptingTraits (0ms)
		AnalyzeDomain (205ms)
			TypeCache.Refresh (202ms)
				TypeCache.ScanAssembly (195ms)
			ScanForSourceGeneratedMonoScriptInfo (0ms)
			ResolveRequiredComponents (3ms)
	FinalizeReload (830ms)
		ReleaseScriptCaches (0ms)
		RebuildScriptCaches (0ms)
		SetupLoadedEditorAssemblies (364ms)
			LogAssemblyErrors (0ms)
			InitializePlatformSupportModulesInManaged (20ms)
			SetLoadedEditorAssemblies (3ms)
			BeforeProcessingInitializeOnLoad (75ms)
			ProcessInitializeOnLoadAttributes (238ms)
			ProcessInitializeOnLoadMethodAttributes (24ms)
			AfterProcessingInitializeOnLoad (4ms)
			EditorAssembliesLoaded (0ms)
		ExecutionOrderSort2 (0ms)
		AwakeInstancesAfterBackupRestoration (6ms)
Refreshing native plugins compatible for Editor in 4.17 ms, found 4 plugins.
Preloading 0 native plugins for Editor in 0.00 ms.
Unloading 4278 Unused Serialized files (Serialized files now loaded: 0)
Unloading 38 unused Assets / (37.5 KB). Loaded Objects now: 4885.
Memory consumption went from 177.0 MB to 177.0 MB.
Total: 3.871900 ms (FindLiveObjects: 0.248600 ms CreateObjectMapping: 0.131700 ms MarkObjects: 3.430100 ms  DeleteObjects: 0.059900 ms)

Prepare: number of updated asset objects reloaded= 0
AssetImportParameters requested are different than current active one (requested -> active):
  custom:scripting/monoscript/fileName/CountdownTimer.cs: 29151b8b1909dcb5f8770e606e1b626a -> 
  custom:scripting/monoscript/fileName/NickNameField.cs: 4566439151a528588c6e77fbea15ef25 -> 
  custom:scripting/monoscript/fileName/ConnectionHandler.cs: 33c1e29051dc60b1fb7e8675cafa9a54 -> 
  custom:scripting/monoscript/fileName/NetworkProjectConfigImporterEditor.cs: 0b9c7f8db96d38ff89dc9f2e19e80a40 -> 
  custom:scripting/monoscript/fileName/StringInputField.cs: 766f94c288e6bb2cfcd18d60914c0461 -> 
  custom:scripting/monoscript/fileName/PhotonTransformViewClassicEditor.cs: 174be401c238aa6e741f961399731929 -> 
  custom:scripting/monoscript/fileName/Fusion.CodeGen.User.cs: 7518413c31be8fc7fe79dd8f5b20fa0c -> 
  custom:scripting/monoscript/fileName/SmoothSyncMovement.cs: 31ee6a992a574c4e665f73e48482d3fc -> 
  custom:scripting/monoscript/fileName/PlayerListCell.cs: 76799f985e8a3951e5d132618c3350d8 -> 
  custom:scripting/monoscript/fileName/NetworkCharacterController.cs: 0d9ab4a1b508efe718225ceffebd8e54 -> 
  custom:scripting/monoscript/fileName/ConnectAndJoinRandomLb.cs: 9dd47be72f766f78cbbffce9f8575ef1 -> 
  custom:scripting/monoscript/fileName/RoomInfo.cs: 86776ad49e4deb535029b369c45e7f36 -> 
  custom:scripting/monoscript/fileName/ServerAddressProperty.cs: 284ddbe40a77584c9c8835a0d4d63859 -> 
  custom:video-decoder-webm-vp8: 9c59270c3fd7afecdb556c50c9e8de78 -> 
  custom:scripting/monoscript/fileName/SlotRacerSplashScreen.cs: 76e2c64393d61c31f26e20612278ec67 -> 
  custom:scripting/monoscript/fileName/ChannelCreationOptions.cs: 4231621e658bee43f79b42f64c894f83 -> 
  custom:scripting/monoscript/fileName/SystemConnectionSummary.cs: bf5673a8df4878a9885c94fd51dd3397 -> 
  custom:scripting/monoscript/fileName/RunnerLagCompensationGizmos.cs: f7028307a5d8b8de388a40efb20302af -> 
  custom:SearchIndexIgnoredProperties: e643bd26f0fe6173181afceb89e7c659 -> 
  custom:scripting/monoscript/fileName/DocLinks.cs: 22fc6e62d47c65fdd35bd32f57891e69 -> 
  custom:scripting/monoscript/fileName/FriendListView.cs: 04c66340ac95991cba62207cfc3f8015 -> 
  custom:scripting/monoscript/fileName/RunnerEnableVisibility.cs: e1b57f1bd6fcbd3137975404af4bcf85 -> 
  custom:scripting/monoscript/fileName/OnClickInstantiate.cs: 3929e8581c0458b4fa6c3ecec790414e -> 
  custom:scripting/monoscript/fileName/PlayerNumberingInspector.cs: e277bf463a09eaa6bcf2868a0f243e5c -> 
  custom:scripting/monoscript/fileName/NetworkProjectConfigImporter.cs: a2caae9d85fed596662aa6841efc1b3e -> 
  custom:scripting/monoscript/fileName/IChatClientListener.cs: e6ec1b8d09bf11f3791c0bd18ae45880 -> 
  custom:audio-encoder-webm-vorbis: bf7c407c2cedff20999df2af8eb42d56 -> 
  custom:scripting/monoscript/fileName/FusionEditorSkin.cs: c6dee1ba664a2a78ce51705f2322e50c -> 
  custom:scripting/monoscript/fileName/PunClasses.cs: d6a17dc119cdc0b4a5b92f4135a56268 -> 
  custom:scripting/monoscript/fileName/ScoreHelper.cs: 7e2091fcb90bdab85f4be0c18d586eba -> 
  custom:scripting/monoscript/fileName/FusionStatsGraph.cs: 7021e2a0a0c25bbb5696ad6d6108403d -> 
  custom:scripting/monoscript/fileName/IsConnectedAndReadyProperty.cs: af06b6e7ee3f25798787bf32cafcb247 -> 
  custom:scripting/monoscript/fileName/OnEscapeQuit.cs: be21f25ae17e13db5ee6619d0c4d06e1 -> 
  custom:scripting/monoscript/fileName/FusionRunnerVisibilityControlsWindow.cs: 503e55d51d5bac9ff9db7e3128ab6896 -> 
  custom:scripting/monoscript/fileName/OnJoinedInstantiate.cs: e6fcd481d2d6dd67f5b18fb26017d8ba -> 
  custom:scripting/monoscript/fileName/IgnoreUiRaycastWhenInactive.cs: 64ae0ba0567ac5043ee479695fe7bd2b -> 
  custom:scripting/monoscript/fileName/PlayerListEntry.cs: 3811c0a731ead3815771e470aaca8954 -> 
  custom:scripting/monoscript/fileName/ChatUserStatus.cs: 70a3ef1ac77c9464b5af9f3f7bba93e1 -> 
  custom:scripting/monoscript/fileName/CurrentRoomEmptyRoomTtlProperty.cs: ba459c40e550063227b6dbef6f2e12d7 -> 
  custom:scripting/monoscript/fileName/FusionAddressablePrefabsPreloader.cs: 609c7194fc18608a6ba4972670be253b -> 
  custom:scripting/monoscript/fileName/MonoBehaviourPunEditor.cs: a420633076e18e6ded9ee7ff41e5161d -> 
  custom:scripting/monoscript/fileName/IngameControlPanel.cs: e8e78297d18e08fd0d6ef99a75e376c2 -> 
  custom:scripting/monoscript/fileName/CustomTypes.cs: 32fb10f0e1ae6f1f4c5b8deb3c8e83c3 -> 
  custom:scripting/monoscript/fileName/PlayerManager.cs: 5b0494b39b9a262c0ad29b1931262023 -> 
  custom:scripting/monoscript/fileName/CurrentRoomIsOpenProperty.cs: 401af34d1219dc5c3b2d226ce3b12b08 -> 
  custom:scripting/monoscript/fileName/RegionListView.cs: d1509ce3c1dcf26ebb758f8eb59e1c54 -> 
  custom:scripting/monoscript/fileName/ConnectToRegionUIForm.cs: 662fbbb8f06b04129a615111e69dec89 -> 
  custom:scripting/monoscript/fileName/SendRateOnSerializeField.cs: 8559ed016d3004cf7fa75b6b51babcf0 -> 
  custom:scripting/monoscript/fileName/Block.cs: 4912a9664024ee7276656eb28373609a -> 
  custom:scripting/monoscript/fileName/RunnerVisibilityLinksRoot.cs: 64f229c02655e4ab1b3ad93c7368ccfe -> 
  custom:scripting/monoscript/fileName/WebRpc.cs: ee2bfdfdd166ac7a426061037e23ee8f -> 
  custom:scripting/monoscript/fileName/BezierSplineInspector.cs: 64d312faa4ce8272425b85e56f7f3f74 -> 
  custom:scripting/monoscript/fileName/IPhotonViewCallbacks.cs: 6b192d91218207b95c2b171719310343 -> 
  custom:scripting/monoscript/fileName/Launcher.cs: 6d0f0651107e8b978d50eb5d8ca63cd3 -> 
  custom:scripting/monoscript/fileName/PropertyCell.cs: caa15b0e3299de64e13d6f1d4cf295aa -> 
  custom:scripting/monoscript/fileName/PunTurnManager.cs: c24499e0acfb9782133d39c092b0366b -> 
  custom:scripting/monoscript/fileName/CurrentRoomIsVisibleProperty.cs: be95d33e9289a548289bfd3ab9507d59 -> 
  custom:scripting/monoscript/fileName/ChatChannel.cs: 052e931f7bf91536d9bda80d682b6368 -> 
  custom:scripting/monoscript/fileName/BezierCurveInspector.cs: cd033eb785ec71c240751fc164fcbff1 -> 
  custom:scripting/monoscript/fileName/AppSettings.cs: d20c247df910115cd4c5ae83482475ef -> 
  custom:scripting/monoscript/fileName/PhotonAnimatorViewEditor.cs: fd89a9c520118567d7b47e39070bcd39 -> 
  custom:scripting/monoscript/fileName/PhotonViewInspector.cs: da72c707197b3a14a9e4fc031131a7bc -> 
  custom:scripting/monoscript/fileName/CurrentRoomPropertiesListedInLobbyProperty.cs: c8880d240fca5295b2028661629631dc -> 
  custom:scripting/monoscript/fileName/ThirdPersonUserControl.cs: 1e36b4529ca7c2f8667ed6449c3722b9 -> 
  custom:scripting/monoscript/fileName/CurrentRoomIsOfflineProperty.cs: a3b570f54686008ce7d1ddf281dfdde2 -> 
  custom:scripting/monoscript/fileName/PlayerControl.cs: 6df8b26511518ec75eac4160d12ac3bc -> 
  custom:scripting/monoscript/fileName/LineInspector.cs: b46fbdbe979ee95575b26620e8af2791 -> 
  custom:scripting/monoscript/fileName/PhotonNetworkPart.cs: 28ef43a4727cd01eb0456d4c51a096be -> 
  custom:scripting/monoscript/fileName/CustomTypesUnity.cs: 013c37589fb09e7f77b2d495dfa13043 -> 
  custom:scripting/monoscript/fileName/ChannelWellKnownProperties.cs: 7e2dabda8907dc60fb63ae9c28cb0b10 -> 
  custom:scripting/monoscript/fileName/ToggleExpand.cs: 8df2d7619ad2c56cf93b2f0cedc9c9a4 -> 
  custom:scripting/monoscript/fileName/EventSystemSpawner.cs: c525f40330ddc66d7e7f5297346da241 -> 
  custom:scripting/monoscript/fileName/PlayerNameInputField.cs: 27839abf4289ab34aa2cc2967033966d -> 
  custom:scripting/monoscript/fileName/IsConnectedProperty.cs: 981ecf71603e1baa6ce21b0fd1acc020 -> 
  custom:scripting/monoscript/fileName/PlayerAnimatorManager.cs: a7d34eb870b3ee44c83d5db31316a095 -> 
  custom:scripting/monoscript/fileName/MoveByKeys.cs: 0be06a6581575752c58847799d9932e6 -> 
  custom:scripting/monoscript/fileName/FriendListCell.cs: 8dfedb1e000853780b714ad0651f22a9 -> 
  custom:scripting/monoscript/fileName/PhotonTeamsManager.cs: ed14ceec94e7d1247f794ca4f7f3aa2e -> 
  custom:scripting/monoscript/fileName/ChatOperationCode.cs: dac444e0d5bbc5c837c33663c8b2cefb -> 
  custom:AudioImporter_EditorPlatform: d09bf68614088b80899f8185d706f6e7 -> 
  custom:scripting/monoscript/fileName/ChatEventCode.cs: 764a52cdc3a575d4587f1a0939ee2b6d -> 
  custom:scripting/monoscript/fileName/PhotonTransformViewEditor.cs: d59344a8429d1e1c91f78e42f728790a -> 
  custom:scripting/monoscript/fileName/DocLinkButton.cs: 551275f4066ad419ab79864501010643 -> 
  custom:scripting/monoscript/fileName/Room.cs: f509531380bf8f44be3c84421df8f27b -> 
  custom:scripting/monoscript/fileName/AsteroidsGame.cs: 39019f3fa92643372bcb4670a7434593 -> 
  custom:scripting/monoscript/fileName/LoaderAnime.cs: 95ab941fc8d4427c4fa6c07cf9af1057 -> 
  custom:scripting/monoscript/fileName/ButtonInsideScrollList.cs: 663db374c5f487d95198d2dce6dd1ce7 -> 
  custom:scripting/monoscript/fileName/ReorderableListResources.cs: a21396365aa80586d6fe0c3f093e8e8a -> 12f8cf94345b17bd1a3aef7c3b5bd157
  custom:scripting/monoscript/fileName/SendRateField.cs: 5786bd6806651c5e23c7d4a511e3dfaa -> 
  custom:scripting/monoscript/fileName/PhotonTeamsManagerInspector.cs: 55bea48a55e757c56d53ded3ae32c48e -> 
  custom:audio-decoder-ogg-vorbis: bf7c407c2cedff20999df2af8eb42d56 -> 
  custom:scripting/monoscript/fileName/UserIdUiForm.cs: 0a1836b26b3227dc4bf5c907f6dcc697 -> 
  custom:scripting/monoscript/fileName/ChatAppSettings.cs: db433ce9dc535a56c6c28a3183328622 -> 
  custom:scripting/monoscript/fileName/NetworkSceneManagerDefault.cs: 871a1346f3625e42e5be83f620052e51 -> 
  custom:scripting/monoscript/fileName/PropertyListenerBase.cs: f9338b1da94c09d1d4dc5b01f854e0e3 -> 
  custom:scripting/monoscript/fileName/FriendItem.cs: 7041a5cee458fd755b4167724bf865d2 -> 
  custom:scripting/monoscript/fileName/ChannelSelector.cs: 787aa32b539868663942ded37c6d24ef -> 
  custom:scripting/monoscript/fileName/RegionHandler.cs: 6de377e0adf86218af15234cc2039610 -> 
  custom:scripting/monoscript/fileName/ChatAppIdCheckerUI.cs: 1bb8fafd3e2c10dfddf187c423c0f4b8 -> 
  custom:scripting/monoscript/fileName/CullArea.cs: 75f7e0f84478d7778555f1e1e66d50b7 -> 
  custom:scripting/monoscript/fileName/CountOfPlayersOnMasterProperty.cs: aa74237d4beb81bd33ceee77917bae47 -> 
  custom:scripting/monoscript/fileName/GameManager.cs: 56bc6cc643bcbf5a5a0d63cbd09e7487 -> 9933fbcc6190e2a9171c2ec8808a053e
  custom:scripting/monoscript/fileName/CurrentRoomAutoCleanupProperty.cs: a92fec09d98c752e495341af83135d64 -> 
  custom:scripting/monoscript/fileName/ChatPeer.cs: ab4cb6a09b2bd7026434274768d75701 -> 
  custom:scripting/monoscript/fileName/DemoHubManager.cs: 0dd9c19f14946313f8d78bca90723987 -> 
  custom:scripting/monoscript/fileName/CreateRoomUiForm.cs: bf1ce360a976c4439345f8064d17d3ad -> 
  custom:scripting/monoscript/fileName/NamePickGui.cs: 2c5392a37dc177dc65a116f98af1080e -> 
  custom:scripting/monoscript/fileName/TabViewManager.cs: a7d06552ed611c43e44fb3fef2b558f5 -> 
  custom:scripting/monoscript/fileName/PlayerUI.cs: 4d64fa5e9e8828968d6cc191a132718d -> 
  custom:scripting/monoscript/fileName/EnableOnSingleRunner.cs: 9976ce768e23cc0678b095d30598d8cd -> 
  custom:scripting/monoscript/fileName/PunCockpit.cs: 534cb157a89724d3ca07a36bb2005880 -> 
  custom:scripting/monoscript/fileName/RoomListCell.cs: 8d1543bdc9816b8a578d6cd2eebe48be -> 
  custom:scripting/monoscript/fileName/CurrentRoomNameProperty.cs: 72010acf97fe1f3e9ff0b8c322c93e83 -> 
  custom:scripting/monoscript/fileName/NetworkObjectProviderDefault.cs: 0eb113b3784be4de9cc2f3cdcdf5e36c -> 
  custom:scripting/monoscript/fileName/PunPlayerScores.cs: eee61e21995464ded106b44bf2f6edd4 -> 
  custom:scripting/monoscript/fileName/PunTeamsInspector.cs: 4df913dbc11ac67364301ce3915ea909 -> 
  custom:scripting/monoscript/fileName/Extensions.cs: 3f8618856b92f72822431fd67127e289 -> 
  custom:scripting/monoscript/fileName/AutoSyncSceneToggle.cs: f5a0c8cb6428054959052eda2623401a -> 
  custom:scripting/monoscript/fileName/ToDemoHubButton.cs: 76a2afa2c645f73081ead15c9512dae8 -> 
  custom:scripting/monoscript/fileName/CountOfPlayersInRoomProperty.cs: 22a26994633102695250e14533d8bd88 -> 
  custom:scripting/monoscript/fileName/AppSettingsExtensions.cs: 7eb3b190282e171c2845b1d8ee71ed5c -> 
  custom:scripting/monoscript/fileName/Region.cs: a0331a07d2a132f6cd24585218741838 -> 
  custom:scripting/monoscript/fileName/Bezier.cs: b8534c761c3f32134ac0822189e167cc -> 
  custom:scripting/monoscript/fileName/PhotonEditor.cs: 9beee3a7ca2bc764b51880f31127a0ea -> 
  custom:scripting/monoscript/fileName/CountOfPlayersProperty.cs: 92593170cc4984fa211f8cfbd69ac9a3 -> 
  custom:scripting/monoscript/fileName/OnStartDelete.cs: ca7ff388213f651af9d8be5d8844a8f4 -> 
  custom:video-encoder-webm-vp8: eb34c28f22e8b96e1ab97ce403110664 -> 
  custom:scripting/monoscript/fileName/ChatClient.cs: d3eb880194f03abd869e259e1e9fd5f0 -> 
  custom:scripting/monoscript/fileName/PhotonRigidbody2DView.cs: cfabe07ff5658dc80bf23a32c3f3d3ea -> 
  custom:scripting/monoscript/fileName/RoomListView.cs: 2b7207d3ddc2539dd2b806ed485e033b -> 
  custom:scripting/monoscript/fileName/OfflineModeProperty.cs: 142619a08af07c654a2536f2386c9c6c -> 
  custom:container-demuxer-ogg: 62fdf1f143b41e24485cea50d1cbac27 -> 
  custom:scripting/monoscript/fileName/Noise.cs: dc35aa19dae9f4b9d9d351205aaba1c6 -> 
  custom:scripting/monoscript/fileName/GameVersionProperty.cs: 212cdb5858947bda9a55c4e8f58ef2c6 -> 
  custom:framework-win-MediaFoundation: 216162199b28c13a410421893ffa2e32 -> 
  custom:scripting/monoscript/fileName/ConnectAndJoinRandom.cs: 00d6f17fa442bd592f9dfb4622a40a5d -> 
  custom:scripting/monoscript/fileName/PhotonTransformView.cs: ea668b9d3ca2e512312f4d0840810b14 -> 
  custom:scripting/monoscript/fileName/FusionBootstrap.cs: ce6761b6f61ee75dccdb3d85fc55a691 -> 
  custom:scripting/monoscript/fileName/RoomListEntry.cs: c7ba9dd428a6b8b410fe51075bfba1e1 -> 
  custom:scripting/monoscript/fileName/CurrentRoomMasterClientIdProperty.cs: 8a7f2b18c7369cf86e69820d5f0602fe -> 
  custom:scripting/monoscript/fileName/PunTeams.cs: 97cdf6951e96c2643337cf5fb8f69c0b -> 
  custom:scripting/monoscript/fileName/RegionListCell.cs: f6a1e00ce33d3dec4b7e2cfe425726c7 -> 
  custom:scripting/monoscript/fileName/PunSceneSettings.cs: 91ded15e638c075e189911af7f870d60 -> 
  custom:scripting/monoscript/fileName/ThirdPersonCharacter.cs: d37a384ef7557636dd0499ecb4e48640 -> 
  custom:scripting/monoscript/fileName/PlayerDetailsController.cs: 4a8b583bcd181f124e040cd407eab3b7 -> 
  custom:scripting/monoscript/fileName/PhotonRigidbody2DViewEditor.cs: 1bbd8586933ea3b91d286e3a03ef0b15 -> 
  custom:scripting/monoscript/fileName/Fusion.Unity.Editor.cs: b14e14e52edac49806a8f9d4187d9f4c -> 
  custom:scripting/monoscript/fileName/Fusion.Unity.cs: 2f52e767df9231dc9ad5c805bed98e70 -> 
  custom:scripting/monoscript/fileName/SlotLanes.cs: 97949fb7cbc49a87a0e9a949a270c39f -> 
  custom:scripting/monoscript/fileName/StatesGui.cs: 98e5143501c303d7d5973c718d302233 -> 
  custom:scripting/monoscript/fileName/SplineWalker.cs: 5be65352f0f07fbe7665dfb31e99644d -> 
  custom:scripting/monoscript/fileName/PingProperty.cs: 9f24d087d77c62d9ddcbab43ed4cd5fe -> 
  custom:scripting/monoscript/fileName/LoadLevelUIForm.cs: 6198023540609558b39b6b3a84524494 -> 
  custom:scripting/monoscript/fileName/MultiplayerManager.cs: 29415d0687c638629166b314004ee270 -> 
  custom:scripting/monoscript/fileName/BezierCurve.cs: 6855a37c0f6b23766e2a15354899a784 -> 
  custom:scripting/monoscript/fileName/Line.cs: 5e23c11e3450a3cc94ccc16c37b15685 -> 
  custom:scripting/monoscript/fileName/FusionStatsBillboard.cs: beff202fd2a83c3f993d781559426984 -> 
  custom:scripting/monoscript/fileName/SetRoomCustomPropertyUIForm.cs: 9f1b75809ed6e2f34b0b61446d287bd4 -> 
  custom:scripting/monoscript/fileName/RunnerAOIGizmos.cs: 8b1629a60417f80a3d501474e540ad3f -> 
  custom:scripting/monoscript/fileName/PointedAtGameObjectInfo.cs: 0f220a9d7e421f59db30fb04c90d6c0e -> 
  custom:scripting/monoscript/fileName/PhotonLagSimulationGui.cs: de60acfca25c9c245519382776ad2f82 -> 
  custom:scripting/monoscript/fileName/OnPointerOverTooltip.cs: b9abe1fce28033712ba423247874af86 -> 
  custom:scripting/monoscript/fileName/PhotonViewHandler.cs: 7c6c7799f7e9296388067c605d1dc27c -> 
  custom:scripting/monoscript/fileName/CullingHandler.cs: ff4506351c41ac4ce471635b6b12ceb3 -> 
  custom:scripting/monoscript/fileName/PlayerListView.cs: 60e6f2e41401ae176dea7b70bab3c390 -> 
  custom:scripting/monoscript/fileName/SplinePosition.cs: b39b2fa35faaacaf63f8929368e2e5de -> 
  custom:video-decoder-ogg-theora: a1e56fd34408186e4bbccfd4996cb3dc -> 
  custom:scripting/monoscript/fileName/PlayerNumbering.cs: ce6d1f08b3d2d23009596a69c08b221d -> 
  custom:scripting/monoscript/fileName/PunStartup.cs: 961ddc858b2c0426ca5019c7e78c4fbf -> 
  custom:scripting/monoscript/fileName/FusionStatsMeterBar.cs: d21101dd4c4710df60c667e63d577d83 -> 
  custom:scripting/monoscript/fileName/PhotonHandler.cs: 70e641dd7ce55eb351f633fc29fb5f7f -> 
  custom:scripting/monoscript/fileName/IntInputField.cs: 40c0ee81b04639c26264c222a1aaea0c -> 
  custom:scripting/monoscript/fileName/PhotonRigidbodyView.cs: f6b453c3dd57cf47fa35b8156daece9a -> 
  custom:scripting/monoscript/fileName/TextToggleIsOnTransition.cs: 326b9c727c304dd69fe51444f64a7721 -> 
  custom:scripting/monoscript/fileName/WorldGenerator.cs: dca0ae82b72e05480b823fc7043006c0 -> 
  custom:scripting/monoscript/fileName/LobbyTopPanel.cs: 830e03b228bff7a95bbb092a2d6b29d2 -> 
  custom:scripting/monoscript/fileName/PlayerOverviewPanel.cs: 515bb293728f907f134591646985b9ce -> 
  custom:scripting/monoscript/fileName/OnlineDocButton.cs: e8bceb35def1f2c21aeb107b10e7c020 -> 
  custom:scripting/monoscript/fileName/AsteroidsGameManager.cs: 12a51843b5b71df994a62f28231ff7ef -> 
  custom:scripting/monoscript/fileName/ServerSettings.cs: 8fa55e8857e3ebd201455fd70a9f157d -> 
  custom:scripting/monoscript/fileName/ServerSettingsInspector.cs: 95da0bc9ecca5735a6f497f524ce7e54 -> 
  custom:scripting/monoscript/fileName/AppVersionProperty.cs: a4b4daafa219f35ecce40e74ac804003 -> 
  custom:scripting/monoscript/fileName/ProceduralController.cs: 294ae00e975ca4fe85822d6f85fe658a -> 
  custom:scripting/monoscript/fileName/BackgroundTimeOutField.cs: 301f4bb8d6480b188021ecf99ba8be6c -> 
  custom:scripting/monoscript/fileName/UserIdField.cs: 889d45ebefa87613726b801d1e5e80c8 -> 
  custom:scripting/monoscript/fileName/GraphicToggleIsOnTransition.cs: 7e3768d2f1167a9a7dc7f801820c67a5 -> 
  custom:scripting/monoscript/fileName/ChatGui.cs: 83ccb577c346edd301c0a35e11693dfd -> 
  custom:scripting/monoscript/fileName/AccountService.cs: 80b748556379aab9364d8ef00499f1a9 -> 
  custom:scripting/monoscript/fileName/PhotonRigidbodyViewEditor.cs: ab7e34153fa9a3c646e0316fa6fc5600 -> 
  custom:scripting/monoscript/fileName/CrcCheckToggle.cs: a236d00910b93ad4ae792080fb07508e -> 
  custom:scripting/monoscript/fileName/FusionBootstrapDebugGUI.cs: 371b4228dd1f5808b5897e19c03d546a -> 
  custom:scripting/monoscript/fileName/Player.cs: b6aef835b43cb69bef999bd5136f7c21 -> 
  custom:scripting/monoscript/fileName/LoadbalancingPeer.cs: d9dd9ca955de7f0a553b219d39f29621 -> 
  custom:scripting/monoscript/fileName/FusionStatsObjectIds.cs: 43a79179a267263c08267aeebfb7eafd -> 
  custom:scripting/monoscript/fileName/PunCockpitEmbed.cs: 2240c92b97535c6672465e83f1e36036 -> 
  custom:scripting/monoscript/fileName/CurrentRoomIsOpenToggle.cs: 229c6038772c64902eb501df39020417 -> 
  custom:scripting/monoscript/fileName/PhotonStatsGui.cs: d8361e63c4cf02d1cc41570adb7e9d85 -> 
  custom:scripting/monoscript/fileName/PunSceneSettingsInspector.cs: da5c9fdcd684cd1c669e2f5c5f40d373 -> 
  custom:scripting/monoscript/fileName/CurrentRoomMaxPlayersProperty.cs: f8d2a9d7157be1b82e5db9695b63da90 -> 
  custom:scripting/monoscript/fileName/PhotonNetwork.cs: b0631ad5c9d567edbfc4fb2b742f00d0 -> 
  custom:scripting/monoscript/fileName/OnClickRpc.cs: a4c1c482691ed3f8764f3736c0d692ea -> 
  custom:scripting/monoscript/fileName/BezierSpline.cs: fdb9ccdef0d3985b914118aec7c411f2 -> 
  custom:scripting/monoscript/fileName/PhotonPing.cs: 3f140d1df899c474f22230f66cc59a41 -> 
  custom:scripting/monoscript/fileName/CurrentRoomIsVisibleToggle.cs: 47a99e70dc7fd5d059dfbf899c22bbdb -> 
  custom:scripting/monoscript/fileName/Fusion.CodeGen.cs: b9ff9c5a347ec7e6d58d9aa467d5ae96 -> 
  custom:scripting/monoscript/fileName/PhotonStreamQueue.cs: 5d5e55e8eb60f78e116626969ed0311e -> 
  custom:scripting/monoscript/fileName/WebRpcImplementationExample.cs: 7bff59c7defddf73a4ceae1090065bd1 -> 
  custom:container-muxer-webm: aa71ff27fc2769a1b78a27578f13a17b -> 
  custom:scripting/monoscript/fileName/InfosPanelPlaceholder.cs: fef54b122412d96995fae2ad440bb18b -> 
  custom:scripting/monoscript/fileName/NestedComponentUtilities.cs: 033fd91b849b48295ab920beaf62446d -> 
  custom:scripting/monoscript/fileName/PhotonEditorUtils.cs: 4456563b945cca498f5f71d9eb2059b9 -> 
  custom:scripting/monoscript/fileName/IPunCallbacks.cs: 81caf01d84a9fa08671565d87776010b -> 
  custom:scripting/monoscript/fileName/FriendInfo.cs: be836ba41ecfa4c9dca4b510bdfea5c8 -> 
  custom:scripting/monoscript/fileName/CountOfRoomsProperty.cs: c0688910145f665105cec6c6eaf4f03c -> 
  custom:scripting/monoscript/fileName/ServerProperty.cs: d53bc3d40dee4679a13aa7a9ff58706e -> 
  custom:scripting/monoscript/fileName/Bullet.cs: 77c411c50d821352e611a16c30f40226 -> 
  custom:scripting/monoscript/fileName/OnClickDestroy.cs: 84deb4bc685f090f86133752922a945d -> 
  custom:scripting/monoscript/fileName/PhotonView.cs: b2662a18b33c427e0ec2e5ab1a56c2b5 -> 
  custom:scripting/monoscript/fileName/LoadBalancingClient.cs: 632813597f9db7bc895b13321ba1b05b -> 
  custom:scripting/monoscript/fileName/PhotonTransformViewClassic.cs: b13582f7122692c3dc0b0b58565603b7 -> 
  custom:scripting/monoscript/fileName/CameraWork.cs: 7182be285ca897b882f7b04a97b5001a -> 
  custom:scripting/monoscript/fileName/GameVersionField.cs: e1aaf98c257ad1044f09a430176c1d25 -> 
  custom:scripting/monoscript/fileName/CurrentRoomPlayerCountProperty.cs: 2e3a71196f608331c351de9edf7166b4 -> 
  custom:video-codec-MediaFoundation-h265: 746d11721c4dcdbdad8f713fa42b33f4 -> 
  custom:scripting/monoscript/fileName/PhotonAnimatorView.cs: d7e478a730cbe0e6a3a4e1f87600646a -> 
  custom:scripting/monoscript/fileName/CloudRegionProperty.cs: a98a80d4740fc4627fa07cd0d1b937f1 -> 
  custom:scripting/monoscript/fileName/PhotonGUI.cs: a5571c3104cbd100c9135419869f9e73 -> 
  custom:scripting/monoscript/fileName/CurrentRoomPlayerTtlProperty.cs: 5737d382a26e8898e597b19ab06904c5 -> 
  custom:CustomObjectIndexerAttribute: 756ad292c208cfabdd7b50bc23989ffe -> 
  custom:container-demuxer-webm: 4f35f7cbe854078d1ac9338744f61a02 -> 
  custom:scripting/monoscript/fileName/Cluster.cs: 5ff22076c2cc06a01d1cc1c38d08f712 -> 
  custom:scripting/monoscript/fileName/BestRegionInPrefsProperty.cs: f81195994c87654890233836f627cd69 -> 
  custom:scripting/monoscript/fileName/RunnerVisibilityLink.cs: 6e4a2325960fce24f58edb6ee6b338d8 -> 
  custom:scripting/monoscript/fileName/Spaceship.cs: 77d86dcddcb47a6cc18163eb292fa20b -> 
  custom:scripting/monoscript/fileName/CullAreaEditor.cs: ac85e81dd9fb835b90f15d14c78d253a -> 
  custom:scripting/monoscript/fileName/LobbyMainPanel.cs: bee85956556c66d6096a3300e7923c77 -> 
  custom:scripting/monoscript/fileName/ChatParameterCode.cs: a0fd6a090c21b2fc7ca69a867e9c27c2 -> 
  custom:scripting/monoscript/fileName/LayoutElementMatchSize.cs: 325cd6d9cb44d01cc8cfa43a5413de8f -> 
  custom:scripting/monoscript/fileName/TextButtonTransition.cs: 72f2c4484a6dc921aacef6b387422aa7 -> 
  custom:scripting/monoscript/fileName/SupportLogger.cs: 6226925e792eee84b718aee3baaa82a7 -> 
  custom:scripting/monoscript/fileName/Asteroid.cs: 8382d1ead570177214081c1ec12affef -> 
  custom:scripting/monoscript/fileName/CurrentRoomExpectedUsersProperty.cs: 15c7823a1b55465c741092cad452b5e4 -> 
  custom:scripting/monoscript/fileName/BoolInputField.cs: 96b6c600bd0428819f492c767ecf8b5b -> 
========================================================================
Received Import Request.
  Time since last request: 130.570431 seconds.
  path: Assets/Scenes/Game UI.unity
  artifactKey: Guid(b21b948472105574aa943eea76d152fc) Importer(815301076,1909f56bfc062723c751e8b465ee728b)
Start importing Assets/Scenes/Game UI.unity using Guid(b21b948472105574aa943eea76d152fc) Importer(815301076,1909f56bfc062723c751e8b465ee728b)  -> (artifact id: '1985bf948967bd58fc0530a04c0afe7a') in 0.001641 seconds
Number of updated asset objects reloaded before import = 0
Number of asset objects unloaded after import = 0
========================================================================
Received Prepare
Begin MonoManager ReloadAssembly
C:\build\output\Unity-Technologies\mono\mono\metadata\icall.c:1842:
C:\build\output\Unity-Technologies\mono\mono\metadata\icall.c:1842:
C:\build\output\Unity-Technologies\mono\mono\metadata\icall.c:1842:
C:\build\output\Unity-Technologies\mono\mono\metadata\icall.c:1842:
C:\build\output\Unity-Technologies\mono\mono\metadata\icall.c:1842:
C:\build\output\Unity-Technologies\mono\mono\metadata\icall.c:1842:
C:\build\output\Unity-Technologies\mono\mono\metadata\icall.c:1842:
C:\build\output\Unity-Technologies\mono\mono\metadata\icall.c:1842:
C:\build\output\Unity-Technologies\mono\mono\metadata\icall.c:1842:
C:\build\output\Unity-Technologies\mono\mono\metadata\icall.c:1842:
C:\build\output\Unity-Technologies\mono\mono\metadata\icall.c:1842:
C:\build\output\Unity-Technologies\mono\mono\metadata\icall.c:1842:
Symbol file LoadedFromMemory doesn't match image C:\Users\tudor\OneDrive\Imagini\Documente\GitHub\Anarchy chess\Library\PackageCache\com.unity.visualscripting@1.8.0\Editor\VisualScripting.Core\Dependencies\YamlDotNet\Unity.VisualScripting.YamlDotNet.dll
Symbol file LoadedFromMemory doesn't match image C:\Users\tudor\OneDrive\Imagini\Documente\GitHub\Anarchy chess\Library\PackageCache\com.unity.visualscripting@1.8.0\Editor\VisualScripting.Core\Dependencies\DotNetZip\Unity.VisualScripting.IonicZip.dll
- Loaded All Assemblies, in  0.617 seconds
Refreshing native plugins compatible for Editor in 3.46 ms, found 4 plugins.
Native extension for Android target not found
Native extension for WindowsStandalone target not found
Mono: successfully reloaded assembly
- Finished resetting the current domain, in  0.761 seconds
Domain Reload Profiling: 1375ms
	BeginReloadAssembly (152ms)
		ExecutionOrderSort (0ms)
		DisableScriptedObjects (11ms)
		BackupInstance (0ms)
		ReleaseScriptingObjects (0ms)
		CreateAndSetChildDomain (37ms)
	RebuildCommonClasses (25ms)
	RebuildNativeTypeToScriptingClass (9ms)
	initialDomainReloadingComplete (22ms)
	LoadAllAssembliesAndSetupDomain (406ms)
		LoadAssemblies (255ms)
		RebuildTransferFunctionScriptingTraits (0ms)
		AnalyzeDomain (223ms)
			TypeCache.Refresh (219ms)
				TypeCache.ScanAssembly (212ms)
			ScanForSourceGeneratedMonoScriptInfo (0ms)
			ResolveRequiredComponents (3ms)
	FinalizeReload (761ms)
		ReleaseScriptCaches (0ms)
		RebuildScriptCaches (0ms)
		SetupLoadedEditorAssemblies (333ms)
			LogAssemblyErrors (0ms)
			InitializePlatformSupportModulesInManaged (17ms)
			SetLoadedEditorAssemblies (3ms)
			BeforeProcessingInitializeOnLoad (67ms)
			ProcessInitializeOnLoadAttributes (217ms)
			ProcessInitializeOnLoadMethodAttributes (24ms)
			AfterProcessingInitializeOnLoad (4ms)
			EditorAssembliesLoaded (0ms)
		ExecutionOrderSort2 (0ms)
		AwakeInstancesAfterBackupRestoration (7ms)
Refreshing native plugins compatible for Editor in 4.43 ms, found 4 plugins.
Preloading 0 native plugins for Editor in 0.00 ms.
Unloading 4277 Unused Serialized files (Serialized files now loaded: 0)
Unloading 38 unused Assets / (38.4 KB). Loaded Objects now: 4888.
Memory consumption went from 178.7 MB to 178.6 MB.
Total: 4.132500 ms (FindLiveObjects: 0.293500 ms CreateObjectMapping: 0.207100 ms MarkObjects: 3.549500 ms  DeleteObjects: 0.081600 ms)

Prepare: number of updated asset objects reloaded= 0
AssetImportParameters requested are different than current active one (requested -> active):
  custom:scripting/monoscript/fileName/CountdownTimer.cs: 29151b8b1909dcb5f8770e606e1b626a -> 
  custom:scripting/monoscript/fileName/NickNameField.cs: 4566439151a528588c6e77fbea15ef25 -> 
  custom:scripting/monoscript/fileName/ConnectionHandler.cs: 33c1e29051dc60b1fb7e8675cafa9a54 -> 
  custom:scripting/monoscript/fileName/NetworkProjectConfigImporterEditor.cs: 0b9c7f8db96d38ff89dc9f2e19e80a40 -> 
  custom:scripting/monoscript/fileName/StringInputField.cs: 766f94c288e6bb2cfcd18d60914c0461 -> 
  custom:scripting/monoscript/fileName/PhotonTransformViewClassicEditor.cs: 174be401c238aa6e741f961399731929 -> 
  custom:scripting/monoscript/fileName/Fusion.CodeGen.User.cs: 7518413c31be8fc7fe79dd8f5b20fa0c -> 
  custom:scripting/monoscript/fileName/SmoothSyncMovement.cs: 31ee6a992a574c4e665f73e48482d3fc -> 
  custom:scripting/monoscript/fileName/PlayerListCell.cs: 76799f985e8a3951e5d132618c3350d8 -> 
  custom:scripting/monoscript/fileName/NetworkCharacterController.cs: 0d9ab4a1b508efe718225ceffebd8e54 -> 
  custom:scripting/monoscript/fileName/ConnectAndJoinRandomLb.cs: 9dd47be72f766f78cbbffce9f8575ef1 -> 
  custom:scripting/monoscript/fileName/RoomInfo.cs: 86776ad49e4deb535029b369c45e7f36 -> 
  custom:scripting/monoscript/fileName/ServerAddressProperty.cs: 284ddbe40a77584c9c8835a0d4d63859 -> 
  custom:video-decoder-webm-vp8: 9c59270c3fd7afecdb556c50c9e8de78 -> 
  custom:scripting/monoscript/fileName/SlotRacerSplashScreen.cs: 76e2c64393d61c31f26e20612278ec67 -> 
  custom:scripting/monoscript/fileName/ChannelCreationOptions.cs: 4231621e658bee43f79b42f64c894f83 -> 
  custom:scripting/monoscript/fileName/SystemConnectionSummary.cs: bf5673a8df4878a9885c94fd51dd3397 -> 
  custom:scripting/monoscript/fileName/RunnerLagCompensationGizmos.cs: f7028307a5d8b8de388a40efb20302af -> 
  custom:SearchIndexIgnoredProperties: e643bd26f0fe6173181afceb89e7c659 -> 
  custom:scripting/monoscript/fileName/DocLinks.cs: 22fc6e62d47c65fdd35bd32f57891e69 -> 
  custom:scripting/monoscript/fileName/FriendListView.cs: 04c66340ac95991cba62207cfc3f8015 -> 
  custom:scripting/monoscript/fileName/RunnerEnableVisibility.cs: e1b57f1bd6fcbd3137975404af4bcf85 -> 
  custom:scripting/monoscript/fileName/OnClickInstantiate.cs: 3929e8581c0458b4fa6c3ecec790414e -> 
  custom:scripting/monoscript/fileName/PlayerNumberingInspector.cs: e277bf463a09eaa6bcf2868a0f243e5c -> 
  custom:scripting/monoscript/fileName/NetworkProjectConfigImporter.cs: a2caae9d85fed596662aa6841efc1b3e -> 
  custom:scripting/monoscript/fileName/IChatClientListener.cs: e6ec1b8d09bf11f3791c0bd18ae45880 -> 
  custom:audio-encoder-webm-vorbis: bf7c407c2cedff20999df2af8eb42d56 -> 
  custom:scripting/monoscript/fileName/FusionEditorSkin.cs: c6dee1ba664a2a78ce51705f2322e50c -> 
  custom:scripting/monoscript/fileName/PunClasses.cs: d6a17dc119cdc0b4a5b92f4135a56268 -> 
  custom:scripting/monoscript/fileName/ScoreHelper.cs: 7e2091fcb90bdab85f4be0c18d586eba -> 
  custom:scripting/monoscript/fileName/FusionStatsGraph.cs: 7021e2a0a0c25bbb5696ad6d6108403d -> 
  custom:scripting/monoscript/fileName/IsConnectedAndReadyProperty.cs: af06b6e7ee3f25798787bf32cafcb247 -> 
  custom:scripting/monoscript/fileName/OnEscapeQuit.cs: be21f25ae17e13db5ee6619d0c4d06e1 -> 
  custom:scripting/monoscript/fileName/FusionRunnerVisibilityControlsWindow.cs: 503e55d51d5bac9ff9db7e3128ab6896 -> 
  custom:scripting/monoscript/fileName/OnJoinedInstantiate.cs: e6fcd481d2d6dd67f5b18fb26017d8ba -> 
  custom:scripting/monoscript/fileName/IgnoreUiRaycastWhenInactive.cs: 64ae0ba0567ac5043ee479695fe7bd2b -> 
  custom:scripting/monoscript/fileName/PlayerListEntry.cs: 3811c0a731ead3815771e470aaca8954 -> 
  custom:scripting/monoscript/fileName/ChatUserStatus.cs: 70a3ef1ac77c9464b5af9f3f7bba93e1 -> 
  custom:scripting/monoscript/fileName/CurrentRoomEmptyRoomTtlProperty.cs: ba459c40e550063227b6dbef6f2e12d7 -> 
  custom:scripting/monoscript/fileName/FusionAddressablePrefabsPreloader.cs: 609c7194fc18608a6ba4972670be253b -> 
  custom:scripting/monoscript/fileName/MonoBehaviourPunEditor.cs: a420633076e18e6ded9ee7ff41e5161d -> 
  custom:scripting/monoscript/fileName/IngameControlPanel.cs: e8e78297d18e08fd0d6ef99a75e376c2 -> 
  custom:scripting/monoscript/fileName/CustomTypes.cs: 32fb10f0e1ae6f1f4c5b8deb3c8e83c3 -> 
  custom:scripting/monoscript/fileName/PlayerManager.cs: 5b0494b39b9a262c0ad29b1931262023 -> 
  custom:scripting/monoscript/fileName/CurrentRoomIsOpenProperty.cs: 401af34d1219dc5c3b2d226ce3b12b08 -> 
  custom:scripting/monoscript/fileName/RegionListView.cs: d1509ce3c1dcf26ebb758f8eb59e1c54 -> 
  custom:scripting/monoscript/fileName/ConnectToRegionUIForm.cs: 662fbbb8f06b04129a615111e69dec89 -> 
  custom:scripting/monoscript/fileName/SendRateOnSerializeField.cs: 8559ed016d3004cf7fa75b6b51babcf0 -> 
  custom:scripting/monoscript/fileName/Block.cs: 4912a9664024ee7276656eb28373609a -> 
  custom:scripting/monoscript/fileName/RunnerVisibilityLinksRoot.cs: 64f229c02655e4ab1b3ad93c7368ccfe -> 
  custom:scripting/monoscript/fileName/WebRpc.cs: ee2bfdfdd166ac7a426061037e23ee8f -> 
  custom:scripting/monoscript/fileName/BezierSplineInspector.cs: 64d312faa4ce8272425b85e56f7f3f74 -> 
  custom:scripting/monoscript/fileName/IPhotonViewCallbacks.cs: 6b192d91218207b95c2b171719310343 -> 
  custom:scripting/monoscript/fileName/Launcher.cs: 6d0f0651107e8b978d50eb5d8ca63cd3 -> 
  custom:scripting/monoscript/fileName/PropertyCell.cs: caa15b0e3299de64e13d6f1d4cf295aa -> 
  custom:scripting/monoscript/fileName/PunTurnManager.cs: c24499e0acfb9782133d39c092b0366b -> 
  custom:scripting/monoscript/fileName/CurrentRoomIsVisibleProperty.cs: be95d33e9289a548289bfd3ab9507d59 -> 
  custom:scripting/monoscript/fileName/ChatChannel.cs: 052e931f7bf91536d9bda80d682b6368 -> 
  custom:scripting/monoscript/fileName/BezierCurveInspector.cs: cd033eb785ec71c240751fc164fcbff1 -> 
  custom:scripting/monoscript/fileName/AppSettings.cs: d20c247df910115cd4c5ae83482475ef -> 
  custom:scripting/monoscript/fileName/PhotonAnimatorViewEditor.cs: fd89a9c520118567d7b47e39070bcd39 -> 
  custom:scripting/monoscript/fileName/PhotonViewInspector.cs: da72c707197b3a14a9e4fc031131a7bc -> 
  custom:scripting/monoscript/fileName/CurrentRoomPropertiesListedInLobbyProperty.cs: c8880d240fca5295b2028661629631dc -> 
  custom:scripting/monoscript/fileName/ThirdPersonUserControl.cs: 1e36b4529ca7c2f8667ed6449c3722b9 -> 
  custom:scripting/monoscript/fileName/CurrentRoomIsOfflineProperty.cs: a3b570f54686008ce7d1ddf281dfdde2 -> 
  custom:scripting/monoscript/fileName/PlayerControl.cs: 6df8b26511518ec75eac4160d12ac3bc -> 
  custom:scripting/monoscript/fileName/LineInspector.cs: b46fbdbe979ee95575b26620e8af2791 -> 
  custom:scripting/monoscript/fileName/PhotonNetworkPart.cs: 28ef43a4727cd01eb0456d4c51a096be -> 
  custom:scripting/monoscript/fileName/CustomTypesUnity.cs: 013c37589fb09e7f77b2d495dfa13043 -> 
  custom:scripting/monoscript/fileName/ChannelWellKnownProperties.cs: 7e2dabda8907dc60fb63ae9c28cb0b10 -> 
  custom:scripting/monoscript/fileName/ToggleExpand.cs: 8df2d7619ad2c56cf93b2f0cedc9c9a4 -> 
  custom:scripting/monoscript/fileName/EventSystemSpawner.cs: c525f40330ddc66d7e7f5297346da241 -> 
  custom:scripting/monoscript/fileName/PlayerNameInputField.cs: 27839abf4289ab34aa2cc2967033966d -> 
  custom:scripting/monoscript/fileName/IsConnectedProperty.cs: 981ecf71603e1baa6ce21b0fd1acc020 -> 
  custom:scripting/monoscript/fileName/PlayerAnimatorManager.cs: a7d34eb870b3ee44c83d5db31316a095 -> 
  custom:scripting/monoscript/fileName/MoveByKeys.cs: 0be06a6581575752c58847799d9932e6 -> 
  custom:scripting/monoscript/fileName/FriendListCell.cs: 8dfedb1e000853780b714ad0651f22a9 -> 
  custom:scripting/monoscript/fileName/PhotonTeamsManager.cs: ed14ceec94e7d1247f794ca4f7f3aa2e -> 
  custom:scripting/monoscript/fileName/ChatOperationCode.cs: dac444e0d5bbc5c837c33663c8b2cefb -> 
  custom:AudioImporter_EditorPlatform: d09bf68614088b80899f8185d706f6e7 -> 
  custom:scripting/monoscript/fileName/ChatEventCode.cs: 764a52cdc3a575d4587f1a0939ee2b6d -> 
  custom:scripting/monoscript/fileName/PhotonTransformViewEditor.cs: d59344a8429d1e1c91f78e42f728790a -> 
  custom:scripting/monoscript/fileName/DocLinkButton.cs: 551275f4066ad419ab79864501010643 -> 
  custom:scripting/monoscript/fileName/Room.cs: f509531380bf8f44be3c84421df8f27b -> 
  custom:scripting/monoscript/fileName/AsteroidsGame.cs: 39019f3fa92643372bcb4670a7434593 -> 
  custom:scripting/monoscript/fileName/LoaderAnime.cs: 95ab941fc8d4427c4fa6c07cf9af1057 -> 
  custom:scripting/monoscript/fileName/ButtonInsideScrollList.cs: 663db374c5f487d95198d2dce6dd1ce7 -> 
  custom:scripting/monoscript/fileName/ReorderableListResources.cs: a21396365aa80586d6fe0c3f093e8e8a -> 12f8cf94345b17bd1a3aef7c3b5bd157
  custom:scripting/monoscript/fileName/SendRateField.cs: 5786bd6806651c5e23c7d4a511e3dfaa -> 
  custom:scripting/monoscript/fileName/PhotonTeamsManagerInspector.cs: 55bea48a55e757c56d53ded3ae32c48e -> 
  custom:audio-decoder-ogg-vorbis: bf7c407c2cedff20999df2af8eb42d56 -> 
  custom:scripting/monoscript/fileName/UserIdUiForm.cs: 0a1836b26b3227dc4bf5c907f6dcc697 -> 
  custom:scripting/monoscript/fileName/ChatAppSettings.cs: db433ce9dc535a56c6c28a3183328622 -> 
  custom:scripting/monoscript/fileName/NetworkSceneManagerDefault.cs: 871a1346f3625e42e5be83f620052e51 -> 
  custom:scripting/monoscript/fileName/PropertyListenerBase.cs: f9338b1da94c09d1d4dc5b01f854e0e3 -> 
  custom:scripting/monoscript/fileName/FriendItem.cs: 7041a5cee458fd755b4167724bf865d2 -> 
  custom:scripting/monoscript/fileName/ChannelSelector.cs: 787aa32b539868663942ded37c6d24ef -> 
  custom:scripting/monoscript/fileName/RegionHandler.cs: 6de377e0adf86218af15234cc2039610 -> 
  custom:scripting/monoscript/fileName/ChatAppIdCheckerUI.cs: 1bb8fafd3e2c10dfddf187c423c0f4b8 -> 
  custom:scripting/monoscript/fileName/CullArea.cs: 75f7e0f84478d7778555f1e1e66d50b7 -> 
  custom:scripting/monoscript/fileName/CountOfPlayersOnMasterProperty.cs: aa74237d4beb81bd33ceee77917bae47 -> 
  custom:scripting/monoscript/fileName/GameManager.cs: 56bc6cc643bcbf5a5a0d63cbd09e7487 -> 9933fbcc6190e2a9171c2ec8808a053e
  custom:scripting/monoscript/fileName/CurrentRoomAutoCleanupProperty.cs: a92fec09d98c752e495341af83135d64 -> 
  custom:scripting/monoscript/fileName/ChatPeer.cs: ab4cb6a09b2bd7026434274768d75701 -> 
  custom:scripting/monoscript/fileName/DemoHubManager.cs: 0dd9c19f14946313f8d78bca90723987 -> 
  custom:scripting/monoscript/fileName/CreateRoomUiForm.cs: bf1ce360a976c4439345f8064d17d3ad -> 
  custom:scripting/monoscript/fileName/NamePickGui.cs: 2c5392a37dc177dc65a116f98af1080e -> 
  custom:scripting/monoscript/fileName/TabViewManager.cs: a7d06552ed611c43e44fb3fef2b558f5 -> 
  custom:scripting/monoscript/fileName/PlayerUI.cs: 4d64fa5e9e8828968d6cc191a132718d -> 
  custom:scripting/monoscript/fileName/EnableOnSingleRunner.cs: 9976ce768e23cc0678b095d30598d8cd -> 
  custom:scripting/monoscript/fileName/PunCockpit.cs: 534cb157a89724d3ca07a36bb2005880 -> 
  custom:scripting/monoscript/fileName/RoomListCell.cs: 8d1543bdc9816b8a578d6cd2eebe48be -> 
  custom:scripting/monoscript/fileName/CurrentRoomNameProperty.cs: 72010acf97fe1f3e9ff0b8c322c93e83 -> 
  custom:scripting/monoscript/fileName/NetworkObjectProviderDefault.cs: 0eb113b3784be4de9cc2f3cdcdf5e36c -> 
  custom:scripting/monoscript/fileName/PunPlayerScores.cs: eee61e21995464ded106b44bf2f6edd4 -> 
  custom:scripting/monoscript/fileName/PunTeamsInspector.cs: 4df913dbc11ac67364301ce3915ea909 -> 
  custom:scripting/monoscript/fileName/Extensions.cs: 3f8618856b92f72822431fd67127e289 -> 
  custom:scripting/monoscript/fileName/AutoSyncSceneToggle.cs: f5a0c8cb6428054959052eda2623401a -> 
  custom:scripting/monoscript/fileName/ToDemoHubButton.cs: 76a2afa2c645f73081ead15c9512dae8 -> 
  custom:scripting/monoscript/fileName/CountOfPlayersInRoomProperty.cs: 22a26994633102695250e14533d8bd88 -> 
  custom:scripting/monoscript/fileName/AppSettingsExtensions.cs: 7eb3b190282e171c2845b1d8ee71ed5c -> 
  custom:scripting/monoscript/fileName/Region.cs: a0331a07d2a132f6cd24585218741838 -> 
  custom:scripting/monoscript/fileName/Bezier.cs: b8534c761c3f32134ac0822189e167cc -> 
  custom:scripting/monoscript/fileName/PhotonEditor.cs: 9beee3a7ca2bc764b51880f31127a0ea -> 
  custom:scripting/monoscript/fileName/CountOfPlayersProperty.cs: 92593170cc4984fa211f8cfbd69ac9a3 -> 
  custom:scripting/monoscript/fileName/OnStartDelete.cs: ca7ff388213f651af9d8be5d8844a8f4 -> 
  custom:video-encoder-webm-vp8: eb34c28f22e8b96e1ab97ce403110664 -> 
  custom:scripting/monoscript/fileName/ChatClient.cs: d3eb880194f03abd869e259e1e9fd5f0 -> 
  custom:scripting/monoscript/fileName/PhotonRigidbody2DView.cs: cfabe07ff5658dc80bf23a32c3f3d3ea -> 
  custom:scripting/monoscript/fileName/RoomListView.cs: 2b7207d3ddc2539dd2b806ed485e033b -> 
  custom:scripting/monoscript/fileName/OfflineModeProperty.cs: 142619a08af07c654a2536f2386c9c6c -> 
  custom:container-demuxer-ogg: 62fdf1f143b41e24485cea50d1cbac27 -> 
  custom:scripting/monoscript/fileName/Noise.cs: dc35aa19dae9f4b9d9d351205aaba1c6 -> 
  custom:scripting/monoscript/fileName/GameVersionProperty.cs: 212cdb5858947bda9a55c4e8f58ef2c6 -> 
  custom:framework-win-MediaFoundation: 216162199b28c13a410421893ffa2e32 -> 
  custom:scripting/monoscript/fileName/ConnectAndJoinRandom.cs: 00d6f17fa442bd592f9dfb4622a40a5d -> 
  custom:scripting/monoscript/fileName/PhotonTransformView.cs: ea668b9d3ca2e512312f4d0840810b14 -> 
  custom:scripting/monoscript/fileName/FusionBootstrap.cs: ce6761b6f61ee75dccdb3d85fc55a691 -> 
  custom:scripting/monoscript/fileName/RoomListEntry.cs: c7ba9dd428a6b8b410fe51075bfba1e1 -> 
  custom:scripting/monoscript/fileName/CurrentRoomMasterClientIdProperty.cs: 8a7f2b18c7369cf86e69820d5f0602fe -> 
  custom:scripting/monoscript/fileName/PunTeams.cs: 97cdf6951e96c2643337cf5fb8f69c0b -> 
  custom:scripting/monoscript/fileName/RegionListCell.cs: f6a1e00ce33d3dec4b7e2cfe425726c7 -> 
  custom:scripting/monoscript/fileName/PunSceneSettings.cs: 91ded15e638c075e189911af7f870d60 -> 
  custom:scripting/monoscript/fileName/ThirdPersonCharacter.cs: d37a384ef7557636dd0499ecb4e48640 -> 
  custom:scripting/monoscript/fileName/PlayerDetailsController.cs: 4a8b583bcd181f124e040cd407eab3b7 -> 
  custom:scripting/monoscript/fileName/PhotonRigidbody2DViewEditor.cs: 1bbd8586933ea3b91d286e3a03ef0b15 -> 
  custom:scripting/monoscript/fileName/Fusion.Unity.Editor.cs: b14e14e52edac49806a8f9d4187d9f4c -> 
  custom:scripting/monoscript/fileName/Fusion.Unity.cs: 2f52e767df9231dc9ad5c805bed98e70 -> 
  custom:scripting/monoscript/fileName/SlotLanes.cs: 97949fb7cbc49a87a0e9a949a270c39f -> 
  custom:scripting/monoscript/fileName/StatesGui.cs: 98e5143501c303d7d5973c718d302233 -> 
  custom:scripting/monoscript/fileName/SplineWalker.cs: 5be65352f0f07fbe7665dfb31e99644d -> 
  custom:scripting/monoscript/fileName/PingProperty.cs: 9f24d087d77c62d9ddcbab43ed4cd5fe -> 
  custom:scripting/monoscript/fileName/LoadLevelUIForm.cs: 6198023540609558b39b6b3a84524494 -> 
  custom:scripting/monoscript/fileName/MultiplayerManager.cs: 29415d0687c638629166b314004ee270 -> 
  custom:scripting/monoscript/fileName/BezierCurve.cs: 6855a37c0f6b23766e2a15354899a784 -> 
  custom:scripting/monoscript/fileName/Line.cs: 5e23c11e3450a3cc94ccc16c37b15685 -> 
  custom:scripting/monoscript/fileName/FusionStatsBillboard.cs: beff202fd2a83c3f993d781559426984 -> 
  custom:scripting/monoscript/fileName/SetRoomCustomPropertyUIForm.cs: 9f1b75809ed6e2f34b0b61446d287bd4 -> 
  custom:scripting/monoscript/fileName/RunnerAOIGizmos.cs: 8b1629a60417f80a3d501474e540ad3f -> 
  custom:scripting/monoscript/fileName/PointedAtGameObjectInfo.cs: 0f220a9d7e421f59db30fb04c90d6c0e -> 
  custom:scripting/monoscript/fileName/PhotonLagSimulationGui.cs: de60acfca25c9c245519382776ad2f82 -> 
  custom:scripting/monoscript/fileName/OnPointerOverTooltip.cs: b9abe1fce28033712ba423247874af86 -> 
  custom:scripting/monoscript/fileName/PhotonViewHandler.cs: 7c6c7799f7e9296388067c605d1dc27c -> 
  custom:scripting/monoscript/fileName/CullingHandler.cs: ff4506351c41ac4ce471635b6b12ceb3 -> 
  custom:scripting/monoscript/fileName/PlayerListView.cs: 60e6f2e41401ae176dea7b70bab3c390 -> 
  custom:scripting/monoscript/fileName/SplinePosition.cs: b39b2fa35faaacaf63f8929368e2e5de -> 
  custom:video-decoder-ogg-theora: a1e56fd34408186e4bbccfd4996cb3dc -> 
  custom:scripting/monoscript/fileName/PlayerNumbering.cs: ce6d1f08b3d2d23009596a69c08b221d -> 
  custom:scripting/monoscript/fileName/PunStartup.cs: 961ddc858b2c0426ca5019c7e78c4fbf -> 
  custom:scripting/monoscript/fileName/FusionStatsMeterBar.cs: d21101dd4c4710df60c667e63d577d83 -> 
  custom:scripting/monoscript/fileName/PhotonHandler.cs: 70e641dd7ce55eb351f633fc29fb5f7f -> 
  custom:scripting/monoscript/fileName/IntInputField.cs: 40c0ee81b04639c26264c222a1aaea0c -> 
  custom:scripting/monoscript/fileName/PhotonRigidbodyView.cs: f6b453c3dd57cf47fa35b8156daece9a -> 
  custom:scripting/monoscript/fileName/TextToggleIsOnTransition.cs: 326b9c727c304dd69fe51444f64a7721 -> 
  custom:scripting/monoscript/fileName/WorldGenerator.cs: dca0ae82b72e05480b823fc7043006c0 -> 
  custom:scripting/monoscript/fileName/LobbyTopPanel.cs: 830e03b228bff7a95bbb092a2d6b29d2 -> 
  custom:scripting/monoscript/fileName/PlayerOverviewPanel.cs: 515bb293728f907f134591646985b9ce -> 
  custom:scripting/monoscript/fileName/OnlineDocButton.cs: e8bceb35def1f2c21aeb107b10e7c020 -> 
  custom:scripting/monoscript/fileName/AsteroidsGameManager.cs: 12a51843b5b71df994a62f28231ff7ef -> 
  custom:scripting/monoscript/fileName/ServerSettings.cs: 8fa55e8857e3ebd201455fd70a9f157d -> 
  custom:scripting/monoscript/fileName/ServerSettingsInspector.cs: 95da0bc9ecca5735a6f497f524ce7e54 -> 
  custom:scripting/monoscript/fileName/AppVersionProperty.cs: a4b4daafa219f35ecce40e74ac804003 -> 
  custom:scripting/monoscript/fileName/ProceduralController.cs: 294ae00e975ca4fe85822d6f85fe658a -> 
  custom:scripting/monoscript/fileName/BackgroundTimeOutField.cs: 301f4bb8d6480b188021ecf99ba8be6c -> 
  custom:scripting/monoscript/fileName/UserIdField.cs: 889d45ebefa87613726b801d1e5e80c8 -> 
  custom:scripting/monoscript/fileName/GraphicToggleIsOnTransition.cs: 7e3768d2f1167a9a7dc7f801820c67a5 -> 
  custom:scripting/monoscript/fileName/ChatGui.cs: 83ccb577c346edd301c0a35e11693dfd -> 
  custom:scripting/monoscript/fileName/AccountService.cs: 80b748556379aab9364d8ef00499f1a9 -> 
  custom:scripting/monoscript/fileName/PhotonRigidbodyViewEditor.cs: ab7e34153fa9a3c646e0316fa6fc5600 -> 
  custom:scripting/monoscript/fileName/CrcCheckToggle.cs: a236d00910b93ad4ae792080fb07508e -> 
  custom:scripting/monoscript/fileName/FusionBootstrapDebugGUI.cs: 371b4228dd1f5808b5897e19c03d546a -> 
  custom:scripting/monoscript/fileName/Player.cs: b6aef835b43cb69bef999bd5136f7c21 -> 
  custom:scripting/monoscript/fileName/LoadbalancingPeer.cs: d9dd9ca955de7f0a553b219d39f29621 -> 
  custom:scripting/monoscript/fileName/FusionStatsObjectIds.cs: 43a79179a267263c08267aeebfb7eafd -> 
  custom:scripting/monoscript/fileName/PunCockpitEmbed.cs: 2240c92b97535c6672465e83f1e36036 -> 
  custom:scripting/monoscript/fileName/CurrentRoomIsOpenToggle.cs: 229c6038772c64902eb501df39020417 -> 
  custom:scripting/monoscript/fileName/PhotonStatsGui.cs: d8361e63c4cf02d1cc41570adb7e9d85 -> 
  custom:scripting/monoscript/fileName/PunSceneSettingsInspector.cs: da5c9fdcd684cd1c669e2f5c5f40d373 -> 
  custom:scripting/monoscript/fileName/CurrentRoomMaxPlayersProperty.cs: f8d2a9d7157be1b82e5db9695b63da90 -> 
  custom:scripting/monoscript/fileName/PhotonNetwork.cs: b0631ad5c9d567edbfc4fb2b742f00d0 -> 
  custom:scripting/monoscript/fileName/OnClickRpc.cs: a4c1c482691ed3f8764f3736c0d692ea -> 
  custom:scripting/monoscript/fileName/BezierSpline.cs: fdb9ccdef0d3985b914118aec7c411f2 -> 
  custom:scripting/monoscript/fileName/PhotonPing.cs: 3f140d1df899c474f22230f66cc59a41 -> 
  custom:scripting/monoscript/fileName/CurrentRoomIsVisibleToggle.cs: 47a99e70dc7fd5d059dfbf899c22bbdb -> 
  custom:scripting/monoscript/fileName/Fusion.CodeGen.cs: b9ff9c5a347ec7e6d58d9aa467d5ae96 -> 
  custom:scripting/monoscript/fileName/PhotonStreamQueue.cs: 5d5e55e8eb60f78e116626969ed0311e -> 
  custom:scripting/monoscript/fileName/WebRpcImplementationExample.cs: 7bff59c7defddf73a4ceae1090065bd1 -> 
  custom:container-muxer-webm: aa71ff27fc2769a1b78a27578f13a17b -> 
  custom:scripting/monoscript/fileName/InfosPanelPlaceholder.cs: fef54b122412d96995fae2ad440bb18b -> 
  custom:scripting/monoscript/fileName/NestedComponentUtilities.cs: 033fd91b849b48295ab920beaf62446d -> 
  custom:scripting/monoscript/fileName/PhotonEditorUtils.cs: 4456563b945cca498f5f71d9eb2059b9 -> 
  custom:scripting/monoscript/fileName/IPunCallbacks.cs: 81caf01d84a9fa08671565d87776010b -> 
  custom:scripting/monoscript/fileName/FriendInfo.cs: be836ba41ecfa4c9dca4b510bdfea5c8 -> 
  custom:scripting/monoscript/fileName/CountOfRoomsProperty.cs: c0688910145f665105cec6c6eaf4f03c -> 
  custom:scripting/monoscript/fileName/ServerProperty.cs: d53bc3d40dee4679a13aa7a9ff58706e -> 
  custom:scripting/monoscript/fileName/Bullet.cs: 77c411c50d821352e611a16c30f40226 -> 
  custom:scripting/monoscript/fileName/OnClickDestroy.cs: 84deb4bc685f090f86133752922a945d -> 
  custom:scripting/monoscript/fileName/PhotonView.cs: b2662a18b33c427e0ec2e5ab1a56c2b5 -> 
  custom:scripting/monoscript/fileName/LoadBalancingClient.cs: 632813597f9db7bc895b13321ba1b05b -> 
  custom:scripting/monoscript/fileName/PhotonTransformViewClassic.cs: b13582f7122692c3dc0b0b58565603b7 -> 
  custom:scripting/monoscript/fileName/CameraWork.cs: 7182be285ca897b882f7b04a97b5001a -> 
  custom:scripting/monoscript/fileName/GameVersionField.cs: e1aaf98c257ad1044f09a430176c1d25 -> 
  custom:scripting/monoscript/fileName/CurrentRoomPlayerCountProperty.cs: 2e3a71196f608331c351de9edf7166b4 -> 
  custom:video-codec-MediaFoundation-h265: 746d11721c4dcdbdad8f713fa42b33f4 -> 
  custom:scripting/monoscript/fileName/PhotonAnimatorView.cs: d7e478a730cbe0e6a3a4e1f87600646a -> 
  custom:scripting/monoscript/fileName/CloudRegionProperty.cs: a98a80d4740fc4627fa07cd0d1b937f1 -> 
  custom:scripting/monoscript/fileName/PhotonGUI.cs: a5571c3104cbd100c9135419869f9e73 -> 
  custom:scripting/monoscript/fileName/CurrentRoomPlayerTtlProperty.cs: 5737d382a26e8898e597b19ab06904c5 -> 
  custom:CustomObjectIndexerAttribute: 756ad292c208cfabdd7b50bc23989ffe -> 
  custom:container-demuxer-webm: 4f35f7cbe854078d1ac9338744f61a02 -> 
  custom:scripting/monoscript/fileName/Cluster.cs: 5ff22076c2cc06a01d1cc1c38d08f712 -> 
  custom:scripting/monoscript/fileName/BestRegionInPrefsProperty.cs: f81195994c87654890233836f627cd69 -> 
  custom:scripting/monoscript/fileName/RunnerVisibilityLink.cs: 6e4a2325960fce24f58edb6ee6b338d8 -> 
  custom:scripting/monoscript/fileName/Spaceship.cs: 77d86dcddcb47a6cc18163eb292fa20b -> 
  custom:scripting/monoscript/fileName/CullAreaEditor.cs: ac85e81dd9fb835b90f15d14c78d253a -> 
  custom:scripting/monoscript/fileName/LobbyMainPanel.cs: bee85956556c66d6096a3300e7923c77 -> 
  custom:scripting/monoscript/fileName/ChatParameterCode.cs: a0fd6a090c21b2fc7ca69a867e9c27c2 -> 
  custom:scripting/monoscript/fileName/LayoutElementMatchSize.cs: 325cd6d9cb44d01cc8cfa43a5413de8f -> 
  custom:scripting/monoscript/fileName/TextButtonTransition.cs: 72f2c4484a6dc921aacef6b387422aa7 -> 
  custom:scripting/monoscript/fileName/SupportLogger.cs: 6226925e792eee84b718aee3baaa82a7 -> 
  custom:scripting/monoscript/fileName/Asteroid.cs: 8382d1ead570177214081c1ec12affef -> 
  custom:scripting/monoscript/fileName/CurrentRoomExpectedUsersProperty.cs: 15c7823a1b55465c741092cad452b5e4 -> 
  custom:scripting/monoscript/fileName/BoolInputField.cs: 96b6c600bd0428819f492c767ecf8b5b -> 
========================================================================
Received Import Request.
  Time since last request: 38.138990 seconds.
  path: Assets/Scenes/Game UI.unity
  artifactKey: Guid(b21b948472105574aa943eea76d152fc) Importer(815301076,1909f56bfc062723c751e8b465ee728b)
Start importing Assets/Scenes/Game UI.unity using Guid(b21b948472105574aa943eea76d152fc) Importer(815301076,1909f56bfc062723c751e8b465ee728b)  -> (artifact id: '225dbe5a1ef94e01bfb728646d9e4879') in 0.002443 seconds
Number of updated asset objects reloaded before import = 0
Number of asset objects unloaded after import = 0
========================================================================
Received Import Request.
  Time since last request: 397.665263 seconds.
  path: Assets/Resources
  artifactKey: Guid(34236e3393483264580b9cdfcf729a87) Importer(815301076,1909f56bfc062723c751e8b465ee728b)
Start importing Assets/Resources using Guid(34236e3393483264580b9cdfcf729a87) Importer(815301076,1909f56bfc062723c751e8b465ee728b)  -> (artifact id: 'fd161c7a613c4595250b564e656e310b') in 0.001518 seconds
Number of updated asset objects reloaded before import = 0
Number of asset objects unloaded after import = 0
========================================================================
Received Import Request.
  Time since last request: 17.259997 seconds.
  path: Assets/Resources/TurboGrafx 16 Commercial - Nick Chandler (240p, h264).mp4
  artifactKey: Guid(8ab1bf6b682f0ce44a4f2d547b181a89) Importer(815301076,1909f56bfc062723c751e8b465ee728b)
Start importing Assets/Resources/TurboGrafx 16 Commercial - Nick Chandler (240p, h264).mp4 using Guid(8ab1bf6b682f0ce44a4f2d547b181a89) Importer(815301076,1909f56bfc062723c751e8b465ee728b)  -> (artifact id: '3d99a83daa1e7e2776d560b9f60204df') in 0.016517 seconds
Number of updated asset objects reloaded before import = 0
Number of asset objects unloaded after import = 1
========================================================================
Received Import Request.
  Time since last request: 115.622271 seconds.
  path: Assets/Resources/TurboGrafx-16-Commercial-N_fixed.mp4
  artifactKey: Guid(7f74abdf998620943ada973281c406ba) Importer(815301076,1909f56bfc062723c751e8b465ee728b)
Start importing Assets/Resources/TurboGrafx-16-Commercial-N_fixed.mp4 using Guid(7f74abdf998620943ada973281c406ba) Importer(815301076,1909f56bfc062723c751e8b465ee728b)  -> (artifact id: '14c7a7c419693cc4d6f08e59f85927e5') in 0.001296 seconds
Number of updated asset objects reloaded before import = 0
Number of asset objects unloaded after import = 1
========================================================================
Received Prepare
Begin MonoManager ReloadAssembly
C:\build\output\Unity-Technologies\mono\mono\metadata\icall.c:1842:
C:\build\output\Unity-Technologies\mono\mono\metadata\icall.c:1842:
C:\build\output\Unity-Technologies\mono\mono\metadata\icall.c:1842:
C:\build\output\Unity-Technologies\mono\mono\metadata\icall.c:1842:
C:\build\output\Unity-Technologies\mono\mono\metadata\icall.c:1842:
C:\build\output\Unity-Technologies\mono\mono\metadata\icall.c:1842:
C:\build\output\Unity-Technologies\mono\mono\metadata\icall.c:1842:
C:\build\output\Unity-Technologies\mono\mono\metadata\icall.c:1842:
C:\build\output\Unity-Technologies\mono\mono\metadata\icall.c:1842:
C:\build\output\Unity-Technologies\mono\mono\metadata\icall.c:1842:
C:\build\output\Unity-Technologies\mono\mono\metadata\icall.c:1842:
C:\build\output\Unity-Technologies\mono\mono\metadata\icall.c:1842:
Symbol file LoadedFromMemory doesn't match image C:\Users\tudor\OneDrive\Imagini\Documente\GitHub\Anarchy chess\Library\PackageCache\com.unity.visualscripting@1.8.0\Editor\VisualScripting.Core\Dependencies\YamlDotNet\Unity.VisualScripting.YamlDotNet.dll
Symbol file LoadedFromMemory doesn't match image C:\Users\tudor\OneDrive\Imagini\Documente\GitHub\Anarchy chess\Library\PackageCache\com.unity.visualscripting@1.8.0\Editor\VisualScripting.Core\Dependencies\DotNetZip\Unity.VisualScripting.IonicZip.dll
- Loaded All Assemblies, in  0.635 seconds
Refreshing native plugins compatible for Editor in 3.45 ms, found 4 plugins.
Native extension for Android target not found
Native extension for WindowsStandalone target not found
Mono: successfully reloaded assembly
- Finished resetting the current domain, in  0.760 seconds
Domain Reload Profiling: 1392ms
	BeginReloadAssembly (156ms)
		ExecutionOrderSort (0ms)
		DisableScriptedObjects (11ms)
		BackupInstance (0ms)
		ReleaseScriptingObjects (0ms)
		CreateAndSetChildDomain (39ms)
	RebuildCommonClasses (25ms)
	RebuildNativeTypeToScriptingClass (9ms)
	initialDomainReloadingComplete (25ms)
	LoadAllAssembliesAndSetupDomain (416ms)
		LoadAssemblies (271ms)
		RebuildTransferFunctionScriptingTraits (0ms)
		AnalyzeDomain (219ms)
			TypeCache.Refresh (213ms)
				TypeCache.ScanAssembly (204ms)
			ScanForSourceGeneratedMonoScriptInfo (3ms)
			ResolveRequiredComponents (3ms)
	FinalizeReload (761ms)
		ReleaseScriptCaches (0ms)
		RebuildScriptCaches (0ms)
		SetupLoadedEditorAssemblies (311ms)
			LogAssemblyErrors (0ms)
			InitializePlatformSupportModulesInManaged (17ms)
			SetLoadedEditorAssemblies (2ms)
			BeforeProcessingInitializeOnLoad (63ms)
			ProcessInitializeOnLoadAttributes (204ms)
			ProcessInitializeOnLoadMethodAttributes (21ms)
			AfterProcessingInitializeOnLoad (3ms)
			EditorAssembliesLoaded (0ms)
		ExecutionOrderSort2 (0ms)
		AwakeInstancesAfterBackupRestoration (6ms)
Refreshing native plugins compatible for Editor in 3.41 ms, found 4 plugins.
Preloading 0 native plugins for Editor in 0.00 ms.
Unloading 4277 Unused Serialized files (Serialized files now loaded: 0)
Unloading 38 unused Assets / (37.5 KB). Loaded Objects now: 4891.
Memory consumption went from 180.6 MB to 180.6 MB.
Total: 3.471300 ms (FindLiveObjects: 0.208800 ms CreateObjectMapping: 0.110900 ms MarkObjects: 3.095600 ms  DeleteObjects: 0.055100 ms)

Prepare: number of updated asset objects reloaded= 0
AssetImportParameters requested are different than current active one (requested -> active):
  custom:scripting/monoscript/fileName/CountdownTimer.cs: 29151b8b1909dcb5f8770e606e1b626a -> 
  custom:scripting/monoscript/fileName/NickNameField.cs: 4566439151a528588c6e77fbea15ef25 -> 
  custom:scripting/monoscript/fileName/ConnectionHandler.cs: 33c1e29051dc60b1fb7e8675cafa9a54 -> 
  custom:scripting/monoscript/fileName/NetworkProjectConfigImporterEditor.cs: 0b9c7f8db96d38ff89dc9f2e19e80a40 -> 
  custom:scripting/monoscript/fileName/StringInputField.cs: 766f94c288e6bb2cfcd18d60914c0461 -> 
  custom:scripting/monoscript/fileName/PhotonTransformViewClassicEditor.cs: 174be401c238aa6e741f961399731929 -> 
  custom:scripting/monoscript/fileName/Fusion.CodeGen.User.cs: 7518413c31be8fc7fe79dd8f5b20fa0c -> 
  custom:scripting/monoscript/fileName/SmoothSyncMovement.cs: 31ee6a992a574c4e665f73e48482d3fc -> 
  custom:scripting/monoscript/fileName/PlayerListCell.cs: 76799f985e8a3951e5d132618c3350d8 -> 
  custom:scripting/monoscript/fileName/NetworkCharacterController.cs: 0d9ab4a1b508efe718225ceffebd8e54 -> 
  custom:scripting/monoscript/fileName/ConnectAndJoinRandomLb.cs: 9dd47be72f766f78cbbffce9f8575ef1 -> 
  custom:scripting/monoscript/fileName/RoomInfo.cs: 86776ad49e4deb535029b369c45e7f36 -> 
  custom:scripting/monoscript/fileName/ServerAddressProperty.cs: 284ddbe40a77584c9c8835a0d4d63859 -> 
  custom:video-decoder-webm-vp8: 9c59270c3fd7afecdb556c50c9e8de78 -> 
  custom:scripting/monoscript/fileName/SlotRacerSplashScreen.cs: 76e2c64393d61c31f26e20612278ec67 -> 
  custom:scripting/monoscript/fileName/ChannelCreationOptions.cs: 4231621e658bee43f79b42f64c894f83 -> 
  custom:scripting/monoscript/fileName/SystemConnectionSummary.cs: bf5673a8df4878a9885c94fd51dd3397 -> 
  custom:scripting/monoscript/fileName/RunnerLagCompensationGizmos.cs: f7028307a5d8b8de388a40efb20302af -> 
  custom:SearchIndexIgnoredProperties: e643bd26f0fe6173181afceb89e7c659 -> 
  custom:scripting/monoscript/fileName/DocLinks.cs: 22fc6e62d47c65fdd35bd32f57891e69 -> 
  custom:scripting/monoscript/fileName/FriendListView.cs: 04c66340ac95991cba62207cfc3f8015 -> 
  custom:scripting/monoscript/fileName/RunnerEnableVisibility.cs: e1b57f1bd6fcbd3137975404af4bcf85 -> 
  custom:scripting/monoscript/fileName/OnClickInstantiate.cs: 3929e8581c0458b4fa6c3ecec790414e -> 
  custom:scripting/monoscript/fileName/PlayerNumberingInspector.cs: e277bf463a09eaa6bcf2868a0f243e5c -> 
  custom:scripting/monoscript/fileName/NetworkProjectConfigImporter.cs: a2caae9d85fed596662aa6841efc1b3e -> 
  custom:scripting/monoscript/fileName/IChatClientListener.cs: e6ec1b8d09bf11f3791c0bd18ae45880 -> 
  custom:audio-encoder-webm-vorbis: bf7c407c2cedff20999df2af8eb42d56 -> 
  custom:scripting/monoscript/fileName/FusionEditorSkin.cs: c6dee1ba664a2a78ce51705f2322e50c -> 
  custom:scripting/monoscript/fileName/PunClasses.cs: d6a17dc119cdc0b4a5b92f4135a56268 -> 
  custom:scripting/monoscript/fileName/ScoreHelper.cs: 7e2091fcb90bdab85f4be0c18d586eba -> 
  custom:scripting/monoscript/fileName/FusionStatsGraph.cs: 7021e2a0a0c25bbb5696ad6d6108403d -> 
  custom:scripting/monoscript/fileName/IsConnectedAndReadyProperty.cs: af06b6e7ee3f25798787bf32cafcb247 -> 
  custom:scripting/monoscript/fileName/OnEscapeQuit.cs: be21f25ae17e13db5ee6619d0c4d06e1 -> 
  custom:scripting/monoscript/fileName/FusionRunnerVisibilityControlsWindow.cs: 503e55d51d5bac9ff9db7e3128ab6896 -> 
  custom:scripting/monoscript/fileName/OnJoinedInstantiate.cs: e6fcd481d2d6dd67f5b18fb26017d8ba -> 
  custom:scripting/monoscript/fileName/IgnoreUiRaycastWhenInactive.cs: 64ae0ba0567ac5043ee479695fe7bd2b -> 
  custom:scripting/monoscript/fileName/PlayerListEntry.cs: 3811c0a731ead3815771e470aaca8954 -> 
  custom:scripting/monoscript/fileName/ChatUserStatus.cs: 70a3ef1ac77c9464b5af9f3f7bba93e1 -> 
  custom:scripting/monoscript/fileName/CurrentRoomEmptyRoomTtlProperty.cs: ba459c40e550063227b6dbef6f2e12d7 -> 
  custom:scripting/monoscript/fileName/FusionAddressablePrefabsPreloader.cs: 609c7194fc18608a6ba4972670be253b -> 
  custom:scripting/monoscript/fileName/MonoBehaviourPunEditor.cs: a420633076e18e6ded9ee7ff41e5161d -> 
  custom:scripting/monoscript/fileName/IngameControlPanel.cs: e8e78297d18e08fd0d6ef99a75e376c2 -> 
  custom:scripting/monoscript/fileName/CustomTypes.cs: 32fb10f0e1ae6f1f4c5b8deb3c8e83c3 -> 
  custom:scripting/monoscript/fileName/PlayerManager.cs: 5b0494b39b9a262c0ad29b1931262023 -> 
  custom:scripting/monoscript/fileName/CurrentRoomIsOpenProperty.cs: 401af34d1219dc5c3b2d226ce3b12b08 -> 
  custom:scripting/monoscript/fileName/RegionListView.cs: d1509ce3c1dcf26ebb758f8eb59e1c54 -> 
  custom:scripting/monoscript/fileName/ConnectToRegionUIForm.cs: 662fbbb8f06b04129a615111e69dec89 -> 
  custom:scripting/monoscript/fileName/SendRateOnSerializeField.cs: 8559ed016d3004cf7fa75b6b51babcf0 -> 
  custom:scripting/monoscript/fileName/Block.cs: 4912a9664024ee7276656eb28373609a -> 
  custom:scripting/monoscript/fileName/RunnerVisibilityLinksRoot.cs: 64f229c02655e4ab1b3ad93c7368ccfe -> 
  custom:scripting/monoscript/fileName/WebRpc.cs: ee2bfdfdd166ac7a426061037e23ee8f -> 
  custom:scripting/monoscript/fileName/BezierSplineInspector.cs: 64d312faa4ce8272425b85e56f7f3f74 -> 
  custom:scripting/monoscript/fileName/IPhotonViewCallbacks.cs: 6b192d91218207b95c2b171719310343 -> 
  custom:scripting/monoscript/fileName/Launcher.cs: 6d0f0651107e8b978d50eb5d8ca63cd3 -> 
  custom:scripting/monoscript/fileName/PropertyCell.cs: caa15b0e3299de64e13d6f1d4cf295aa -> 
  custom:scripting/monoscript/fileName/PunTurnManager.cs: c24499e0acfb9782133d39c092b0366b -> 
  custom:scripting/monoscript/fileName/CurrentRoomIsVisibleProperty.cs: be95d33e9289a548289bfd3ab9507d59 -> 
  custom:scripting/monoscript/fileName/ChatChannel.cs: 052e931f7bf91536d9bda80d682b6368 -> 
  custom:scripting/monoscript/fileName/BezierCurveInspector.cs: cd033eb785ec71c240751fc164fcbff1 -> 
  custom:scripting/monoscript/fileName/AppSettings.cs: d20c247df910115cd4c5ae83482475ef -> 
  custom:scripting/monoscript/fileName/PhotonAnimatorViewEditor.cs: fd89a9c520118567d7b47e39070bcd39 -> 
  custom:scripting/monoscript/fileName/PhotonViewInspector.cs: da72c707197b3a14a9e4fc031131a7bc -> 
  custom:scripting/monoscript/fileName/CurrentRoomPropertiesListedInLobbyProperty.cs: c8880d240fca5295b2028661629631dc -> 
  custom:scripting/monoscript/fileName/ThirdPersonUserControl.cs: 1e36b4529ca7c2f8667ed6449c3722b9 -> 
  custom:scripting/monoscript/fileName/CurrentRoomIsOfflineProperty.cs: a3b570f54686008ce7d1ddf281dfdde2 -> 
  custom:scripting/monoscript/fileName/PlayerControl.cs: 6df8b26511518ec75eac4160d12ac3bc -> 
  custom:scripting/monoscript/fileName/LineInspector.cs: b46fbdbe979ee95575b26620e8af2791 -> 
  custom:scripting/monoscript/fileName/PhotonNetworkPart.cs: 28ef43a4727cd01eb0456d4c51a096be -> 
  custom:scripting/monoscript/fileName/CustomTypesUnity.cs: 013c37589fb09e7f77b2d495dfa13043 -> 
  custom:scripting/monoscript/fileName/ChannelWellKnownProperties.cs: 7e2dabda8907dc60fb63ae9c28cb0b10 -> 
  custom:scripting/monoscript/fileName/ToggleExpand.cs: 8df2d7619ad2c56cf93b2f0cedc9c9a4 -> 
  custom:scripting/monoscript/fileName/EventSystemSpawner.cs: c525f40330ddc66d7e7f5297346da241 -> 
  custom:scripting/monoscript/fileName/PlayerNameInputField.cs: 27839abf4289ab34aa2cc2967033966d -> 
  custom:scripting/monoscript/fileName/IsConnectedProperty.cs: 981ecf71603e1baa6ce21b0fd1acc020 -> 
  custom:scripting/monoscript/fileName/PlayerAnimatorManager.cs: a7d34eb870b3ee44c83d5db31316a095 -> 
  custom:scripting/monoscript/fileName/MoveByKeys.cs: 0be06a6581575752c58847799d9932e6 -> 
  custom:scripting/monoscript/fileName/FriendListCell.cs: 8dfedb1e000853780b714ad0651f22a9 -> 
  custom:scripting/monoscript/fileName/PhotonTeamsManager.cs: ed14ceec94e7d1247f794ca4f7f3aa2e -> 
  custom:scripting/monoscript/fileName/ChatOperationCode.cs: dac444e0d5bbc5c837c33663c8b2cefb -> 
  custom:AudioImporter_EditorPlatform: d09bf68614088b80899f8185d706f6e7 -> 
  custom:scripting/monoscript/fileName/ChatEventCode.cs: 764a52cdc3a575d4587f1a0939ee2b6d -> 
  custom:scripting/monoscript/fileName/PhotonTransformViewEditor.cs: d59344a8429d1e1c91f78e42f728790a -> 
  custom:scripting/monoscript/fileName/DocLinkButton.cs: 551275f4066ad419ab79864501010643 -> 
  custom:scripting/monoscript/fileName/Room.cs: f509531380bf8f44be3c84421df8f27b -> 
  custom:scripting/monoscript/fileName/AsteroidsGame.cs: 39019f3fa92643372bcb4670a7434593 -> 
  custom:scripting/monoscript/fileName/LoaderAnime.cs: 95ab941fc8d4427c4fa6c07cf9af1057 -> 
  custom:scripting/monoscript/fileName/ButtonInsideScrollList.cs: 663db374c5f487d95198d2dce6dd1ce7 -> 
  custom:scripting/monoscript/fileName/ReorderableListResources.cs: a21396365aa80586d6fe0c3f093e8e8a -> 12f8cf94345b17bd1a3aef7c3b5bd157
  custom:scripting/monoscript/fileName/SendRateField.cs: 5786bd6806651c5e23c7d4a511e3dfaa -> 
  custom:scripting/monoscript/fileName/PhotonTeamsManagerInspector.cs: 55bea48a55e757c56d53ded3ae32c48e -> 
  custom:audio-decoder-ogg-vorbis: bf7c407c2cedff20999df2af8eb42d56 -> 
  custom:scripting/monoscript/fileName/UserIdUiForm.cs: 0a1836b26b3227dc4bf5c907f6dcc697 -> 
  custom:scripting/monoscript/fileName/ChatAppSettings.cs: db433ce9dc535a56c6c28a3183328622 -> 
  custom:scripting/monoscript/fileName/NetworkSceneManagerDefault.cs: 871a1346f3625e42e5be83f620052e51 -> 
  custom:scripting/monoscript/fileName/PropertyListenerBase.cs: f9338b1da94c09d1d4dc5b01f854e0e3 -> 
  custom:scripting/monoscript/fileName/FriendItem.cs: 7041a5cee458fd755b4167724bf865d2 -> 
  custom:scripting/monoscript/fileName/ChannelSelector.cs: 787aa32b539868663942ded37c6d24ef -> 
  custom:scripting/monoscript/fileName/RegionHandler.cs: 6de377e0adf86218af15234cc2039610 -> 
  custom:scripting/monoscript/fileName/ChatAppIdCheckerUI.cs: 1bb8fafd3e2c10dfddf187c423c0f4b8 -> 
  custom:scripting/monoscript/fileName/CullArea.cs: 75f7e0f84478d7778555f1e1e66d50b7 -> 
  custom:scripting/monoscript/fileName/CountOfPlayersOnMasterProperty.cs: aa74237d4beb81bd33ceee77917bae47 -> 
  custom:scripting/monoscript/fileName/GameManager.cs: 56bc6cc643bcbf5a5a0d63cbd09e7487 -> 9933fbcc6190e2a9171c2ec8808a053e
  custom:scripting/monoscript/fileName/CurrentRoomAutoCleanupProperty.cs: a92fec09d98c752e495341af83135d64 -> 
  custom:scripting/monoscript/fileName/ChatPeer.cs: ab4cb6a09b2bd7026434274768d75701 -> 
  custom:scripting/monoscript/fileName/DemoHubManager.cs: 0dd9c19f14946313f8d78bca90723987 -> 
  custom:scripting/monoscript/fileName/CreateRoomUiForm.cs: bf1ce360a976c4439345f8064d17d3ad -> 
  custom:scripting/monoscript/fileName/NamePickGui.cs: 2c5392a37dc177dc65a116f98af1080e -> 
  custom:scripting/monoscript/fileName/TabViewManager.cs: a7d06552ed611c43e44fb3fef2b558f5 -> 
  custom:scripting/monoscript/fileName/PlayerUI.cs: 4d64fa5e9e8828968d6cc191a132718d -> 
  custom:scripting/monoscript/fileName/EnableOnSingleRunner.cs: 9976ce768e23cc0678b095d30598d8cd -> 
  custom:scripting/monoscript/fileName/PunCockpit.cs: 534cb157a89724d3ca07a36bb2005880 -> 
  custom:scripting/monoscript/fileName/RoomListCell.cs: 8d1543bdc9816b8a578d6cd2eebe48be -> 
  custom:scripting/monoscript/fileName/CurrentRoomNameProperty.cs: 72010acf97fe1f3e9ff0b8c322c93e83 -> 
  custom:scripting/monoscript/fileName/NetworkObjectProviderDefault.cs: 0eb113b3784be4de9cc2f3cdcdf5e36c -> 
  custom:scripting/monoscript/fileName/PunPlayerScores.cs: eee61e21995464ded106b44bf2f6edd4 -> 
  custom:scripting/monoscript/fileName/PunTeamsInspector.cs: 4df913dbc11ac67364301ce3915ea909 -> 
  custom:scripting/monoscript/fileName/Extensions.cs: 3f8618856b92f72822431fd67127e289 -> 
  custom:scripting/monoscript/fileName/AutoSyncSceneToggle.cs: f5a0c8cb6428054959052eda2623401a -> 
  custom:scripting/monoscript/fileName/ToDemoHubButton.cs: 76a2afa2c645f73081ead15c9512dae8 -> 
  custom:scripting/monoscript/fileName/CountOfPlayersInRoomProperty.cs: 22a26994633102695250e14533d8bd88 -> 
  custom:scripting/monoscript/fileName/AppSettingsExtensions.cs: 7eb3b190282e171c2845b1d8ee71ed5c -> 
  custom:scripting/monoscript/fileName/Region.cs: a0331a07d2a132f6cd24585218741838 -> 
  custom:scripting/monoscript/fileName/Bezier.cs: b8534c761c3f32134ac0822189e167cc -> 
  custom:scripting/monoscript/fileName/PhotonEditor.cs: 9beee3a7ca2bc764b51880f31127a0ea -> 
  custom:scripting/monoscript/fileName/CountOfPlayersProperty.cs: 92593170cc4984fa211f8cfbd69ac9a3 -> 
  custom:scripting/monoscript/fileName/OnStartDelete.cs: ca7ff388213f651af9d8be5d8844a8f4 -> 
  custom:video-encoder-webm-vp8: eb34c28f22e8b96e1ab97ce403110664 -> 
  custom:scripting/monoscript/fileName/ChatClient.cs: d3eb880194f03abd869e259e1e9fd5f0 -> 
  custom:scripting/monoscript/fileName/PhotonRigidbody2DView.cs: cfabe07ff5658dc80bf23a32c3f3d3ea -> 
  custom:scripting/monoscript/fileName/RoomListView.cs: 2b7207d3ddc2539dd2b806ed485e033b -> 
  custom:scripting/monoscript/fileName/OfflineModeProperty.cs: 142619a08af07c654a2536f2386c9c6c -> 
  custom:container-demuxer-ogg: 62fdf1f143b41e24485cea50d1cbac27 -> 
  custom:scripting/monoscript/fileName/Noise.cs: dc35aa19dae9f4b9d9d351205aaba1c6 -> 
  custom:scripting/monoscript/fileName/GameVersionProperty.cs: 212cdb5858947bda9a55c4e8f58ef2c6 -> 
  custom:framework-win-MediaFoundation: 216162199b28c13a410421893ffa2e32 -> 
  custom:scripting/monoscript/fileName/ConnectAndJoinRandom.cs: 00d6f17fa442bd592f9dfb4622a40a5d -> 
  custom:scripting/monoscript/fileName/PhotonTransformView.cs: ea668b9d3ca2e512312f4d0840810b14 -> 
  custom:scripting/monoscript/fileName/FusionBootstrap.cs: ce6761b6f61ee75dccdb3d85fc55a691 -> 
  custom:scripting/monoscript/fileName/RoomListEntry.cs: c7ba9dd428a6b8b410fe51075bfba1e1 -> 
  custom:scripting/monoscript/fileName/CurrentRoomMasterClientIdProperty.cs: 8a7f2b18c7369cf86e69820d5f0602fe -> 
  custom:scripting/monoscript/fileName/PunTeams.cs: 97cdf6951e96c2643337cf5fb8f69c0b -> 
  custom:scripting/monoscript/fileName/RegionListCell.cs: f6a1e00ce33d3dec4b7e2cfe425726c7 -> 
  custom:scripting/monoscript/fileName/PunSceneSettings.cs: 91ded15e638c075e189911af7f870d60 -> 
  custom:scripting/monoscript/fileName/ThirdPersonCharacter.cs: d37a384ef7557636dd0499ecb4e48640 -> 
  custom:scripting/monoscript/fileName/PlayerDetailsController.cs: 4a8b583bcd181f124e040cd407eab3b7 -> 
  custom:scripting/monoscript/fileName/PhotonRigidbody2DViewEditor.cs: 1bbd8586933ea3b91d286e3a03ef0b15 -> 
  custom:scripting/monoscript/fileName/Fusion.Unity.Editor.cs: b14e14e52edac49806a8f9d4187d9f4c -> 
  custom:scripting/monoscript/fileName/Fusion.Unity.cs: 2f52e767df9231dc9ad5c805bed98e70 -> 
  custom:scripting/monoscript/fileName/SlotLanes.cs: 97949fb7cbc49a87a0e9a949a270c39f -> 
  custom:scripting/monoscript/fileName/StatesGui.cs: 98e5143501c303d7d5973c718d302233 -> 
  custom:scripting/monoscript/fileName/SplineWalker.cs: 5be65352f0f07fbe7665dfb31e99644d -> 
  custom:scripting/monoscript/fileName/PingProperty.cs: 9f24d087d77c62d9ddcbab43ed4cd5fe -> 
  custom:scripting/monoscript/fileName/LoadLevelUIForm.cs: 6198023540609558b39b6b3a84524494 -> 
  custom:scripting/monoscript/fileName/MultiplayerManager.cs: 29415d0687c638629166b314004ee270 -> 
  custom:scripting/monoscript/fileName/BezierCurve.cs: 6855a37c0f6b23766e2a15354899a784 -> 
  custom:scripting/monoscript/fileName/Line.cs: 5e23c11e3450a3cc94ccc16c37b15685 -> 
  custom:scripting/monoscript/fileName/FusionStatsBillboard.cs: beff202fd2a83c3f993d781559426984 -> 
  custom:scripting/monoscript/fileName/SetRoomCustomPropertyUIForm.cs: 9f1b75809ed6e2f34b0b61446d287bd4 -> 
  custom:scripting/monoscript/fileName/RunnerAOIGizmos.cs: 8b1629a60417f80a3d501474e540ad3f -> 
  custom:scripting/monoscript/fileName/PointedAtGameObjectInfo.cs: 0f220a9d7e421f59db30fb04c90d6c0e -> 
  custom:scripting/monoscript/fileName/PhotonLagSimulationGui.cs: de60acfca25c9c245519382776ad2f82 -> 
  custom:scripting/monoscript/fileName/OnPointerOverTooltip.cs: b9abe1fce28033712ba423247874af86 -> 
  custom:scripting/monoscript/fileName/PhotonViewHandler.cs: 7c6c7799f7e9296388067c605d1dc27c -> 
  custom:scripting/monoscript/fileName/CullingHandler.cs: ff4506351c41ac4ce471635b6b12ceb3 -> 
  custom:scripting/monoscript/fileName/PlayerListView.cs: 60e6f2e41401ae176dea7b70bab3c390 -> 
  custom:scripting/monoscript/fileName/SplinePosition.cs: b39b2fa35faaacaf63f8929368e2e5de -> 
  custom:video-decoder-ogg-theora: a1e56fd34408186e4bbccfd4996cb3dc -> 
  custom:scripting/monoscript/fileName/PlayerNumbering.cs: ce6d1f08b3d2d23009596a69c08b221d -> 
  custom:scripting/monoscript/fileName/PunStartup.cs: 961ddc858b2c0426ca5019c7e78c4fbf -> 
  custom:scripting/monoscript/fileName/FusionStatsMeterBar.cs: d21101dd4c4710df60c667e63d577d83 -> 
  custom:scripting/monoscript/fileName/PhotonHandler.cs: 70e641dd7ce55eb351f633fc29fb5f7f -> 
  custom:scripting/monoscript/fileName/IntInputField.cs: 40c0ee81b04639c26264c222a1aaea0c -> 
  custom:scripting/monoscript/fileName/PhotonRigidbodyView.cs: f6b453c3dd57cf47fa35b8156daece9a -> 
  custom:scripting/monoscript/fileName/TextToggleIsOnTransition.cs: 326b9c727c304dd69fe51444f64a7721 -> 
  custom:scripting/monoscript/fileName/WorldGenerator.cs: dca0ae82b72e05480b823fc7043006c0 -> 
  custom:scripting/monoscript/fileName/LobbyTopPanel.cs: 830e03b228bff7a95bbb092a2d6b29d2 -> 
  custom:scripting/monoscript/fileName/PlayerOverviewPanel.cs: 515bb293728f907f134591646985b9ce -> 
  custom:scripting/monoscript/fileName/OnlineDocButton.cs: e8bceb35def1f2c21aeb107b10e7c020 -> 
  custom:scripting/monoscript/fileName/AsteroidsGameManager.cs: 12a51843b5b71df994a62f28231ff7ef -> 
  custom:scripting/monoscript/fileName/ServerSettings.cs: 8fa55e8857e3ebd201455fd70a9f157d -> 
  custom:scripting/monoscript/fileName/ServerSettingsInspector.cs: 95da0bc9ecca5735a6f497f524ce7e54 -> 
  custom:scripting/monoscript/fileName/AppVersionProperty.cs: a4b4daafa219f35ecce40e74ac804003 -> 
  custom:scripting/monoscript/fileName/ProceduralController.cs: 294ae00e975ca4fe85822d6f85fe658a -> 
  custom:scripting/monoscript/fileName/BackgroundTimeOutField.cs: 301f4bb8d6480b188021ecf99ba8be6c -> 
  custom:scripting/monoscript/fileName/UserIdField.cs: 889d45ebefa87613726b801d1e5e80c8 -> 
  custom:scripting/monoscript/fileName/GraphicToggleIsOnTransition.cs: 7e3768d2f1167a9a7dc7f801820c67a5 -> 
  custom:scripting/monoscript/fileName/ChatGui.cs: 83ccb577c346edd301c0a35e11693dfd -> 
  custom:scripting/monoscript/fileName/AccountService.cs: 80b748556379aab9364d8ef00499f1a9 -> 
  custom:scripting/monoscript/fileName/PhotonRigidbodyViewEditor.cs: ab7e34153fa9a3c646e0316fa6fc5600 -> 
  custom:scripting/monoscript/fileName/CrcCheckToggle.cs: a236d00910b93ad4ae792080fb07508e -> 
  custom:scripting/monoscript/fileName/FusionBootstrapDebugGUI.cs: 371b4228dd1f5808b5897e19c03d546a -> 
  custom:scripting/monoscript/fileName/Player.cs: b6aef835b43cb69bef999bd5136f7c21 -> 
  custom:scripting/monoscript/fileName/LoadbalancingPeer.cs: d9dd9ca955de7f0a553b219d39f29621 -> 
  custom:scripting/monoscript/fileName/FusionStatsObjectIds.cs: 43a79179a267263c08267aeebfb7eafd -> 
  custom:scripting/monoscript/fileName/PunCockpitEmbed.cs: 2240c92b97535c6672465e83f1e36036 -> 
  custom:scripting/monoscript/fileName/CurrentRoomIsOpenToggle.cs: 229c6038772c64902eb501df39020417 -> 
  custom:scripting/monoscript/fileName/PhotonStatsGui.cs: d8361e63c4cf02d1cc41570adb7e9d85 -> 
  custom:scripting/monoscript/fileName/PunSceneSettingsInspector.cs: da5c9fdcd684cd1c669e2f5c5f40d373 -> 
  custom:scripting/monoscript/fileName/CurrentRoomMaxPlayersProperty.cs: f8d2a9d7157be1b82e5db9695b63da90 -> 
  custom:scripting/monoscript/fileName/PhotonNetwork.cs: b0631ad5c9d567edbfc4fb2b742f00d0 -> 
  custom:scripting/monoscript/fileName/OnClickRpc.cs: a4c1c482691ed3f8764f3736c0d692ea -> 
  custom:scripting/monoscript/fileName/BezierSpline.cs: fdb9ccdef0d3985b914118aec7c411f2 -> 
  custom:scripting/monoscript/fileName/PhotonPing.cs: 3f140d1df899c474f22230f66cc59a41 -> 
  custom:scripting/monoscript/fileName/CurrentRoomIsVisibleToggle.cs: 47a99e70dc7fd5d059dfbf899c22bbdb -> 
  custom:scripting/monoscript/fileName/Fusion.CodeGen.cs: b9ff9c5a347ec7e6d58d9aa467d5ae96 -> 
  custom:scripting/monoscript/fileName/PhotonStreamQueue.cs: 5d5e55e8eb60f78e116626969ed0311e -> 
  custom:scripting/monoscript/fileName/WebRpcImplementationExample.cs: 7bff59c7defddf73a4ceae1090065bd1 -> 
  custom:container-muxer-webm: aa71ff27fc2769a1b78a27578f13a17b -> 
  custom:scripting/monoscript/fileName/InfosPanelPlaceholder.cs: fef54b122412d96995fae2ad440bb18b -> 
  custom:scripting/monoscript/fileName/NestedComponentUtilities.cs: 033fd91b849b48295ab920beaf62446d -> 
  custom:scripting/monoscript/fileName/PhotonEditorUtils.cs: 4456563b945cca498f5f71d9eb2059b9 -> 
  custom:scripting/monoscript/fileName/IPunCallbacks.cs: 81caf01d84a9fa08671565d87776010b -> 
  custom:scripting/monoscript/fileName/FriendInfo.cs: be836ba41ecfa4c9dca4b510bdfea5c8 -> 
  custom:scripting/monoscript/fileName/CountOfRoomsProperty.cs: c0688910145f665105cec6c6eaf4f03c -> 
  custom:scripting/monoscript/fileName/ServerProperty.cs: d53bc3d40dee4679a13aa7a9ff58706e -> 
  custom:scripting/monoscript/fileName/Bullet.cs: 77c411c50d821352e611a16c30f40226 -> 
  custom:scripting/monoscript/fileName/OnClickDestroy.cs: 84deb4bc685f090f86133752922a945d -> 
  custom:scripting/monoscript/fileName/PhotonView.cs: b2662a18b33c427e0ec2e5ab1a56c2b5 -> 
  custom:scripting/monoscript/fileName/LoadBalancingClient.cs: 632813597f9db7bc895b13321ba1b05b -> 
  custom:scripting/monoscript/fileName/PhotonTransformViewClassic.cs: b13582f7122692c3dc0b0b58565603b7 -> 
  custom:scripting/monoscript/fileName/CameraWork.cs: 7182be285ca897b882f7b04a97b5001a -> 
  custom:scripting/monoscript/fileName/GameVersionField.cs: e1aaf98c257ad1044f09a430176c1d25 -> 
  custom:scripting/monoscript/fileName/CurrentRoomPlayerCountProperty.cs: 2e3a71196f608331c351de9edf7166b4 -> 
  custom:video-codec-MediaFoundation-h265: 746d11721c4dcdbdad8f713fa42b33f4 -> 
  custom:scripting/monoscript/fileName/PhotonAnimatorView.cs: d7e478a730cbe0e6a3a4e1f87600646a -> 
  custom:scripting/monoscript/fileName/CloudRegionProperty.cs: a98a80d4740fc4627fa07cd0d1b937f1 -> 
  custom:scripting/monoscript/fileName/PhotonGUI.cs: a5571c3104cbd100c9135419869f9e73 -> 
  custom:scripting/monoscript/fileName/CurrentRoomPlayerTtlProperty.cs: 5737d382a26e8898e597b19ab06904c5 -> 
  custom:CustomObjectIndexerAttribute: 756ad292c208cfabdd7b50bc23989ffe -> 
  custom:container-demuxer-webm: 4f35f7cbe854078d1ac9338744f61a02 -> 
  custom:scripting/monoscript/fileName/Cluster.cs: 5ff22076c2cc06a01d1cc1c38d08f712 -> 
  custom:scripting/monoscript/fileName/BestRegionInPrefsProperty.cs: f81195994c87654890233836f627cd69 -> 
  custom:scripting/monoscript/fileName/RunnerVisibilityLink.cs: 6e4a2325960fce24f58edb6ee6b338d8 -> 
  custom:scripting/monoscript/fileName/Spaceship.cs: 77d86dcddcb47a6cc18163eb292fa20b -> 
  custom:scripting/monoscript/fileName/CullAreaEditor.cs: ac85e81dd9fb835b90f15d14c78d253a -> 
  custom:scripting/monoscript/fileName/LobbyMainPanel.cs: bee85956556c66d6096a3300e7923c77 -> 
  custom:scripting/monoscript/fileName/ChatParameterCode.cs: a0fd6a090c21b2fc7ca69a867e9c27c2 -> 
  custom:scripting/monoscript/fileName/LayoutElementMatchSize.cs: 325cd6d9cb44d01cc8cfa43a5413de8f -> 
  custom:scripting/monoscript/fileName/TextButtonTransition.cs: 72f2c4484a6dc921aacef6b387422aa7 -> 
  custom:scripting/monoscript/fileName/SupportLogger.cs: 6226925e792eee84b718aee3baaa82a7 -> 
  custom:scripting/monoscript/fileName/Asteroid.cs: 8382d1ead570177214081c1ec12affef -> 
  custom:scripting/monoscript/fileName/CurrentRoomExpectedUsersProperty.cs: 15c7823a1b55465c741092cad452b5e4 -> 
  custom:scripting/monoscript/fileName/BoolInputField.cs: 96b6c600bd0428819f492c767ecf8b5b -> 
========================================================================
Received Import Request.
  Time since last request: 141.254705 seconds.
  path: Assets/Resources/New Render Texture.renderTexture
  artifactKey: Guid(1075de2a210490643aaadf6a1ea3aacb) Importer(815301076,1909f56bfc062723c751e8b465ee728b)
Start importing Assets/Resources/New Render Texture.renderTexture using Guid(1075de2a210490643aaadf6a1ea3aacb) Importer(815301076,1909f56bfc062723c751e8b465ee728b)  -> (artifact id: '66e617dbcba97b2dbdc11baa293e84f9') in 0.047153 seconds
Number of updated asset objects reloaded before import = 0
Number of asset objects unloaded after import = 2
========================================================================
Received Prepare
Begin MonoManager ReloadAssembly
C:\build\output\Unity-Technologies\mono\mono\metadata\icall.c:1842:
C:\build\output\Unity-Technologies\mono\mono\metadata\icall.c:1842:
C:\build\output\Unity-Technologies\mono\mono\metadata\icall.c:1842:
C:\build\output\Unity-Technologies\mono\mono\metadata\icall.c:1842:
C:\build\output\Unity-Technologies\mono\mono\metadata\icall.c:1842:
C:\build\output\Unity-Technologies\mono\mono\metadata\icall.c:1842:
C:\build\output\Unity-Technologies\mono\mono\metadata\icall.c:1842:
C:\build\output\Unity-Technologies\mono\mono\metadata\icall.c:1842:
C:\build\output\Unity-Technologies\mono\mono\metadata\icall.c:1842:
C:\build\output\Unity-Technologies\mono\mono\metadata\icall.c:1842:
C:\build\output\Unity-Technologies\mono\mono\metadata\icall.c:1842:
C:\build\output\Unity-Technologies\mono\mono\metadata\icall.c:1842:
Symbol file LoadedFromMemory doesn't match image C:\Users\tudor\OneDrive\Imagini\Documente\GitHub\Anarchy chess\Library\PackageCache\com.unity.visualscripting@1.8.0\Editor\VisualScripting.Core\Dependencies\YamlDotNet\Unity.VisualScripting.YamlDotNet.dll
Symbol file LoadedFromMemory doesn't match image C:\Users\tudor\OneDrive\Imagini\Documente\GitHub\Anarchy chess\Library\PackageCache\com.unity.visualscripting@1.8.0\Editor\VisualScripting.Core\Dependencies\DotNetZip\Unity.VisualScripting.IonicZip.dll
- Loaded All Assemblies, in  0.622 seconds
Refreshing native plugins compatible for Editor in 3.70 ms, found 4 plugins.
Native extension for Android target not found
Native extension for WindowsStandalone target not found
Mono: successfully reloaded assembly
- Finished resetting the current domain, in  0.771 seconds
Domain Reload Profiling: 1390ms
	BeginReloadAssembly (155ms)
		ExecutionOrderSort (0ms)
		DisableScriptedObjects (11ms)
		BackupInstance (0ms)
		ReleaseScriptingObjects (0ms)
		CreateAndSetChildDomain (39ms)
	RebuildCommonClasses (25ms)
	RebuildNativeTypeToScriptingClass (9ms)
	initialDomainReloadingComplete (23ms)
	LoadAllAssembliesAndSetupDomain (408ms)
		LoadAssemblies (265ms)
		RebuildTransferFunctionScriptingTraits (0ms)
		AnalyzeDomain (214ms)
			TypeCache.Refresh (211ms)
				TypeCache.ScanAssembly (204ms)
			ScanForSourceGeneratedMonoScriptInfo (0ms)
			ResolveRequiredComponents (3ms)
	FinalizeReload (771ms)
		ReleaseScriptCaches (0ms)
		RebuildScriptCaches (0ms)
		SetupLoadedEditorAssemblies (346ms)
			LogAssemblyErrors (0ms)
			InitializePlatformSupportModulesInManaged (16ms)
			SetLoadedEditorAssemblies (3ms)
			BeforeProcessingInitializeOnLoad (70ms)
			ProcessInitializeOnLoadAttributes (226ms)
			ProcessInitializeOnLoadMethodAttributes (26ms)
			AfterProcessingInitializeOnLoad (4ms)
			EditorAssembliesLoaded (0ms)
		ExecutionOrderSort2 (0ms)
		AwakeInstancesAfterBackupRestoration (7ms)
Refreshing native plugins compatible for Editor in 4.41 ms, found 4 plugins.
Preloading 0 native plugins for Editor in 0.00 ms.
Unloading 4277 Unused Serialized files (Serialized files now loaded: 0)
Unloading 38 unused Assets / (38.5 KB). Loaded Objects now: 4896.
Memory consumption went from 182.5 MB to 182.5 MB.
Total: 3.599400 ms (FindLiveObjects: 0.246800 ms CreateObjectMapping: 0.121100 ms MarkObjects: 3.169200 ms  DeleteObjects: 0.061100 ms)

Prepare: number of updated asset objects reloaded= 0
AssetImportParameters requested are different than current active one (requested -> active):
  custom:scripting/monoscript/fileName/CountdownTimer.cs: 29151b8b1909dcb5f8770e606e1b626a -> 
  custom:scripting/monoscript/fileName/NickNameField.cs: 4566439151a528588c6e77fbea15ef25 -> 
  custom:scripting/monoscript/fileName/ConnectionHandler.cs: 33c1e29051dc60b1fb7e8675cafa9a54 -> 
  custom:scripting/monoscript/fileName/NetworkProjectConfigImporterEditor.cs: 0b9c7f8db96d38ff89dc9f2e19e80a40 -> 
  custom:scripting/monoscript/fileName/StringInputField.cs: 766f94c288e6bb2cfcd18d60914c0461 -> 
  custom:scripting/monoscript/fileName/PhotonTransformViewClassicEditor.cs: 174be401c238aa6e741f961399731929 -> 
  custom:scripting/monoscript/fileName/Fusion.CodeGen.User.cs: 7518413c31be8fc7fe79dd8f5b20fa0c -> 
  custom:scripting/monoscript/fileName/SmoothSyncMovement.cs: 31ee6a992a574c4e665f73e48482d3fc -> 
  custom:scripting/monoscript/fileName/PlayerListCell.cs: 76799f985e8a3951e5d132618c3350d8 -> 
  custom:scripting/monoscript/fileName/NetworkCharacterController.cs: 0d9ab4a1b508efe718225ceffebd8e54 -> 
  custom:scripting/monoscript/fileName/ConnectAndJoinRandomLb.cs: 9dd47be72f766f78cbbffce9f8575ef1 -> 
  custom:scripting/monoscript/fileName/RoomInfo.cs: 86776ad49e4deb535029b369c45e7f36 -> 
  custom:scripting/monoscript/fileName/ServerAddressProperty.cs: 284ddbe40a77584c9c8835a0d4d63859 -> 
  custom:video-decoder-webm-vp8: 9c59270c3fd7afecdb556c50c9e8de78 -> 
  custom:scripting/monoscript/fileName/SlotRacerSplashScreen.cs: 76e2c64393d61c31f26e20612278ec67 -> 
  custom:scripting/monoscript/fileName/ChannelCreationOptions.cs: 4231621e658bee43f79b42f64c894f83 -> 
  custom:scripting/monoscript/fileName/SystemConnectionSummary.cs: bf5673a8df4878a9885c94fd51dd3397 -> 
  custom:scripting/monoscript/fileName/RunnerLagCompensationGizmos.cs: f7028307a5d8b8de388a40efb20302af -> 
  custom:SearchIndexIgnoredProperties: e643bd26f0fe6173181afceb89e7c659 -> 
  custom:scripting/monoscript/fileName/DocLinks.cs: 22fc6e62d47c65fdd35bd32f57891e69 -> 
  custom:scripting/monoscript/fileName/FriendListView.cs: 04c66340ac95991cba62207cfc3f8015 -> 
  custom:scripting/monoscript/fileName/RunnerEnableVisibility.cs: e1b57f1bd6fcbd3137975404af4bcf85 -> 
  custom:scripting/monoscript/fileName/OnClickInstantiate.cs: 3929e8581c0458b4fa6c3ecec790414e -> 
  custom:scripting/monoscript/fileName/PlayerNumberingInspector.cs: e277bf463a09eaa6bcf2868a0f243e5c -> 
  custom:scripting/monoscript/fileName/NetworkProjectConfigImporter.cs: a2caae9d85fed596662aa6841efc1b3e -> 
  custom:scripting/monoscript/fileName/IChatClientListener.cs: e6ec1b8d09bf11f3791c0bd18ae45880 -> 
  custom:audio-encoder-webm-vorbis: bf7c407c2cedff20999df2af8eb42d56 -> 
  custom:scripting/monoscript/fileName/FusionEditorSkin.cs: c6dee1ba664a2a78ce51705f2322e50c -> 
  custom:scripting/monoscript/fileName/PunClasses.cs: d6a17dc119cdc0b4a5b92f4135a56268 -> 
  custom:scripting/monoscript/fileName/ScoreHelper.cs: 7e2091fcb90bdab85f4be0c18d586eba -> 
  custom:scripting/monoscript/fileName/FusionStatsGraph.cs: 7021e2a0a0c25bbb5696ad6d6108403d -> 
  custom:scripting/monoscript/fileName/IsConnectedAndReadyProperty.cs: af06b6e7ee3f25798787bf32cafcb247 -> 
  custom:scripting/monoscript/fileName/OnEscapeQuit.cs: be21f25ae17e13db5ee6619d0c4d06e1 -> 
  custom:scripting/monoscript/fileName/FusionRunnerVisibilityControlsWindow.cs: 503e55d51d5bac9ff9db7e3128ab6896 -> 
  custom:scripting/monoscript/fileName/OnJoinedInstantiate.cs: e6fcd481d2d6dd67f5b18fb26017d8ba -> 
  custom:scripting/monoscript/fileName/IgnoreUiRaycastWhenInactive.cs: 64ae0ba0567ac5043ee479695fe7bd2b -> 
  custom:scripting/monoscript/fileName/PlayerListEntry.cs: 3811c0a731ead3815771e470aaca8954 -> 
  custom:scripting/monoscript/fileName/ChatUserStatus.cs: 70a3ef1ac77c9464b5af9f3f7bba93e1 -> 
  custom:scripting/monoscript/fileName/CurrentRoomEmptyRoomTtlProperty.cs: ba459c40e550063227b6dbef6f2e12d7 -> 
  custom:scripting/monoscript/fileName/FusionAddressablePrefabsPreloader.cs: 609c7194fc18608a6ba4972670be253b -> 
  custom:scripting/monoscript/fileName/MonoBehaviourPunEditor.cs: a420633076e18e6ded9ee7ff41e5161d -> 
  custom:scripting/monoscript/fileName/IngameControlPanel.cs: e8e78297d18e08fd0d6ef99a75e376c2 -> 
  custom:scripting/monoscript/fileName/CustomTypes.cs: 32fb10f0e1ae6f1f4c5b8deb3c8e83c3 -> 
  custom:scripting/monoscript/fileName/PlayerManager.cs: 5b0494b39b9a262c0ad29b1931262023 -> 
  custom:scripting/monoscript/fileName/CurrentRoomIsOpenProperty.cs: 401af34d1219dc5c3b2d226ce3b12b08 -> 
  custom:scripting/monoscript/fileName/RegionListView.cs: d1509ce3c1dcf26ebb758f8eb59e1c54 -> 
  custom:scripting/monoscript/fileName/ConnectToRegionUIForm.cs: 662fbbb8f06b04129a615111e69dec89 -> 
  custom:scripting/monoscript/fileName/SendRateOnSerializeField.cs: 8559ed016d3004cf7fa75b6b51babcf0 -> 
  custom:scripting/monoscript/fileName/Block.cs: 4912a9664024ee7276656eb28373609a -> 
  custom:scripting/monoscript/fileName/RunnerVisibilityLinksRoot.cs: 64f229c02655e4ab1b3ad93c7368ccfe -> 
  custom:scripting/monoscript/fileName/WebRpc.cs: ee2bfdfdd166ac7a426061037e23ee8f -> 
  custom:scripting/monoscript/fileName/BezierSplineInspector.cs: 64d312faa4ce8272425b85e56f7f3f74 -> 
  custom:scripting/monoscript/fileName/IPhotonViewCallbacks.cs: 6b192d91218207b95c2b171719310343 -> 
  custom:scripting/monoscript/fileName/Launcher.cs: 6d0f0651107e8b978d50eb5d8ca63cd3 -> 
  custom:scripting/monoscript/fileName/PropertyCell.cs: caa15b0e3299de64e13d6f1d4cf295aa -> 
  custom:scripting/monoscript/fileName/PunTurnManager.cs: c24499e0acfb9782133d39c092b0366b -> 
  custom:scripting/monoscript/fileName/CurrentRoomIsVisibleProperty.cs: be95d33e9289a548289bfd3ab9507d59 -> 
  custom:scripting/monoscript/fileName/ChatChannel.cs: 052e931f7bf91536d9bda80d682b6368 -> 
  custom:scripting/monoscript/fileName/BezierCurveInspector.cs: cd033eb785ec71c240751fc164fcbff1 -> 
  custom:scripting/monoscript/fileName/AppSettings.cs: d20c247df910115cd4c5ae83482475ef -> 
  custom:scripting/monoscript/fileName/PhotonAnimatorViewEditor.cs: fd89a9c520118567d7b47e39070bcd39 -> 
  custom:scripting/monoscript/fileName/PhotonViewInspector.cs: da72c707197b3a14a9e4fc031131a7bc -> 
  custom:scripting/monoscript/fileName/CurrentRoomPropertiesListedInLobbyProperty.cs: c8880d240fca5295b2028661629631dc -> 
  custom:scripting/monoscript/fileName/ThirdPersonUserControl.cs: 1e36b4529ca7c2f8667ed6449c3722b9 -> 
  custom:scripting/monoscript/fileName/CurrentRoomIsOfflineProperty.cs: a3b570f54686008ce7d1ddf281dfdde2 -> 
  custom:scripting/monoscript/fileName/PlayerControl.cs: 6df8b26511518ec75eac4160d12ac3bc -> 
  custom:scripting/monoscript/fileName/LineInspector.cs: b46fbdbe979ee95575b26620e8af2791 -> 
  custom:scripting/monoscript/fileName/PhotonNetworkPart.cs: 28ef43a4727cd01eb0456d4c51a096be -> 
  custom:scripting/monoscript/fileName/CustomTypesUnity.cs: 013c37589fb09e7f77b2d495dfa13043 -> 
  custom:scripting/monoscript/fileName/ChannelWellKnownProperties.cs: 7e2dabda8907dc60fb63ae9c28cb0b10 -> 
  custom:scripting/monoscript/fileName/ToggleExpand.cs: 8df2d7619ad2c56cf93b2f0cedc9c9a4 -> 
  custom:scripting/monoscript/fileName/EventSystemSpawner.cs: c525f40330ddc66d7e7f5297346da241 -> 
  custom:scripting/monoscript/fileName/PlayerNameInputField.cs: 27839abf4289ab34aa2cc2967033966d -> 
  custom:scripting/monoscript/fileName/IsConnectedProperty.cs: 981ecf71603e1baa6ce21b0fd1acc020 -> 
  custom:scripting/monoscript/fileName/PlayerAnimatorManager.cs: a7d34eb870b3ee44c83d5db31316a095 -> 
  custom:scripting/monoscript/fileName/MoveByKeys.cs: 0be06a6581575752c58847799d9932e6 -> 
  custom:scripting/monoscript/fileName/FriendListCell.cs: 8dfedb1e000853780b714ad0651f22a9 -> 
  custom:scripting/monoscript/fileName/PhotonTeamsManager.cs: ed14ceec94e7d1247f794ca4f7f3aa2e -> 
  custom:scripting/monoscript/fileName/ChatOperationCode.cs: dac444e0d5bbc5c837c33663c8b2cefb -> 
  custom:AudioImporter_EditorPlatform: d09bf68614088b80899f8185d706f6e7 -> 
  custom:scripting/monoscript/fileName/ChatEventCode.cs: 764a52cdc3a575d4587f1a0939ee2b6d -> 
  custom:scripting/monoscript/fileName/PhotonTransformViewEditor.cs: d59344a8429d1e1c91f78e42f728790a -> 
  custom:scripting/monoscript/fileName/DocLinkButton.cs: 551275f4066ad419ab79864501010643 -> 
  custom:scripting/monoscript/fileName/Room.cs: f509531380bf8f44be3c84421df8f27b -> 
  custom:scripting/monoscript/fileName/AsteroidsGame.cs: 39019f3fa92643372bcb4670a7434593 -> 
  custom:scripting/monoscript/fileName/LoaderAnime.cs: 95ab941fc8d4427c4fa6c07cf9af1057 -> 
  custom:scripting/monoscript/fileName/ButtonInsideScrollList.cs: 663db374c5f487d95198d2dce6dd1ce7 -> 
  custom:scripting/monoscript/fileName/ReorderableListResources.cs: a21396365aa80586d6fe0c3f093e8e8a -> 12f8cf94345b17bd1a3aef7c3b5bd157
  custom:scripting/monoscript/fileName/SendRateField.cs: 5786bd6806651c5e23c7d4a511e3dfaa -> 
  custom:scripting/monoscript/fileName/PhotonTeamsManagerInspector.cs: 55bea48a55e757c56d53ded3ae32c48e -> 
  custom:audio-decoder-ogg-vorbis: bf7c407c2cedff20999df2af8eb42d56 -> 
  custom:scripting/monoscript/fileName/UserIdUiForm.cs: 0a1836b26b3227dc4bf5c907f6dcc697 -> 
  custom:scripting/monoscript/fileName/ChatAppSettings.cs: db433ce9dc535a56c6c28a3183328622 -> 
  custom:scripting/monoscript/fileName/NetworkSceneManagerDefault.cs: 871a1346f3625e42e5be83f620052e51 -> 
  custom:scripting/monoscript/fileName/PropertyListenerBase.cs: f9338b1da94c09d1d4dc5b01f854e0e3 -> 
  custom:scripting/monoscript/fileName/FriendItem.cs: 7041a5cee458fd755b4167724bf865d2 -> 
  custom:scripting/monoscript/fileName/ChannelSelector.cs: 787aa32b539868663942ded37c6d24ef -> 
  custom:scripting/monoscript/fileName/RegionHandler.cs: 6de377e0adf86218af15234cc2039610 -> 
  custom:scripting/monoscript/fileName/ChatAppIdCheckerUI.cs: 1bb8fafd3e2c10dfddf187c423c0f4b8 -> 
  custom:scripting/monoscript/fileName/CullArea.cs: 75f7e0f84478d7778555f1e1e66d50b7 -> 
  custom:scripting/monoscript/fileName/CountOfPlayersOnMasterProperty.cs: aa74237d4beb81bd33ceee77917bae47 -> 
  custom:scripting/monoscript/fileName/GameManager.cs: 56bc6cc643bcbf5a5a0d63cbd09e7487 -> 9933fbcc6190e2a9171c2ec8808a053e
  custom:scripting/monoscript/fileName/CurrentRoomAutoCleanupProperty.cs: a92fec09d98c752e495341af83135d64 -> 
  custom:scripting/monoscript/fileName/ChatPeer.cs: ab4cb6a09b2bd7026434274768d75701 -> 
  custom:scripting/monoscript/fileName/DemoHubManager.cs: 0dd9c19f14946313f8d78bca90723987 -> 
  custom:scripting/monoscript/fileName/CreateRoomUiForm.cs: bf1ce360a976c4439345f8064d17d3ad -> 
  custom:scripting/monoscript/fileName/NamePickGui.cs: 2c5392a37dc177dc65a116f98af1080e -> 
  custom:scripting/monoscript/fileName/TabViewManager.cs: a7d06552ed611c43e44fb3fef2b558f5 -> 
  custom:scripting/monoscript/fileName/PlayerUI.cs: 4d64fa5e9e8828968d6cc191a132718d -> 
  custom:scripting/monoscript/fileName/EnableOnSingleRunner.cs: 9976ce768e23cc0678b095d30598d8cd -> 
  custom:scripting/monoscript/fileName/PunCockpit.cs: 534cb157a89724d3ca07a36bb2005880 -> 
  custom:scripting/monoscript/fileName/RoomListCell.cs: 8d1543bdc9816b8a578d6cd2eebe48be -> 
  custom:scripting/monoscript/fileName/CurrentRoomNameProperty.cs: 72010acf97fe1f3e9ff0b8c322c93e83 -> 
  custom:scripting/monoscript/fileName/NetworkObjectProviderDefault.cs: 0eb113b3784be4de9cc2f3cdcdf5e36c -> 
  custom:scripting/monoscript/fileName/PunPlayerScores.cs: eee61e21995464ded106b44bf2f6edd4 -> 
  custom:scripting/monoscript/fileName/PunTeamsInspector.cs: 4df913dbc11ac67364301ce3915ea909 -> 
  custom:scripting/monoscript/fileName/Extensions.cs: 3f8618856b92f72822431fd67127e289 -> 
  custom:scripting/monoscript/fileName/AutoSyncSceneToggle.cs: f5a0c8cb6428054959052eda2623401a -> 
  custom:scripting/monoscript/fileName/ToDemoHubButton.cs: 76a2afa2c645f73081ead15c9512dae8 -> 
  custom:scripting/monoscript/fileName/CountOfPlayersInRoomProperty.cs: 22a26994633102695250e14533d8bd88 -> 
  custom:scripting/monoscript/fileName/AppSettingsExtensions.cs: 7eb3b190282e171c2845b1d8ee71ed5c -> 
  custom:scripting/monoscript/fileName/Region.cs: a0331a07d2a132f6cd24585218741838 -> 
  custom:scripting/monoscript/fileName/Bezier.cs: b8534c761c3f32134ac0822189e167cc -> 
  custom:scripting/monoscript/fileName/PhotonEditor.cs: 9beee3a7ca2bc764b51880f31127a0ea -> 
  custom:scripting/monoscript/fileName/CountOfPlayersProperty.cs: 92593170cc4984fa211f8cfbd69ac9a3 -> 
  custom:scripting/monoscript/fileName/OnStartDelete.cs: ca7ff388213f651af9d8be5d8844a8f4 -> 
  custom:video-encoder-webm-vp8: eb34c28f22e8b96e1ab97ce403110664 -> 
  custom:scripting/monoscript/fileName/ChatClient.cs: d3eb880194f03abd869e259e1e9fd5f0 -> 
  custom:scripting/monoscript/fileName/PhotonRigidbody2DView.cs: cfabe07ff5658dc80bf23a32c3f3d3ea -> 
  custom:scripting/monoscript/fileName/RoomListView.cs: 2b7207d3ddc2539dd2b806ed485e033b -> 
  custom:scripting/monoscript/fileName/OfflineModeProperty.cs: 142619a08af07c654a2536f2386c9c6c -> 
  custom:container-demuxer-ogg: 62fdf1f143b41e24485cea50d1cbac27 -> 
  custom:scripting/monoscript/fileName/Noise.cs: dc35aa19dae9f4b9d9d351205aaba1c6 -> 
  custom:scripting/monoscript/fileName/GameVersionProperty.cs: 212cdb5858947bda9a55c4e8f58ef2c6 -> 
  custom:framework-win-MediaFoundation: 216162199b28c13a410421893ffa2e32 -> 
  custom:scripting/monoscript/fileName/ConnectAndJoinRandom.cs: 00d6f17fa442bd592f9dfb4622a40a5d -> 
  custom:scripting/monoscript/fileName/PhotonTransformView.cs: ea668b9d3ca2e512312f4d0840810b14 -> 
  custom:scripting/monoscript/fileName/FusionBootstrap.cs: ce6761b6f61ee75dccdb3d85fc55a691 -> 
  custom:scripting/monoscript/fileName/RoomListEntry.cs: c7ba9dd428a6b8b410fe51075bfba1e1 -> 
  custom:scripting/monoscript/fileName/CurrentRoomMasterClientIdProperty.cs: 8a7f2b18c7369cf86e69820d5f0602fe -> 
  custom:scripting/monoscript/fileName/PunTeams.cs: 97cdf6951e96c2643337cf5fb8f69c0b -> 
  custom:scripting/monoscript/fileName/RegionListCell.cs: f6a1e00ce33d3dec4b7e2cfe425726c7 -> 
  custom:scripting/monoscript/fileName/PunSceneSettings.cs: 91ded15e638c075e189911af7f870d60 -> 
  custom:scripting/monoscript/fileName/ThirdPersonCharacter.cs: d37a384ef7557636dd0499ecb4e48640 -> 
  custom:scripting/monoscript/fileName/PlayerDetailsController.cs: 4a8b583bcd181f124e040cd407eab3b7 -> 
  custom:scripting/monoscript/fileName/PhotonRigidbody2DViewEditor.cs: 1bbd8586933ea3b91d286e3a03ef0b15 -> 
  custom:scripting/monoscript/fileName/Fusion.Unity.Editor.cs: b14e14e52edac49806a8f9d4187d9f4c -> 
  custom:scripting/monoscript/fileName/Fusion.Unity.cs: 2f52e767df9231dc9ad5c805bed98e70 -> 
  custom:scripting/monoscript/fileName/SlotLanes.cs: 97949fb7cbc49a87a0e9a949a270c39f -> 
  custom:scripting/monoscript/fileName/StatesGui.cs: 98e5143501c303d7d5973c718d302233 -> 
  custom:scripting/monoscript/fileName/SplineWalker.cs: 5be65352f0f07fbe7665dfb31e99644d -> 
  custom:scripting/monoscript/fileName/PingProperty.cs: 9f24d087d77c62d9ddcbab43ed4cd5fe -> 
  custom:scripting/monoscript/fileName/LoadLevelUIForm.cs: 6198023540609558b39b6b3a84524494 -> 
  custom:scripting/monoscript/fileName/MultiplayerManager.cs: 29415d0687c638629166b314004ee270 -> 
  custom:scripting/monoscript/fileName/BezierCurve.cs: 6855a37c0f6b23766e2a15354899a784 -> 
  custom:scripting/monoscript/fileName/Line.cs: 5e23c11e3450a3cc94ccc16c37b15685 -> 
  custom:scripting/monoscript/fileName/FusionStatsBillboard.cs: beff202fd2a83c3f993d781559426984 -> 
  custom:scripting/monoscript/fileName/SetRoomCustomPropertyUIForm.cs: 9f1b75809ed6e2f34b0b61446d287bd4 -> 
  custom:scripting/monoscript/fileName/RunnerAOIGizmos.cs: 8b1629a60417f80a3d501474e540ad3f -> 
  custom:scripting/monoscript/fileName/PointedAtGameObjectInfo.cs: 0f220a9d7e421f59db30fb04c90d6c0e -> 
  custom:scripting/monoscript/fileName/PhotonLagSimulationGui.cs: de60acfca25c9c245519382776ad2f82 -> 
  custom:scripting/monoscript/fileName/OnPointerOverTooltip.cs: b9abe1fce28033712ba423247874af86 -> 
  custom:scripting/monoscript/fileName/PhotonViewHandler.cs: 7c6c7799f7e9296388067c605d1dc27c -> 
  custom:scripting/monoscript/fileName/CullingHandler.cs: ff4506351c41ac4ce471635b6b12ceb3 -> 
  custom:scripting/monoscript/fileName/PlayerListView.cs: 60e6f2e41401ae176dea7b70bab3c390 -> 
  custom:scripting/monoscript/fileName/SplinePosition.cs: b39b2fa35faaacaf63f8929368e2e5de -> 
  custom:video-decoder-ogg-theora: a1e56fd34408186e4bbccfd4996cb3dc -> 
  custom:scripting/monoscript/fileName/PlayerNumbering.cs: ce6d1f08b3d2d23009596a69c08b221d -> 
  custom:scripting/monoscript/fileName/PunStartup.cs: 961ddc858b2c0426ca5019c7e78c4fbf -> 
  custom:scripting/monoscript/fileName/FusionStatsMeterBar.cs: d21101dd4c4710df60c667e63d577d83 -> 
  custom:scripting/monoscript/fileName/PhotonHandler.cs: 70e641dd7ce55eb351f633fc29fb5f7f -> 
  custom:scripting/monoscript/fileName/IntInputField.cs: 40c0ee81b04639c26264c222a1aaea0c -> 
  custom:scripting/monoscript/fileName/PhotonRigidbodyView.cs: f6b453c3dd57cf47fa35b8156daece9a -> 
  custom:scripting/monoscript/fileName/TextToggleIsOnTransition.cs: 326b9c727c304dd69fe51444f64a7721 -> 
  custom:scripting/monoscript/fileName/WorldGenerator.cs: dca0ae82b72e05480b823fc7043006c0 -> 
  custom:scripting/monoscript/fileName/LobbyTopPanel.cs: 830e03b228bff7a95bbb092a2d6b29d2 -> 
  custom:scripting/monoscript/fileName/PlayerOverviewPanel.cs: 515bb293728f907f134591646985b9ce -> 
  custom:scripting/monoscript/fileName/OnlineDocButton.cs: e8bceb35def1f2c21aeb107b10e7c020 -> 
  custom:scripting/monoscript/fileName/AsteroidsGameManager.cs: 12a51843b5b71df994a62f28231ff7ef -> 
  custom:scripting/monoscript/fileName/ServerSettings.cs: 8fa55e8857e3ebd201455fd70a9f157d -> 
  custom:scripting/monoscript/fileName/ServerSettingsInspector.cs: 95da0bc9ecca5735a6f497f524ce7e54 -> 
  custom:scripting/monoscript/fileName/AppVersionProperty.cs: a4b4daafa219f35ecce40e74ac804003 -> 
  custom:scripting/monoscript/fileName/ProceduralController.cs: 294ae00e975ca4fe85822d6f85fe658a -> 
  custom:scripting/monoscript/fileName/BackgroundTimeOutField.cs: 301f4bb8d6480b188021ecf99ba8be6c -> 
  custom:scripting/monoscript/fileName/UserIdField.cs: 889d45ebefa87613726b801d1e5e80c8 -> 
  custom:scripting/monoscript/fileName/GraphicToggleIsOnTransition.cs: 7e3768d2f1167a9a7dc7f801820c67a5 -> 
  custom:scripting/monoscript/fileName/ChatGui.cs: 83ccb577c346edd301c0a35e11693dfd -> 
  custom:scripting/monoscript/fileName/AccountService.cs: 80b748556379aab9364d8ef00499f1a9 -> 
  custom:scripting/monoscript/fileName/PhotonRigidbodyViewEditor.cs: ab7e34153fa9a3c646e0316fa6fc5600 -> 
  custom:scripting/monoscript/fileName/CrcCheckToggle.cs: a236d00910b93ad4ae792080fb07508e -> 
  custom:scripting/monoscript/fileName/FusionBootstrapDebugGUI.cs: 371b4228dd1f5808b5897e19c03d546a -> 
  custom:scripting/monoscript/fileName/Player.cs: b6aef835b43cb69bef999bd5136f7c21 -> 
  custom:scripting/monoscript/fileName/LoadbalancingPeer.cs: d9dd9ca955de7f0a553b219d39f29621 -> 
  custom:scripting/monoscript/fileName/FusionStatsObjectIds.cs: 43a79179a267263c08267aeebfb7eafd -> 
  custom:scripting/monoscript/fileName/PunCockpitEmbed.cs: 2240c92b97535c6672465e83f1e36036 -> 
  custom:scripting/monoscript/fileName/CurrentRoomIsOpenToggle.cs: 229c6038772c64902eb501df39020417 -> 
  custom:scripting/monoscript/fileName/PhotonStatsGui.cs: d8361e63c4cf02d1cc41570adb7e9d85 -> 
  custom:scripting/monoscript/fileName/PunSceneSettingsInspector.cs: da5c9fdcd684cd1c669e2f5c5f40d373 -> 
  custom:scripting/monoscript/fileName/CurrentRoomMaxPlayersProperty.cs: f8d2a9d7157be1b82e5db9695b63da90 -> 
  custom:scripting/monoscript/fileName/PhotonNetwork.cs: b0631ad5c9d567edbfc4fb2b742f00d0 -> 
  custom:scripting/monoscript/fileName/OnClickRpc.cs: a4c1c482691ed3f8764f3736c0d692ea -> 
  custom:scripting/monoscript/fileName/BezierSpline.cs: fdb9ccdef0d3985b914118aec7c411f2 -> 
  custom:scripting/monoscript/fileName/PhotonPing.cs: 3f140d1df899c474f22230f66cc59a41 -> 
  custom:scripting/monoscript/fileName/CurrentRoomIsVisibleToggle.cs: 47a99e70dc7fd5d059dfbf899c22bbdb -> 
  custom:scripting/monoscript/fileName/Fusion.CodeGen.cs: b9ff9c5a347ec7e6d58d9aa467d5ae96 -> 
  custom:scripting/monoscript/fileName/PhotonStreamQueue.cs: 5d5e55e8eb60f78e116626969ed0311e -> 
  custom:scripting/monoscript/fileName/WebRpcImplementationExample.cs: 7bff59c7defddf73a4ceae1090065bd1 -> 
  custom:container-muxer-webm: aa71ff27fc2769a1b78a27578f13a17b -> 
  custom:scripting/monoscript/fileName/InfosPanelPlaceholder.cs: fef54b122412d96995fae2ad440bb18b -> 
  custom:scripting/monoscript/fileName/NestedComponentUtilities.cs: 033fd91b849b48295ab920beaf62446d -> 
  custom:scripting/monoscript/fileName/PhotonEditorUtils.cs: 4456563b945cca498f5f71d9eb2059b9 -> 
  custom:scripting/monoscript/fileName/IPunCallbacks.cs: 81caf01d84a9fa08671565d87776010b -> 
  custom:scripting/monoscript/fileName/FriendInfo.cs: be836ba41ecfa4c9dca4b510bdfea5c8 -> 
  custom:scripting/monoscript/fileName/CountOfRoomsProperty.cs: c0688910145f665105cec6c6eaf4f03c -> 
  custom:scripting/monoscript/fileName/ServerProperty.cs: d53bc3d40dee4679a13aa7a9ff58706e -> 
  custom:scripting/monoscript/fileName/Bullet.cs: 77c411c50d821352e611a16c30f40226 -> 
  custom:scripting/monoscript/fileName/OnClickDestroy.cs: 84deb4bc685f090f86133752922a945d -> 
  custom:scripting/monoscript/fileName/PhotonView.cs: b2662a18b33c427e0ec2e5ab1a56c2b5 -> 
  custom:scripting/monoscript/fileName/LoadBalancingClient.cs: 632813597f9db7bc895b13321ba1b05b -> 
  custom:scripting/monoscript/fileName/PhotonTransformViewClassic.cs: b13582f7122692c3dc0b0b58565603b7 -> 
  custom:scripting/monoscript/fileName/CameraWork.cs: 7182be285ca897b882f7b04a97b5001a -> 
  custom:scripting/monoscript/fileName/GameVersionField.cs: e1aaf98c257ad1044f09a430176c1d25 -> 
  custom:scripting/monoscript/fileName/CurrentRoomPlayerCountProperty.cs: 2e3a71196f608331c351de9edf7166b4 -> 
  custom:video-codec-MediaFoundation-h265: 746d11721c4dcdbdad8f713fa42b33f4 -> 
  custom:scripting/monoscript/fileName/PhotonAnimatorView.cs: d7e478a730cbe0e6a3a4e1f87600646a -> 
  custom:scripting/monoscript/fileName/CloudRegionProperty.cs: a98a80d4740fc4627fa07cd0d1b937f1 -> 
  custom:scripting/monoscript/fileName/PhotonGUI.cs: a5571c3104cbd100c9135419869f9e73 -> 
  custom:scripting/monoscript/fileName/CurrentRoomPlayerTtlProperty.cs: 5737d382a26e8898e597b19ab06904c5 -> 
  custom:CustomObjectIndexerAttribute: 756ad292c208cfabdd7b50bc23989ffe -> 
  custom:container-demuxer-webm: 4f35f7cbe854078d1ac9338744f61a02 -> 
  custom:scripting/monoscript/fileName/Cluster.cs: 5ff22076c2cc06a01d1cc1c38d08f712 -> 
  custom:scripting/monoscript/fileName/BestRegionInPrefsProperty.cs: f81195994c87654890233836f627cd69 -> 
  custom:scripting/monoscript/fileName/RunnerVisibilityLink.cs: 6e4a2325960fce24f58edb6ee6b338d8 -> 
  custom:scripting/monoscript/fileName/Spaceship.cs: 77d86dcddcb47a6cc18163eb292fa20b -> 
  custom:scripting/monoscript/fileName/CullAreaEditor.cs: ac85e81dd9fb835b90f15d14c78d253a -> 
  custom:scripting/monoscript/fileName/LobbyMainPanel.cs: bee85956556c66d6096a3300e7923c77 -> 
  custom:scripting/monoscript/fileName/ChatParameterCode.cs: a0fd6a090c21b2fc7ca69a867e9c27c2 -> 
  custom:scripting/monoscript/fileName/LayoutElementMatchSize.cs: 325cd6d9cb44d01cc8cfa43a5413de8f -> 
  custom:scripting/monoscript/fileName/TextButtonTransition.cs: 72f2c4484a6dc921aacef6b387422aa7 -> 
  custom:scripting/monoscript/fileName/SupportLogger.cs: 6226925e792eee84b718aee3baaa82a7 -> 
  custom:scripting/monoscript/fileName/Asteroid.cs: 8382d1ead570177214081c1ec12affef -> 
  custom:scripting/monoscript/fileName/CurrentRoomExpectedUsersProperty.cs: 15c7823a1b55465c741092cad452b5e4 -> 
  custom:scripting/monoscript/fileName/BoolInputField.cs: 96b6c600bd0428819f492c767ecf8b5b -> 
========================================================================
Received Import Request.
  Time since last request: 346.633538 seconds.
  path: Assets/Resources/Video Player.prefab
  artifactKey: Guid(71f7b30420b8d894486477cb902e9277) Importer(815301076,1909f56bfc062723c751e8b465ee728b)
Start importing Assets/Resources/Video Player.prefab using Guid(71f7b30420b8d894486477cb902e9277) Importer(815301076,1909f56bfc062723c751e8b465ee728b)  -> (artifact id: 'c7dc07a433b44b4f369146d2c5241c3d') in 0.027875 seconds
Number of updated asset objects reloaded before import = 0
Number of asset objects unloaded after import = 6
========================================================================
Received Prepare
Begin MonoManager ReloadAssembly
C:\build\output\Unity-Technologies\mono\mono\metadata\icall.c:1842:
C:\build\output\Unity-Technologies\mono\mono\metadata\icall.c:1842:
C:\build\output\Unity-Technologies\mono\mono\metadata\icall.c:1842:
C:\build\output\Unity-Technologies\mono\mono\metadata\icall.c:1842:
C:\build\output\Unity-Technologies\mono\mono\metadata\icall.c:1842:
C:\build\output\Unity-Technologies\mono\mono\metadata\icall.c:1842:
C:\build\output\Unity-Technologies\mono\mono\metadata\icall.c:1842:
C:\build\output\Unity-Technologies\mono\mono\metadata\icall.c:1842:
C:\build\output\Unity-Technologies\mono\mono\metadata\icall.c:1842:
C:\build\output\Unity-Technologies\mono\mono\metadata\icall.c:1842:
C:\build\output\Unity-Technologies\mono\mono\metadata\icall.c:1842:
C:\build\output\Unity-Technologies\mono\mono\metadata\icall.c:1842:
Symbol file LoadedFromMemory doesn't match image C:\Users\tudor\OneDrive\Imagini\Documente\GitHub\Anarchy chess\Library\PackageCache\com.unity.visualscripting@1.8.0\Editor\VisualScripting.Core\Dependencies\YamlDotNet\Unity.VisualScripting.YamlDotNet.dll
Symbol file LoadedFromMemory doesn't match image C:\Users\tudor\OneDrive\Imagini\Documente\GitHub\Anarchy chess\Library\PackageCache\com.unity.visualscripting@1.8.0\Editor\VisualScripting.Core\Dependencies\DotNetZip\Unity.VisualScripting.IonicZip.dll
- Loaded All Assemblies, in  0.644 seconds
Refreshing native plugins compatible for Editor in 3.47 ms, found 4 plugins.
Native extension for Android target not found
Native extension for WindowsStandalone target not found
Mono: successfully reloaded assembly
- Finished resetting the current domain, in  0.779 seconds
Domain Reload Profiling: 1420ms
	BeginReloadAssembly (162ms)
		ExecutionOrderSort (0ms)
		DisableScriptedObjects (11ms)
		BackupInstance (0ms)
		ReleaseScriptingObjects (0ms)
		CreateAndSetChildDomain (38ms)
	RebuildCommonClasses (26ms)
	RebuildNativeTypeToScriptingClass (10ms)
	initialDomainReloadingComplete (29ms)
	LoadAllAssembliesAndSetupDomain (413ms)
		LoadAssemblies (272ms)
		RebuildTransferFunctionScriptingTraits (0ms)
		AnalyzeDomain (221ms)
			TypeCache.Refresh (218ms)
				TypeCache.ScanAssembly (210ms)
			ScanForSourceGeneratedMonoScriptInfo (0ms)
			ResolveRequiredComponents (3ms)
	FinalizeReload (780ms)
		ReleaseScriptCaches (0ms)
		RebuildScriptCaches (0ms)
		SetupLoadedEditorAssemblies (343ms)
			LogAssemblyErrors (0ms)
			InitializePlatformSupportModulesInManaged (18ms)
			SetLoadedEditorAssemblies (2ms)
			BeforeProcessingInitializeOnLoad (71ms)
			ProcessInitializeOnLoadAttributes (225ms)
			ProcessInitializeOnLoadMethodAttributes (23ms)
			AfterProcessingInitializeOnLoad (4ms)
			EditorAssembliesLoaded (0ms)
		ExecutionOrderSort2 (0ms)
		AwakeInstancesAfterBackupRestoration (7ms)
Refreshing native plugins compatible for Editor in 4.88 ms, found 4 plugins.
Preloading 0 native plugins for Editor in 0.00 ms.
Unloading 4277 Unused Serialized files (Serialized files now loaded: 0)
Unloading 38 unused Assets / (37.5 KB). Loaded Objects now: 4899.
Memory consumption went from 184.4 MB to 184.4 MB.
Total: 3.792500 ms (FindLiveObjects: 0.210700 ms CreateObjectMapping: 0.116400 ms MarkObjects: 3.410200 ms  DeleteObjects: 0.054100 ms)

Prepare: number of updated asset objects reloaded= 0
AssetImportParameters requested are different than current active one (requested -> active):
  custom:scripting/monoscript/fileName/CountdownTimer.cs: 29151b8b1909dcb5f8770e606e1b626a -> 
  custom:scripting/monoscript/fileName/NickNameField.cs: 4566439151a528588c6e77fbea15ef25 -> 
  custom:scripting/monoscript/fileName/ConnectionHandler.cs: 33c1e29051dc60b1fb7e8675cafa9a54 -> 
  custom:scripting/monoscript/fileName/NetworkProjectConfigImporterEditor.cs: 0b9c7f8db96d38ff89dc9f2e19e80a40 -> 
  custom:scripting/monoscript/fileName/StringInputField.cs: 766f94c288e6bb2cfcd18d60914c0461 -> 
  custom:scripting/monoscript/fileName/PhotonTransformViewClassicEditor.cs: 174be401c238aa6e741f961399731929 -> 
  custom:scripting/monoscript/fileName/Fusion.CodeGen.User.cs: 7518413c31be8fc7fe79dd8f5b20fa0c -> 
  custom:scripting/monoscript/fileName/SmoothSyncMovement.cs: 31ee6a992a574c4e665f73e48482d3fc -> 
  custom:scripting/monoscript/fileName/PlayerListCell.cs: 76799f985e8a3951e5d132618c3350d8 -> 
  custom:scripting/monoscript/fileName/NetworkCharacterController.cs: 0d9ab4a1b508efe718225ceffebd8e54 -> 
  custom:scripting/monoscript/fileName/ConnectAndJoinRandomLb.cs: 9dd47be72f766f78cbbffce9f8575ef1 -> 
  custom:scripting/monoscript/fileName/RoomInfo.cs: 86776ad49e4deb535029b369c45e7f36 -> 
  custom:scripting/monoscript/fileName/ServerAddressProperty.cs: 284ddbe40a77584c9c8835a0d4d63859 -> 
  custom:video-decoder-webm-vp8: 9c59270c3fd7afecdb556c50c9e8de78 -> 
  custom:scripting/monoscript/fileName/SlotRacerSplashScreen.cs: 76e2c64393d61c31f26e20612278ec67 -> 
  custom:scripting/monoscript/fileName/ChannelCreationOptions.cs: 4231621e658bee43f79b42f64c894f83 -> 
  custom:scripting/monoscript/fileName/SystemConnectionSummary.cs: bf5673a8df4878a9885c94fd51dd3397 -> 
  custom:scripting/monoscript/fileName/RunnerLagCompensationGizmos.cs: f7028307a5d8b8de388a40efb20302af -> 
  custom:SearchIndexIgnoredProperties: e643bd26f0fe6173181afceb89e7c659 -> 
  custom:scripting/monoscript/fileName/DocLinks.cs: 22fc6e62d47c65fdd35bd32f57891e69 -> 
  custom:scripting/monoscript/fileName/FriendListView.cs: 04c66340ac95991cba62207cfc3f8015 -> 
  custom:scripting/monoscript/fileName/RunnerEnableVisibility.cs: e1b57f1bd6fcbd3137975404af4bcf85 -> 
  custom:scripting/monoscript/fileName/OnClickInstantiate.cs: 3929e8581c0458b4fa6c3ecec790414e -> 
  custom:scripting/monoscript/fileName/PlayerNumberingInspector.cs: e277bf463a09eaa6bcf2868a0f243e5c -> 
  custom:scripting/monoscript/fileName/NetworkProjectConfigImporter.cs: a2caae9d85fed596662aa6841efc1b3e -> 
  custom:scripting/monoscript/fileName/IChatClientListener.cs: e6ec1b8d09bf11f3791c0bd18ae45880 -> 
  custom:audio-encoder-webm-vorbis: bf7c407c2cedff20999df2af8eb42d56 -> 
  custom:scripting/monoscript/fileName/FusionEditorSkin.cs: c6dee1ba664a2a78ce51705f2322e50c -> 
  custom:scripting/monoscript/fileName/PunClasses.cs: d6a17dc119cdc0b4a5b92f4135a56268 -> 
  custom:scripting/monoscript/fileName/ScoreHelper.cs: 7e2091fcb90bdab85f4be0c18d586eba -> 
  custom:scripting/monoscript/fileName/FusionStatsGraph.cs: 7021e2a0a0c25bbb5696ad6d6108403d -> 
  custom:scripting/monoscript/fileName/IsConnectedAndReadyProperty.cs: af06b6e7ee3f25798787bf32cafcb247 -> 
  custom:scripting/monoscript/fileName/OnEscapeQuit.cs: be21f25ae17e13db5ee6619d0c4d06e1 -> 
  custom:scripting/monoscript/fileName/FusionRunnerVisibilityControlsWindow.cs: 503e55d51d5bac9ff9db7e3128ab6896 -> 
  custom:scripting/monoscript/fileName/OnJoinedInstantiate.cs: e6fcd481d2d6dd67f5b18fb26017d8ba -> 
  custom:scripting/monoscript/fileName/IgnoreUiRaycastWhenInactive.cs: 64ae0ba0567ac5043ee479695fe7bd2b -> 
  custom:scripting/monoscript/fileName/PlayerListEntry.cs: 3811c0a731ead3815771e470aaca8954 -> 
  custom:scripting/monoscript/fileName/ChatUserStatus.cs: 70a3ef1ac77c9464b5af9f3f7bba93e1 -> 
  custom:scripting/monoscript/fileName/CurrentRoomEmptyRoomTtlProperty.cs: ba459c40e550063227b6dbef6f2e12d7 -> 
  custom:scripting/monoscript/fileName/FusionAddressablePrefabsPreloader.cs: 609c7194fc18608a6ba4972670be253b -> 
  custom:scripting/monoscript/fileName/MonoBehaviourPunEditor.cs: a420633076e18e6ded9ee7ff41e5161d -> 
  custom:scripting/monoscript/fileName/IngameControlPanel.cs: e8e78297d18e08fd0d6ef99a75e376c2 -> 
  custom:scripting/monoscript/fileName/CustomTypes.cs: 32fb10f0e1ae6f1f4c5b8deb3c8e83c3 -> 
  custom:scripting/monoscript/fileName/PlayerManager.cs: 5b0494b39b9a262c0ad29b1931262023 -> 
  custom:scripting/monoscript/fileName/CurrentRoomIsOpenProperty.cs: 401af34d1219dc5c3b2d226ce3b12b08 -> 
  custom:scripting/monoscript/fileName/RegionListView.cs: d1509ce3c1dcf26ebb758f8eb59e1c54 -> 
  custom:scripting/monoscript/fileName/ConnectToRegionUIForm.cs: 662fbbb8f06b04129a615111e69dec89 -> 
  custom:scripting/monoscript/fileName/SendRateOnSerializeField.cs: 8559ed016d3004cf7fa75b6b51babcf0 -> 
  custom:scripting/monoscript/fileName/Block.cs: 4912a9664024ee7276656eb28373609a -> 
  custom:scripting/monoscript/fileName/RunnerVisibilityLinksRoot.cs: 64f229c02655e4ab1b3ad93c7368ccfe -> 
  custom:scripting/monoscript/fileName/WebRpc.cs: ee2bfdfdd166ac7a426061037e23ee8f -> 
  custom:scripting/monoscript/fileName/BezierSplineInspector.cs: 64d312faa4ce8272425b85e56f7f3f74 -> 
  custom:scripting/monoscript/fileName/IPhotonViewCallbacks.cs: 6b192d91218207b95c2b171719310343 -> 
  custom:scripting/monoscript/fileName/Launcher.cs: 6d0f0651107e8b978d50eb5d8ca63cd3 -> 
  custom:scripting/monoscript/fileName/PropertyCell.cs: caa15b0e3299de64e13d6f1d4cf295aa -> 
  custom:scripting/monoscript/fileName/PunTurnManager.cs: c24499e0acfb9782133d39c092b0366b -> 
  custom:scripting/monoscript/fileName/CurrentRoomIsVisibleProperty.cs: be95d33e9289a548289bfd3ab9507d59 -> 
  custom:scripting/monoscript/fileName/ChatChannel.cs: 052e931f7bf91536d9bda80d682b6368 -> 
  custom:scripting/monoscript/fileName/BezierCurveInspector.cs: cd033eb785ec71c240751fc164fcbff1 -> 
  custom:scripting/monoscript/fileName/AppSettings.cs: d20c247df910115cd4c5ae83482475ef -> 
  custom:scripting/monoscript/fileName/PhotonAnimatorViewEditor.cs: fd89a9c520118567d7b47e39070bcd39 -> 
  custom:scripting/monoscript/fileName/PhotonViewInspector.cs: da72c707197b3a14a9e4fc031131a7bc -> 
  custom:scripting/monoscript/fileName/CurrentRoomPropertiesListedInLobbyProperty.cs: c8880d240fca5295b2028661629631dc -> 
  custom:scripting/monoscript/fileName/ThirdPersonUserControl.cs: 1e36b4529ca7c2f8667ed6449c3722b9 -> 
  custom:scripting/monoscript/fileName/CurrentRoomIsOfflineProperty.cs: a3b570f54686008ce7d1ddf281dfdde2 -> 
  custom:scripting/monoscript/fileName/PlayerControl.cs: 6df8b26511518ec75eac4160d12ac3bc -> 
  custom:scripting/monoscript/fileName/LineInspector.cs: b46fbdbe979ee95575b26620e8af2791 -> 
  custom:scripting/monoscript/fileName/PhotonNetworkPart.cs: 28ef43a4727cd01eb0456d4c51a096be -> 
  custom:scripting/monoscript/fileName/CustomTypesUnity.cs: 013c37589fb09e7f77b2d495dfa13043 -> 
  custom:scripting/monoscript/fileName/ChannelWellKnownProperties.cs: 7e2dabda8907dc60fb63ae9c28cb0b10 -> 
  custom:scripting/monoscript/fileName/ToggleExpand.cs: 8df2d7619ad2c56cf93b2f0cedc9c9a4 -> 
  custom:scripting/monoscript/fileName/EventSystemSpawner.cs: c525f40330ddc66d7e7f5297346da241 -> 
  custom:scripting/monoscript/fileName/PlayerNameInputField.cs: 27839abf4289ab34aa2cc2967033966d -> 
  custom:scripting/monoscript/fileName/IsConnectedProperty.cs: 981ecf71603e1baa6ce21b0fd1acc020 -> 
  custom:scripting/monoscript/fileName/PlayerAnimatorManager.cs: a7d34eb870b3ee44c83d5db31316a095 -> 
  custom:scripting/monoscript/fileName/MoveByKeys.cs: 0be06a6581575752c58847799d9932e6 -> 
  custom:scripting/monoscript/fileName/FriendListCell.cs: 8dfedb1e000853780b714ad0651f22a9 -> 
  custom:scripting/monoscript/fileName/PhotonTeamsManager.cs: ed14ceec94e7d1247f794ca4f7f3aa2e -> 
  custom:scripting/monoscript/fileName/ChatOperationCode.cs: dac444e0d5bbc5c837c33663c8b2cefb -> 
  custom:AudioImporter_EditorPlatform: d09bf68614088b80899f8185d706f6e7 -> 
  custom:scripting/monoscript/fileName/ChatEventCode.cs: 764a52cdc3a575d4587f1a0939ee2b6d -> 
  custom:scripting/monoscript/fileName/PhotonTransformViewEditor.cs: d59344a8429d1e1c91f78e42f728790a -> 
  custom:scripting/monoscript/fileName/DocLinkButton.cs: 551275f4066ad419ab79864501010643 -> 
  custom:scripting/monoscript/fileName/Room.cs: f509531380bf8f44be3c84421df8f27b -> 
  custom:scripting/monoscript/fileName/AsteroidsGame.cs: 39019f3fa92643372bcb4670a7434593 -> 
  custom:scripting/monoscript/fileName/LoaderAnime.cs: 95ab941fc8d4427c4fa6c07cf9af1057 -> 
  custom:scripting/monoscript/fileName/ButtonInsideScrollList.cs: 663db374c5f487d95198d2dce6dd1ce7 -> 
  custom:scripting/monoscript/fileName/ReorderableListResources.cs: a21396365aa80586d6fe0c3f093e8e8a -> 12f8cf94345b17bd1a3aef7c3b5bd157
  custom:scripting/monoscript/fileName/SendRateField.cs: 5786bd6806651c5e23c7d4a511e3dfaa -> 
  custom:scripting/monoscript/fileName/PhotonTeamsManagerInspector.cs: 55bea48a55e757c56d53ded3ae32c48e -> 
  custom:audio-decoder-ogg-vorbis: bf7c407c2cedff20999df2af8eb42d56 -> 
  custom:scripting/monoscript/fileName/UserIdUiForm.cs: 0a1836b26b3227dc4bf5c907f6dcc697 -> 
  custom:scripting/monoscript/fileName/ChatAppSettings.cs: db433ce9dc535a56c6c28a3183328622 -> 
  custom:scripting/monoscript/fileName/NetworkSceneManagerDefault.cs: 871a1346f3625e42e5be83f620052e51 -> 
  custom:scripting/monoscript/fileName/PropertyListenerBase.cs: f9338b1da94c09d1d4dc5b01f854e0e3 -> 
  custom:scripting/monoscript/fileName/FriendItem.cs: 7041a5cee458fd755b4167724bf865d2 -> 
  custom:scripting/monoscript/fileName/ChannelSelector.cs: 787aa32b539868663942ded37c6d24ef -> 
  custom:scripting/monoscript/fileName/RegionHandler.cs: 6de377e0adf86218af15234cc2039610 -> 
  custom:scripting/monoscript/fileName/ChatAppIdCheckerUI.cs: 1bb8fafd3e2c10dfddf187c423c0f4b8 -> 
  custom:scripting/monoscript/fileName/CullArea.cs: 75f7e0f84478d7778555f1e1e66d50b7 -> 
  custom:scripting/monoscript/fileName/CountOfPlayersOnMasterProperty.cs: aa74237d4beb81bd33ceee77917bae47 -> 
  custom:scripting/monoscript/fileName/GameManager.cs: 56bc6cc643bcbf5a5a0d63cbd09e7487 -> 9933fbcc6190e2a9171c2ec8808a053e
  custom:scripting/monoscript/fileName/CurrentRoomAutoCleanupProperty.cs: a92fec09d98c752e495341af83135d64 -> 
  custom:scripting/monoscript/fileName/ChatPeer.cs: ab4cb6a09b2bd7026434274768d75701 -> 
  custom:scripting/monoscript/fileName/DemoHubManager.cs: 0dd9c19f14946313f8d78bca90723987 -> 
  custom:scripting/monoscript/fileName/CreateRoomUiForm.cs: bf1ce360a976c4439345f8064d17d3ad -> 
  custom:scripting/monoscript/fileName/NamePickGui.cs: 2c5392a37dc177dc65a116f98af1080e -> 
  custom:scripting/monoscript/fileName/TabViewManager.cs: a7d06552ed611c43e44fb3fef2b558f5 -> 
  custom:scripting/monoscript/fileName/PlayerUI.cs: 4d64fa5e9e8828968d6cc191a132718d -> 
  custom:scripting/monoscript/fileName/EnableOnSingleRunner.cs: 9976ce768e23cc0678b095d30598d8cd -> 
  custom:scripting/monoscript/fileName/PunCockpit.cs: 534cb157a89724d3ca07a36bb2005880 -> 
  custom:scripting/monoscript/fileName/RoomListCell.cs: 8d1543bdc9816b8a578d6cd2eebe48be -> 
  custom:scripting/monoscript/fileName/CurrentRoomNameProperty.cs: 72010acf97fe1f3e9ff0b8c322c93e83 -> 
  custom:scripting/monoscript/fileName/NetworkObjectProviderDefault.cs: 0eb113b3784be4de9cc2f3cdcdf5e36c -> 
  custom:scripting/monoscript/fileName/PunPlayerScores.cs: eee61e21995464ded106b44bf2f6edd4 -> 
  custom:scripting/monoscript/fileName/PunTeamsInspector.cs: 4df913dbc11ac67364301ce3915ea909 -> 
  custom:scripting/monoscript/fileName/Extensions.cs: 3f8618856b92f72822431fd67127e289 -> 
  custom:scripting/monoscript/fileName/AutoSyncSceneToggle.cs: f5a0c8cb6428054959052eda2623401a -> 
  custom:scripting/monoscript/fileName/ToDemoHubButton.cs: 76a2afa2c645f73081ead15c9512dae8 -> 
  custom:scripting/monoscript/fileName/CountOfPlayersInRoomProperty.cs: 22a26994633102695250e14533d8bd88 -> 
  custom:scripting/monoscript/fileName/AppSettingsExtensions.cs: 7eb3b190282e171c2845b1d8ee71ed5c -> 
  custom:scripting/monoscript/fileName/Region.cs: a0331a07d2a132f6cd24585218741838 -> 
  custom:scripting/monoscript/fileName/Bezier.cs: b8534c761c3f32134ac0822189e167cc -> 
  custom:scripting/monoscript/fileName/PhotonEditor.cs: 9beee3a7ca2bc764b51880f31127a0ea -> 
  custom:scripting/monoscript/fileName/CountOfPlayersProperty.cs: 92593170cc4984fa211f8cfbd69ac9a3 -> 
  custom:scripting/monoscript/fileName/OnStartDelete.cs: ca7ff388213f651af9d8be5d8844a8f4 -> 
  custom:video-encoder-webm-vp8: eb34c28f22e8b96e1ab97ce403110664 -> 
  custom:scripting/monoscript/fileName/ChatClient.cs: d3eb880194f03abd869e259e1e9fd5f0 -> 
  custom:scripting/monoscript/fileName/PhotonRigidbody2DView.cs: cfabe07ff5658dc80bf23a32c3f3d3ea -> 
  custom:scripting/monoscript/fileName/RoomListView.cs: 2b7207d3ddc2539dd2b806ed485e033b -> 
  custom:scripting/monoscript/fileName/OfflineModeProperty.cs: 142619a08af07c654a2536f2386c9c6c -> 
  custom:container-demuxer-ogg: 62fdf1f143b41e24485cea50d1cbac27 -> 
  custom:scripting/monoscript/fileName/Noise.cs: dc35aa19dae9f4b9d9d351205aaba1c6 -> 
  custom:scripting/monoscript/fileName/GameVersionProperty.cs: 212cdb5858947bda9a55c4e8f58ef2c6 -> 
  custom:framework-win-MediaFoundation: 216162199b28c13a410421893ffa2e32 -> 
  custom:scripting/monoscript/fileName/ConnectAndJoinRandom.cs: 00d6f17fa442bd592f9dfb4622a40a5d -> 
  custom:scripting/monoscript/fileName/PhotonTransformView.cs: ea668b9d3ca2e512312f4d0840810b14 -> 
  custom:scripting/monoscript/fileName/FusionBootstrap.cs: ce6761b6f61ee75dccdb3d85fc55a691 -> 
  custom:scripting/monoscript/fileName/RoomListEntry.cs: c7ba9dd428a6b8b410fe51075bfba1e1 -> 
  custom:scripting/monoscript/fileName/CurrentRoomMasterClientIdProperty.cs: 8a7f2b18c7369cf86e69820d5f0602fe -> 
  custom:scripting/monoscript/fileName/PunTeams.cs: 97cdf6951e96c2643337cf5fb8f69c0b -> 
  custom:scripting/monoscript/fileName/RegionListCell.cs: f6a1e00ce33d3dec4b7e2cfe425726c7 -> 
  custom:scripting/monoscript/fileName/PunSceneSettings.cs: 91ded15e638c075e189911af7f870d60 -> 
  custom:scripting/monoscript/fileName/ThirdPersonCharacter.cs: d37a384ef7557636dd0499ecb4e48640 -> 
  custom:scripting/monoscript/fileName/PlayerDetailsController.cs: 4a8b583bcd181f124e040cd407eab3b7 -> 
  custom:scripting/monoscript/fileName/PhotonRigidbody2DViewEditor.cs: 1bbd8586933ea3b91d286e3a03ef0b15 -> 
  custom:scripting/monoscript/fileName/Fusion.Unity.Editor.cs: b14e14e52edac49806a8f9d4187d9f4c -> 
  custom:scripting/monoscript/fileName/Fusion.Unity.cs: 2f52e767df9231dc9ad5c805bed98e70 -> 
  custom:scripting/monoscript/fileName/SlotLanes.cs: 97949fb7cbc49a87a0e9a949a270c39f -> 
  custom:scripting/monoscript/fileName/StatesGui.cs: 98e5143501c303d7d5973c718d302233 -> 
  custom:scripting/monoscript/fileName/SplineWalker.cs: 5be65352f0f07fbe7665dfb31e99644d -> 
  custom:scripting/monoscript/fileName/PingProperty.cs: 9f24d087d77c62d9ddcbab43ed4cd5fe -> 
  custom:scripting/monoscript/fileName/LoadLevelUIForm.cs: 6198023540609558b39b6b3a84524494 -> 
  custom:scripting/monoscript/fileName/MultiplayerManager.cs: 29415d0687c638629166b314004ee270 -> 
  custom:scripting/monoscript/fileName/BezierCurve.cs: 6855a37c0f6b23766e2a15354899a784 -> 
  custom:scripting/monoscript/fileName/Line.cs: 5e23c11e3450a3cc94ccc16c37b15685 -> 
  custom:scripting/monoscript/fileName/FusionStatsBillboard.cs: beff202fd2a83c3f993d781559426984 -> 
  custom:scripting/monoscript/fileName/SetRoomCustomPropertyUIForm.cs: 9f1b75809ed6e2f34b0b61446d287bd4 -> 
  custom:scripting/monoscript/fileName/RunnerAOIGizmos.cs: 8b1629a60417f80a3d501474e540ad3f -> 
  custom:scripting/monoscript/fileName/PointedAtGameObjectInfo.cs: 0f220a9d7e421f59db30fb04c90d6c0e -> 
  custom:scripting/monoscript/fileName/PhotonLagSimulationGui.cs: de60acfca25c9c245519382776ad2f82 -> 
  custom:scripting/monoscript/fileName/OnPointerOverTooltip.cs: b9abe1fce28033712ba423247874af86 -> 
  custom:scripting/monoscript/fileName/PhotonViewHandler.cs: 7c6c7799f7e9296388067c605d1dc27c -> 
  custom:scripting/monoscript/fileName/CullingHandler.cs: ff4506351c41ac4ce471635b6b12ceb3 -> 
  custom:scripting/monoscript/fileName/PlayerListView.cs: 60e6f2e41401ae176dea7b70bab3c390 -> 
  custom:scripting/monoscript/fileName/SplinePosition.cs: b39b2fa35faaacaf63f8929368e2e5de -> 
  custom:video-decoder-ogg-theora: a1e56fd34408186e4bbccfd4996cb3dc -> 
  custom:scripting/monoscript/fileName/PlayerNumbering.cs: ce6d1f08b3d2d23009596a69c08b221d -> 
  custom:scripting/monoscript/fileName/PunStartup.cs: 961ddc858b2c0426ca5019c7e78c4fbf -> 
  custom:scripting/monoscript/fileName/FusionStatsMeterBar.cs: d21101dd4c4710df60c667e63d577d83 -> 
  custom:scripting/monoscript/fileName/PhotonHandler.cs: 70e641dd7ce55eb351f633fc29fb5f7f -> 
  custom:scripting/monoscript/fileName/IntInputField.cs: 40c0ee81b04639c26264c222a1aaea0c -> 
  custom:scripting/monoscript/fileName/PhotonRigidbodyView.cs: f6b453c3dd57cf47fa35b8156daece9a -> 
  custom:scripting/monoscript/fileName/TextToggleIsOnTransition.cs: 326b9c727c304dd69fe51444f64a7721 -> 
  custom:scripting/monoscript/fileName/WorldGenerator.cs: dca0ae82b72e05480b823fc7043006c0 -> 
  custom:scripting/monoscript/fileName/LobbyTopPanel.cs: 830e03b228bff7a95bbb092a2d6b29d2 -> 
  custom:scripting/monoscript/fileName/PlayerOverviewPanel.cs: 515bb293728f907f134591646985b9ce -> 
  custom:scripting/monoscript/fileName/OnlineDocButton.cs: e8bceb35def1f2c21aeb107b10e7c020 -> 
  custom:scripting/monoscript/fileName/AsteroidsGameManager.cs: 12a51843b5b71df994a62f28231ff7ef -> 
  custom:scripting/monoscript/fileName/ServerSettings.cs: 8fa55e8857e3ebd201455fd70a9f157d -> 
  custom:scripting/monoscript/fileName/ServerSettingsInspector.cs: 95da0bc9ecca5735a6f497f524ce7e54 -> 
  custom:scripting/monoscript/fileName/AppVersionProperty.cs: a4b4daafa219f35ecce40e74ac804003 -> 
  custom:scripting/monoscript/fileName/ProceduralController.cs: 294ae00e975ca4fe85822d6f85fe658a -> 
  custom:scripting/monoscript/fileName/BackgroundTimeOutField.cs: 301f4bb8d6480b188021ecf99ba8be6c -> 
  custom:scripting/monoscript/fileName/UserIdField.cs: 889d45ebefa87613726b801d1e5e80c8 -> 
  custom:scripting/monoscript/fileName/GraphicToggleIsOnTransition.cs: 7e3768d2f1167a9a7dc7f801820c67a5 -> 
  custom:scripting/monoscript/fileName/ChatGui.cs: 83ccb577c346edd301c0a35e11693dfd -> 
  custom:scripting/monoscript/fileName/AccountService.cs: 80b748556379aab9364d8ef00499f1a9 -> 
  custom:scripting/monoscript/fileName/PhotonRigidbodyViewEditor.cs: ab7e34153fa9a3c646e0316fa6fc5600 -> 
  custom:scripting/monoscript/fileName/CrcCheckToggle.cs: a236d00910b93ad4ae792080fb07508e -> 
  custom:scripting/monoscript/fileName/FusionBootstrapDebugGUI.cs: 371b4228dd1f5808b5897e19c03d546a -> 
  custom:scripting/monoscript/fileName/Player.cs: b6aef835b43cb69bef999bd5136f7c21 -> 
  custom:scripting/monoscript/fileName/LoadbalancingPeer.cs: d9dd9ca955de7f0a553b219d39f29621 -> 
  custom:scripting/monoscript/fileName/FusionStatsObjectIds.cs: 43a79179a267263c08267aeebfb7eafd -> 
  custom:scripting/monoscript/fileName/PunCockpitEmbed.cs: 2240c92b97535c6672465e83f1e36036 -> 
  custom:scripting/monoscript/fileName/CurrentRoomIsOpenToggle.cs: 229c6038772c64902eb501df39020417 -> 
  custom:scripting/monoscript/fileName/PhotonStatsGui.cs: d8361e63c4cf02d1cc41570adb7e9d85 -> 
  custom:scripting/monoscript/fileName/PunSceneSettingsInspector.cs: da5c9fdcd684cd1c669e2f5c5f40d373 -> 
  custom:scripting/monoscript/fileName/CurrentRoomMaxPlayersProperty.cs: f8d2a9d7157be1b82e5db9695b63da90 -> 
  custom:scripting/monoscript/fileName/PhotonNetwork.cs: b0631ad5c9d567edbfc4fb2b742f00d0 -> 
  custom:scripting/monoscript/fileName/OnClickRpc.cs: a4c1c482691ed3f8764f3736c0d692ea -> 
  custom:scripting/monoscript/fileName/BezierSpline.cs: fdb9ccdef0d3985b914118aec7c411f2 -> 
  custom:scripting/monoscript/fileName/PhotonPing.cs: 3f140d1df899c474f22230f66cc59a41 -> 
  custom:scripting/monoscript/fileName/CurrentRoomIsVisibleToggle.cs: 47a99e70dc7fd5d059dfbf899c22bbdb -> 
  custom:scripting/monoscript/fileName/Fusion.CodeGen.cs: b9ff9c5a347ec7e6d58d9aa467d5ae96 -> 
  custom:scripting/monoscript/fileName/PhotonStreamQueue.cs: 5d5e55e8eb60f78e116626969ed0311e -> 
  custom:scripting/monoscript/fileName/WebRpcImplementationExample.cs: 7bff59c7defddf73a4ceae1090065bd1 -> 
  custom:container-muxer-webm: aa71ff27fc2769a1b78a27578f13a17b -> 
  custom:scripting/monoscript/fileName/InfosPanelPlaceholder.cs: fef54b122412d96995fae2ad440bb18b -> 
  custom:scripting/monoscript/fileName/NestedComponentUtilities.cs: 033fd91b849b48295ab920beaf62446d -> 
  custom:scripting/monoscript/fileName/PhotonEditorUtils.cs: 4456563b945cca498f5f71d9eb2059b9 -> 
  custom:scripting/monoscript/fileName/IPunCallbacks.cs: 81caf01d84a9fa08671565d87776010b -> 
  custom:scripting/monoscript/fileName/FriendInfo.cs: be836ba41ecfa4c9dca4b510bdfea5c8 -> 
  custom:scripting/monoscript/fileName/CountOfRoomsProperty.cs: c0688910145f665105cec6c6eaf4f03c -> 
  custom:scripting/monoscript/fileName/ServerProperty.cs: d53bc3d40dee4679a13aa7a9ff58706e -> 
  custom:scripting/monoscript/fileName/Bullet.cs: 77c411c50d821352e611a16c30f40226 -> 
  custom:scripting/monoscript/fileName/OnClickDestroy.cs: 84deb4bc685f090f86133752922a945d -> 
  custom:scripting/monoscript/fileName/PhotonView.cs: b2662a18b33c427e0ec2e5ab1a56c2b5 -> 
  custom:scripting/monoscript/fileName/LoadBalancingClient.cs: 632813597f9db7bc895b13321ba1b05b -> 
  custom:scripting/monoscript/fileName/PhotonTransformViewClassic.cs: b13582f7122692c3dc0b0b58565603b7 -> 
  custom:scripting/monoscript/fileName/CameraWork.cs: 7182be285ca897b882f7b04a97b5001a -> 
  custom:scripting/monoscript/fileName/GameVersionField.cs: e1aaf98c257ad1044f09a430176c1d25 -> 
  custom:scripting/monoscript/fileName/CurrentRoomPlayerCountProperty.cs: 2e3a71196f608331c351de9edf7166b4 -> 
  custom:video-codec-MediaFoundation-h265: 746d11721c4dcdbdad8f713fa42b33f4 -> 
  custom:scripting/monoscript/fileName/PhotonAnimatorView.cs: d7e478a730cbe0e6a3a4e1f87600646a -> 
  custom:scripting/monoscript/fileName/CloudRegionProperty.cs: a98a80d4740fc4627fa07cd0d1b937f1 -> 
  custom:scripting/monoscript/fileName/PhotonGUI.cs: a5571c3104cbd100c9135419869f9e73 -> 
  custom:scripting/monoscript/fileName/CurrentRoomPlayerTtlProperty.cs: 5737d382a26e8898e597b19ab06904c5 -> 
  custom:CustomObjectIndexerAttribute: 756ad292c208cfabdd7b50bc23989ffe -> 
  custom:container-demuxer-webm: 4f35f7cbe854078d1ac9338744f61a02 -> 
  custom:scripting/monoscript/fileName/Cluster.cs: 5ff22076c2cc06a01d1cc1c38d08f712 -> 
  custom:scripting/monoscript/fileName/BestRegionInPrefsProperty.cs: f81195994c87654890233836f627cd69 -> 
  custom:scripting/monoscript/fileName/RunnerVisibilityLink.cs: 6e4a2325960fce24f58edb6ee6b338d8 -> 
  custom:scripting/monoscript/fileName/Spaceship.cs: 77d86dcddcb47a6cc18163eb292fa20b -> 
  custom:scripting/monoscript/fileName/CullAreaEditor.cs: ac85e81dd9fb835b90f15d14c78d253a -> 
  custom:scripting/monoscript/fileName/LobbyMainPanel.cs: bee85956556c66d6096a3300e7923c77 -> 
  custom:scripting/monoscript/fileName/ChatParameterCode.cs: a0fd6a090c21b2fc7ca69a867e9c27c2 -> 
  custom:scripting/monoscript/fileName/LayoutElementMatchSize.cs: 325cd6d9cb44d01cc8cfa43a5413de8f -> 
  custom:scripting/monoscript/fileName/TextButtonTransition.cs: 72f2c4484a6dc921aacef6b387422aa7 -> 
  custom:scripting/monoscript/fileName/SupportLogger.cs: 6226925e792eee84b718aee3baaa82a7 -> 
  custom:scripting/monoscript/fileName/Asteroid.cs: 8382d1ead570177214081c1ec12affef -> 
  custom:scripting/monoscript/fileName/CurrentRoomExpectedUsersProperty.cs: 15c7823a1b55465c741092cad452b5e4 -> 
  custom:scripting/monoscript/fileName/BoolInputField.cs: 96b6c600bd0428819f492c767ecf8b5b -> 
========================================================================
Received Prepare
Begin MonoManager ReloadAssembly
C:\build\output\Unity-Technologies\mono\mono\metadata\icall.c:1842:
C:\build\output\Unity-Technologies\mono\mono\metadata\icall.c:1842:
C:\build\output\Unity-Technologies\mono\mono\metadata\icall.c:1842:
C:\build\output\Unity-Technologies\mono\mono\metadata\icall.c:1842:
C:\build\output\Unity-Technologies\mono\mono\metadata\icall.c:1842:
C:\build\output\Unity-Technologies\mono\mono\metadata\icall.c:1842:
C:\build\output\Unity-Technologies\mono\mono\metadata\icall.c:1842:
C:\build\output\Unity-Technologies\mono\mono\metadata\icall.c:1842:
C:\build\output\Unity-Technologies\mono\mono\metadata\icall.c:1842:
C:\build\output\Unity-Technologies\mono\mono\metadata\icall.c:1842:
C:\build\output\Unity-Technologies\mono\mono\metadata\icall.c:1842:
C:\build\output\Unity-Technologies\mono\mono\metadata\icall.c:1842:
Symbol file LoadedFromMemory doesn't match image C:\Users\tudor\OneDrive\Imagini\Documente\GitHub\Anarchy chess\Library\PackageCache\com.unity.visualscripting@1.8.0\Editor\VisualScripting.Core\Dependencies\YamlDotNet\Unity.VisualScripting.YamlDotNet.dll
Symbol file LoadedFromMemory doesn't match image C:\Users\tudor\OneDrive\Imagini\Documente\GitHub\Anarchy chess\Library\PackageCache\com.unity.visualscripting@1.8.0\Editor\VisualScripting.Core\Dependencies\DotNetZip\Unity.VisualScripting.IonicZip.dll
- Loaded All Assemblies, in  0.611 seconds
Refreshing native plugins compatible for Editor in 5.19 ms, found 4 plugins.
Native extension for Android target not found
Native extension for WindowsStandalone target not found
Mono: successfully reloaded assembly
- Finished resetting the current domain, in  0.759 seconds
Domain Reload Profiling: 1367ms
	BeginReloadAssembly (152ms)
		ExecutionOrderSort (0ms)
		DisableScriptedObjects (11ms)
		BackupInstance (0ms)
		ReleaseScriptingObjects (0ms)
		CreateAndSetChildDomain (36ms)
	RebuildCommonClasses (24ms)
	RebuildNativeTypeToScriptingClass (9ms)
	initialDomainReloadingComplete (23ms)
	LoadAllAssembliesAndSetupDomain (399ms)
		LoadAssemblies (257ms)
		RebuildTransferFunctionScriptingTraits (0ms)
		AnalyzeDomain (215ms)
			TypeCache.Refresh (210ms)
				TypeCache.ScanAssembly (202ms)
			ScanForSourceGeneratedMonoScriptInfo (0ms)
			ResolveRequiredComponents (5ms)
	FinalizeReload (759ms)
		ReleaseScriptCaches (0ms)
		RebuildScriptCaches (0ms)
		SetupLoadedEditorAssemblies (332ms)
			LogAssemblyErrors (0ms)
			InitializePlatformSupportModulesInManaged (17ms)
			SetLoadedEditorAssemblies (2ms)
			BeforeProcessingInitializeOnLoad (66ms)
			ProcessInitializeOnLoadAttributes (217ms)
			ProcessInitializeOnLoadMethodAttributes (24ms)
			AfterProcessingInitializeOnLoad (4ms)
			EditorAssembliesLoaded (0ms)
		ExecutionOrderSort2 (0ms)
		AwakeInstancesAfterBackupRestoration (7ms)
Refreshing native plugins compatible for Editor in 4.28 ms, found 4 plugins.
Preloading 0 native plugins for Editor in 0.00 ms.
Unloading 4278 Unused Serialized files (Serialized files now loaded: 0)
Unloading 38 unused Assets / (37.5 KB). Loaded Objects now: 4902.
Memory consumption went from 186.6 MB to 186.6 MB.
Total: 4.462000 ms (FindLiveObjects: 0.219800 ms CreateObjectMapping: 0.117100 ms MarkObjects: 4.048600 ms  DeleteObjects: 0.074900 ms)

Prepare: number of updated asset objects reloaded= 0
AssetImportParameters requested are different than current active one (requested -> active):
  custom:scripting/monoscript/fileName/CountdownTimer.cs: 29151b8b1909dcb5f8770e606e1b626a -> 
  custom:scripting/monoscript/fileName/NickNameField.cs: 4566439151a528588c6e77fbea15ef25 -> 
  custom:scripting/monoscript/fileName/ConnectionHandler.cs: 33c1e29051dc60b1fb7e8675cafa9a54 -> 
  custom:scripting/monoscript/fileName/NetworkProjectConfigImporterEditor.cs: 0b9c7f8db96d38ff89dc9f2e19e80a40 -> 
  custom:scripting/monoscript/fileName/StringInputField.cs: 766f94c288e6bb2cfcd18d60914c0461 -> 
  custom:scripting/monoscript/fileName/PhotonTransformViewClassicEditor.cs: 174be401c238aa6e741f961399731929 -> 
  custom:scripting/monoscript/fileName/Fusion.CodeGen.User.cs: 7518413c31be8fc7fe79dd8f5b20fa0c -> 
  custom:scripting/monoscript/fileName/SmoothSyncMovement.cs: 31ee6a992a574c4e665f73e48482d3fc -> 
  custom:scripting/monoscript/fileName/PlayerListCell.cs: 76799f985e8a3951e5d132618c3350d8 -> 
  custom:scripting/monoscript/fileName/NetworkCharacterController.cs: 0d9ab4a1b508efe718225ceffebd8e54 -> 
  custom:scripting/monoscript/fileName/ConnectAndJoinRandomLb.cs: 9dd47be72f766f78cbbffce9f8575ef1 -> 
  custom:scripting/monoscript/fileName/RoomInfo.cs: 86776ad49e4deb535029b369c45e7f36 -> 
  custom:scripting/monoscript/fileName/ServerAddressProperty.cs: 284ddbe40a77584c9c8835a0d4d63859 -> 
  custom:video-decoder-webm-vp8: 9c59270c3fd7afecdb556c50c9e8de78 -> 
  custom:scripting/monoscript/fileName/SlotRacerSplashScreen.cs: 76e2c64393d61c31f26e20612278ec67 -> 
  custom:scripting/monoscript/fileName/ChannelCreationOptions.cs: 4231621e658bee43f79b42f64c894f83 -> 
  custom:scripting/monoscript/fileName/SystemConnectionSummary.cs: bf5673a8df4878a9885c94fd51dd3397 -> 
  custom:scripting/monoscript/fileName/RunnerLagCompensationGizmos.cs: f7028307a5d8b8de388a40efb20302af -> 
  custom:SearchIndexIgnoredProperties: e643bd26f0fe6173181afceb89e7c659 -> 
  custom:scripting/monoscript/fileName/DocLinks.cs: 22fc6e62d47c65fdd35bd32f57891e69 -> 
  custom:scripting/monoscript/fileName/FriendListView.cs: 04c66340ac95991cba62207cfc3f8015 -> 
  custom:scripting/monoscript/fileName/RunnerEnableVisibility.cs: e1b57f1bd6fcbd3137975404af4bcf85 -> 
  custom:scripting/monoscript/fileName/OnClickInstantiate.cs: 3929e8581c0458b4fa6c3ecec790414e -> 
  custom:scripting/monoscript/fileName/PlayerNumberingInspector.cs: e277bf463a09eaa6bcf2868a0f243e5c -> 
  custom:scripting/monoscript/fileName/NetworkProjectConfigImporter.cs: a2caae9d85fed596662aa6841efc1b3e -> 
  custom:scripting/monoscript/fileName/IChatClientListener.cs: e6ec1b8d09bf11f3791c0bd18ae45880 -> 
  custom:audio-encoder-webm-vorbis: bf7c407c2cedff20999df2af8eb42d56 -> 
  custom:scripting/monoscript/fileName/FusionEditorSkin.cs: c6dee1ba664a2a78ce51705f2322e50c -> 
  custom:scripting/monoscript/fileName/PunClasses.cs: d6a17dc119cdc0b4a5b92f4135a56268 -> 
  custom:scripting/monoscript/fileName/ScoreHelper.cs: 7e2091fcb90bdab85f4be0c18d586eba -> 
  custom:scripting/monoscript/fileName/FusionStatsGraph.cs: 7021e2a0a0c25bbb5696ad6d6108403d -> 
  custom:scripting/monoscript/fileName/IsConnectedAndReadyProperty.cs: af06b6e7ee3f25798787bf32cafcb247 -> 
  custom:scripting/monoscript/fileName/OnEscapeQuit.cs: be21f25ae17e13db5ee6619d0c4d06e1 -> 
  custom:scripting/monoscript/fileName/FusionRunnerVisibilityControlsWindow.cs: 503e55d51d5bac9ff9db7e3128ab6896 -> 
  custom:scripting/monoscript/fileName/OnJoinedInstantiate.cs: e6fcd481d2d6dd67f5b18fb26017d8ba -> 
  custom:scripting/monoscript/fileName/IgnoreUiRaycastWhenInactive.cs: 64ae0ba0567ac5043ee479695fe7bd2b -> 
  custom:scripting/monoscript/fileName/PlayerListEntry.cs: 3811c0a731ead3815771e470aaca8954 -> 
  custom:scripting/monoscript/fileName/ChatUserStatus.cs: 70a3ef1ac77c9464b5af9f3f7bba93e1 -> 
  custom:scripting/monoscript/fileName/CurrentRoomEmptyRoomTtlProperty.cs: ba459c40e550063227b6dbef6f2e12d7 -> 
  custom:scripting/monoscript/fileName/FusionAddressablePrefabsPreloader.cs: 609c7194fc18608a6ba4972670be253b -> 
  custom:scripting/monoscript/fileName/MonoBehaviourPunEditor.cs: a420633076e18e6ded9ee7ff41e5161d -> 
  custom:scripting/monoscript/fileName/IngameControlPanel.cs: e8e78297d18e08fd0d6ef99a75e376c2 -> 
  custom:scripting/monoscript/fileName/CustomTypes.cs: 32fb10f0e1ae6f1f4c5b8deb3c8e83c3 -> 
  custom:scripting/monoscript/fileName/PlayerManager.cs: 5b0494b39b9a262c0ad29b1931262023 -> 
  custom:scripting/monoscript/fileName/CurrentRoomIsOpenProperty.cs: 401af34d1219dc5c3b2d226ce3b12b08 -> 
  custom:scripting/monoscript/fileName/RegionListView.cs: d1509ce3c1dcf26ebb758f8eb59e1c54 -> 
  custom:scripting/monoscript/fileName/ConnectToRegionUIForm.cs: 662fbbb8f06b04129a615111e69dec89 -> 
  custom:scripting/monoscript/fileName/SendRateOnSerializeField.cs: 8559ed016d3004cf7fa75b6b51babcf0 -> 
  custom:scripting/monoscript/fileName/Block.cs: 4912a9664024ee7276656eb28373609a -> 
  custom:scripting/monoscript/fileName/RunnerVisibilityLinksRoot.cs: 64f229c02655e4ab1b3ad93c7368ccfe -> 
  custom:scripting/monoscript/fileName/WebRpc.cs: ee2bfdfdd166ac7a426061037e23ee8f -> 
  custom:scripting/monoscript/fileName/BezierSplineInspector.cs: 64d312faa4ce8272425b85e56f7f3f74 -> 
  custom:scripting/monoscript/fileName/IPhotonViewCallbacks.cs: 6b192d91218207b95c2b171719310343 -> 
  custom:scripting/monoscript/fileName/Launcher.cs: 6d0f0651107e8b978d50eb5d8ca63cd3 -> 
  custom:scripting/monoscript/fileName/PropertyCell.cs: caa15b0e3299de64e13d6f1d4cf295aa -> 
  custom:scripting/monoscript/fileName/PunTurnManager.cs: c24499e0acfb9782133d39c092b0366b -> 
  custom:scripting/monoscript/fileName/CurrentRoomIsVisibleProperty.cs: be95d33e9289a548289bfd3ab9507d59 -> 
  custom:scripting/monoscript/fileName/ChatChannel.cs: 052e931f7bf91536d9bda80d682b6368 -> 
  custom:scripting/monoscript/fileName/BezierCurveInspector.cs: cd033eb785ec71c240751fc164fcbff1 -> 
  custom:scripting/monoscript/fileName/AppSettings.cs: d20c247df910115cd4c5ae83482475ef -> 
  custom:scripting/monoscript/fileName/PhotonAnimatorViewEditor.cs: fd89a9c520118567d7b47e39070bcd39 -> 
  custom:scripting/monoscript/fileName/PhotonViewInspector.cs: da72c707197b3a14a9e4fc031131a7bc -> 
  custom:scripting/monoscript/fileName/CurrentRoomPropertiesListedInLobbyProperty.cs: c8880d240fca5295b2028661629631dc -> 
  custom:scripting/monoscript/fileName/ThirdPersonUserControl.cs: 1e36b4529ca7c2f8667ed6449c3722b9 -> 
  custom:scripting/monoscript/fileName/CurrentRoomIsOfflineProperty.cs: a3b570f54686008ce7d1ddf281dfdde2 -> 
  custom:scripting/monoscript/fileName/PlayerControl.cs: 6df8b26511518ec75eac4160d12ac3bc -> 
  custom:scripting/monoscript/fileName/LineInspector.cs: b46fbdbe979ee95575b26620e8af2791 -> 
  custom:scripting/monoscript/fileName/PhotonNetworkPart.cs: 28ef43a4727cd01eb0456d4c51a096be -> 
  custom:scripting/monoscript/fileName/CustomTypesUnity.cs: 013c37589fb09e7f77b2d495dfa13043 -> 
  custom:scripting/monoscript/fileName/ChannelWellKnownProperties.cs: 7e2dabda8907dc60fb63ae9c28cb0b10 -> 
  custom:scripting/monoscript/fileName/ToggleExpand.cs: 8df2d7619ad2c56cf93b2f0cedc9c9a4 -> 
  custom:scripting/monoscript/fileName/EventSystemSpawner.cs: c525f40330ddc66d7e7f5297346da241 -> 
  custom:scripting/monoscript/fileName/PlayerNameInputField.cs: 27839abf4289ab34aa2cc2967033966d -> 
  custom:scripting/monoscript/fileName/IsConnectedProperty.cs: 981ecf71603e1baa6ce21b0fd1acc020 -> 
  custom:scripting/monoscript/fileName/PlayerAnimatorManager.cs: a7d34eb870b3ee44c83d5db31316a095 -> 
  custom:scripting/monoscript/fileName/MoveByKeys.cs: 0be06a6581575752c58847799d9932e6 -> 
  custom:scripting/monoscript/fileName/FriendListCell.cs: 8dfedb1e000853780b714ad0651f22a9 -> 
  custom:scripting/monoscript/fileName/PhotonTeamsManager.cs: ed14ceec94e7d1247f794ca4f7f3aa2e -> 
  custom:scripting/monoscript/fileName/ChatOperationCode.cs: dac444e0d5bbc5c837c33663c8b2cefb -> 
  custom:AudioImporter_EditorPlatform: d09bf68614088b80899f8185d706f6e7 -> 
  custom:scripting/monoscript/fileName/ChatEventCode.cs: 764a52cdc3a575d4587f1a0939ee2b6d -> 
  custom:scripting/monoscript/fileName/PhotonTransformViewEditor.cs: d59344a8429d1e1c91f78e42f728790a -> 
  custom:scripting/monoscript/fileName/DocLinkButton.cs: 551275f4066ad419ab79864501010643 -> 
  custom:scripting/monoscript/fileName/Room.cs: f509531380bf8f44be3c84421df8f27b -> 
  custom:scripting/monoscript/fileName/AsteroidsGame.cs: 39019f3fa92643372bcb4670a7434593 -> 
  custom:scripting/monoscript/fileName/LoaderAnime.cs: 95ab941fc8d4427c4fa6c07cf9af1057 -> 
  custom:scripting/monoscript/fileName/ButtonInsideScrollList.cs: 663db374c5f487d95198d2dce6dd1ce7 -> 
  custom:scripting/monoscript/fileName/ReorderableListResources.cs: a21396365aa80586d6fe0c3f093e8e8a -> 12f8cf94345b17bd1a3aef7c3b5bd157
  custom:scripting/monoscript/fileName/SendRateField.cs: 5786bd6806651c5e23c7d4a511e3dfaa -> 
  custom:scripting/monoscript/fileName/PhotonTeamsManagerInspector.cs: 55bea48a55e757c56d53ded3ae32c48e -> 
  custom:audio-decoder-ogg-vorbis: bf7c407c2cedff20999df2af8eb42d56 -> 
  custom:scripting/monoscript/fileName/UserIdUiForm.cs: 0a1836b26b3227dc4bf5c907f6dcc697 -> 
  custom:scripting/monoscript/fileName/ChatAppSettings.cs: db433ce9dc535a56c6c28a3183328622 -> 
  custom:scripting/monoscript/fileName/NetworkSceneManagerDefault.cs: 871a1346f3625e42e5be83f620052e51 -> 
  custom:scripting/monoscript/fileName/PropertyListenerBase.cs: f9338b1da94c09d1d4dc5b01f854e0e3 -> 
  custom:scripting/monoscript/fileName/FriendItem.cs: 7041a5cee458fd755b4167724bf865d2 -> 
  custom:scripting/monoscript/fileName/ChannelSelector.cs: 787aa32b539868663942ded37c6d24ef -> 
  custom:scripting/monoscript/fileName/RegionHandler.cs: 6de377e0adf86218af15234cc2039610 -> 
  custom:scripting/monoscript/fileName/ChatAppIdCheckerUI.cs: 1bb8fafd3e2c10dfddf187c423c0f4b8 -> 
  custom:scripting/monoscript/fileName/CullArea.cs: 75f7e0f84478d7778555f1e1e66d50b7 -> 
  custom:scripting/monoscript/fileName/CountOfPlayersOnMasterProperty.cs: aa74237d4beb81bd33ceee77917bae47 -> 
  custom:scripting/monoscript/fileName/GameManager.cs: 56bc6cc643bcbf5a5a0d63cbd09e7487 -> 9933fbcc6190e2a9171c2ec8808a053e
  custom:scripting/monoscript/fileName/CurrentRoomAutoCleanupProperty.cs: a92fec09d98c752e495341af83135d64 -> 
  custom:scripting/monoscript/fileName/ChatPeer.cs: ab4cb6a09b2bd7026434274768d75701 -> 
  custom:scripting/monoscript/fileName/DemoHubManager.cs: 0dd9c19f14946313f8d78bca90723987 -> 
  custom:scripting/monoscript/fileName/CreateRoomUiForm.cs: bf1ce360a976c4439345f8064d17d3ad -> 
  custom:scripting/monoscript/fileName/NamePickGui.cs: 2c5392a37dc177dc65a116f98af1080e -> 
  custom:scripting/monoscript/fileName/TabViewManager.cs: a7d06552ed611c43e44fb3fef2b558f5 -> 
  custom:scripting/monoscript/fileName/PlayerUI.cs: 4d64fa5e9e8828968d6cc191a132718d -> 
  custom:scripting/monoscript/fileName/EnableOnSingleRunner.cs: 9976ce768e23cc0678b095d30598d8cd -> 
  custom:scripting/monoscript/fileName/PunCockpit.cs: 534cb157a89724d3ca07a36bb2005880 -> 
  custom:scripting/monoscript/fileName/RoomListCell.cs: 8d1543bdc9816b8a578d6cd2eebe48be -> 
  custom:scripting/monoscript/fileName/CurrentRoomNameProperty.cs: 72010acf97fe1f3e9ff0b8c322c93e83 -> 
  custom:scripting/monoscript/fileName/NetworkObjectProviderDefault.cs: 0eb113b3784be4de9cc2f3cdcdf5e36c -> 
  custom:scripting/monoscript/fileName/PunPlayerScores.cs: eee61e21995464ded106b44bf2f6edd4 -> 
  custom:scripting/monoscript/fileName/PunTeamsInspector.cs: 4df913dbc11ac67364301ce3915ea909 -> 
  custom:scripting/monoscript/fileName/Extensions.cs: 3f8618856b92f72822431fd67127e289 -> 
  custom:scripting/monoscript/fileName/AutoSyncSceneToggle.cs: f5a0c8cb6428054959052eda2623401a -> 
  custom:scripting/monoscript/fileName/ToDemoHubButton.cs: 76a2afa2c645f73081ead15c9512dae8 -> 
  custom:scripting/monoscript/fileName/CountOfPlayersInRoomProperty.cs: 22a26994633102695250e14533d8bd88 -> 
  custom:scripting/monoscript/fileName/AppSettingsExtensions.cs: 7eb3b190282e171c2845b1d8ee71ed5c -> 
  custom:scripting/monoscript/fileName/Region.cs: a0331a07d2a132f6cd24585218741838 -> 
  custom:scripting/monoscript/fileName/Bezier.cs: b8534c761c3f32134ac0822189e167cc -> 
  custom:scripting/monoscript/fileName/PhotonEditor.cs: 9beee3a7ca2bc764b51880f31127a0ea -> 
  custom:scripting/monoscript/fileName/CountOfPlayersProperty.cs: 92593170cc4984fa211f8cfbd69ac9a3 -> 
  custom:scripting/monoscript/fileName/OnStartDelete.cs: ca7ff388213f651af9d8be5d8844a8f4 -> 
  custom:video-encoder-webm-vp8: eb34c28f22e8b96e1ab97ce403110664 -> 
  custom:scripting/monoscript/fileName/ChatClient.cs: d3eb880194f03abd869e259e1e9fd5f0 -> 
  custom:scripting/monoscript/fileName/PhotonRigidbody2DView.cs: cfabe07ff5658dc80bf23a32c3f3d3ea -> 
  custom:scripting/monoscript/fileName/RoomListView.cs: 2b7207d3ddc2539dd2b806ed485e033b -> 
  custom:scripting/monoscript/fileName/OfflineModeProperty.cs: 142619a08af07c654a2536f2386c9c6c -> 
  custom:container-demuxer-ogg: 62fdf1f143b41e24485cea50d1cbac27 -> 
  custom:scripting/monoscript/fileName/Noise.cs: dc35aa19dae9f4b9d9d351205aaba1c6 -> 
  custom:scripting/monoscript/fileName/GameVersionProperty.cs: 212cdb5858947bda9a55c4e8f58ef2c6 -> 
  custom:framework-win-MediaFoundation: 216162199b28c13a410421893ffa2e32 -> 
  custom:scripting/monoscript/fileName/ConnectAndJoinRandom.cs: 00d6f17fa442bd592f9dfb4622a40a5d -> 
  custom:scripting/monoscript/fileName/PhotonTransformView.cs: ea668b9d3ca2e512312f4d0840810b14 -> 
  custom:scripting/monoscript/fileName/FusionBootstrap.cs: ce6761b6f61ee75dccdb3d85fc55a691 -> 
  custom:scripting/monoscript/fileName/RoomListEntry.cs: c7ba9dd428a6b8b410fe51075bfba1e1 -> 
  custom:scripting/monoscript/fileName/CurrentRoomMasterClientIdProperty.cs: 8a7f2b18c7369cf86e69820d5f0602fe -> 
  custom:scripting/monoscript/fileName/PunTeams.cs: 97cdf6951e96c2643337cf5fb8f69c0b -> 
  custom:scripting/monoscript/fileName/RegionListCell.cs: f6a1e00ce33d3dec4b7e2cfe425726c7 -> 
  custom:scripting/monoscript/fileName/PunSceneSettings.cs: 91ded15e638c075e189911af7f870d60 -> 
  custom:scripting/monoscript/fileName/ThirdPersonCharacter.cs: d37a384ef7557636dd0499ecb4e48640 -> 
  custom:scripting/monoscript/fileName/PlayerDetailsController.cs: 4a8b583bcd181f124e040cd407eab3b7 -> 
  custom:scripting/monoscript/fileName/PhotonRigidbody2DViewEditor.cs: 1bbd8586933ea3b91d286e3a03ef0b15 -> 
  custom:scripting/monoscript/fileName/Fusion.Unity.Editor.cs: b14e14e52edac49806a8f9d4187d9f4c -> 
  custom:scripting/monoscript/fileName/Fusion.Unity.cs: 2f52e767df9231dc9ad5c805bed98e70 -> 
  custom:scripting/monoscript/fileName/SlotLanes.cs: 97949fb7cbc49a87a0e9a949a270c39f -> 
  custom:scripting/monoscript/fileName/StatesGui.cs: 98e5143501c303d7d5973c718d302233 -> 
  custom:scripting/monoscript/fileName/SplineWalker.cs: 5be65352f0f07fbe7665dfb31e99644d -> 
  custom:scripting/monoscript/fileName/PingProperty.cs: 9f24d087d77c62d9ddcbab43ed4cd5fe -> 
  custom:scripting/monoscript/fileName/LoadLevelUIForm.cs: 6198023540609558b39b6b3a84524494 -> 
  custom:scripting/monoscript/fileName/MultiplayerManager.cs: 29415d0687c638629166b314004ee270 -> 
  custom:scripting/monoscript/fileName/BezierCurve.cs: 6855a37c0f6b23766e2a15354899a784 -> 
  custom:scripting/monoscript/fileName/Line.cs: 5e23c11e3450a3cc94ccc16c37b15685 -> 
  custom:scripting/monoscript/fileName/FusionStatsBillboard.cs: beff202fd2a83c3f993d781559426984 -> 
  custom:scripting/monoscript/fileName/SetRoomCustomPropertyUIForm.cs: 9f1b75809ed6e2f34b0b61446d287bd4 -> 
  custom:scripting/monoscript/fileName/RunnerAOIGizmos.cs: 8b1629a60417f80a3d501474e540ad3f -> 
  custom:scripting/monoscript/fileName/PointedAtGameObjectInfo.cs: 0f220a9d7e421f59db30fb04c90d6c0e -> 
  custom:scripting/monoscript/fileName/PhotonLagSimulationGui.cs: de60acfca25c9c245519382776ad2f82 -> 
  custom:scripting/monoscript/fileName/OnPointerOverTooltip.cs: b9abe1fce28033712ba423247874af86 -> 
  custom:scripting/monoscript/fileName/PhotonViewHandler.cs: 7c6c7799f7e9296388067c605d1dc27c -> 
  custom:scripting/monoscript/fileName/CullingHandler.cs: ff4506351c41ac4ce471635b6b12ceb3 -> 
  custom:scripting/monoscript/fileName/PlayerListView.cs: 60e6f2e41401ae176dea7b70bab3c390 -> 
  custom:scripting/monoscript/fileName/SplinePosition.cs: b39b2fa35faaacaf63f8929368e2e5de -> 
  custom:video-decoder-ogg-theora: a1e56fd34408186e4bbccfd4996cb3dc -> 
  custom:scripting/monoscript/fileName/PlayerNumbering.cs: ce6d1f08b3d2d23009596a69c08b221d -> 
  custom:scripting/monoscript/fileName/PunStartup.cs: 961ddc858b2c0426ca5019c7e78c4fbf -> 
  custom:scripting/monoscript/fileName/FusionStatsMeterBar.cs: d21101dd4c4710df60c667e63d577d83 -> 
  custom:scripting/monoscript/fileName/PhotonHandler.cs: 70e641dd7ce55eb351f633fc29fb5f7f -> 
  custom:scripting/monoscript/fileName/IntInputField.cs: 40c0ee81b04639c26264c222a1aaea0c -> 
  custom:scripting/monoscript/fileName/PhotonRigidbodyView.cs: f6b453c3dd57cf47fa35b8156daece9a -> 
  custom:scripting/monoscript/fileName/TextToggleIsOnTransition.cs: 326b9c727c304dd69fe51444f64a7721 -> 
  custom:scripting/monoscript/fileName/WorldGenerator.cs: dca0ae82b72e05480b823fc7043006c0 -> 
  custom:scripting/monoscript/fileName/LobbyTopPanel.cs: 830e03b228bff7a95bbb092a2d6b29d2 -> 
  custom:scripting/monoscript/fileName/PlayerOverviewPanel.cs: 515bb293728f907f134591646985b9ce -> 
  custom:scripting/monoscript/fileName/OnlineDocButton.cs: e8bceb35def1f2c21aeb107b10e7c020 -> 
  custom:scripting/monoscript/fileName/AsteroidsGameManager.cs: 12a51843b5b71df994a62f28231ff7ef -> 
  custom:scripting/monoscript/fileName/ServerSettings.cs: 8fa55e8857e3ebd201455fd70a9f157d -> 
  custom:scripting/monoscript/fileName/ServerSettingsInspector.cs: 95da0bc9ecca5735a6f497f524ce7e54 -> 
  custom:scripting/monoscript/fileName/AppVersionProperty.cs: a4b4daafa219f35ecce40e74ac804003 -> 
  custom:scripting/monoscript/fileName/ProceduralController.cs: 294ae00e975ca4fe85822d6f85fe658a -> 
  custom:scripting/monoscript/fileName/BackgroundTimeOutField.cs: 301f4bb8d6480b188021ecf99ba8be6c -> 
  custom:scripting/monoscript/fileName/UserIdField.cs: 889d45ebefa87613726b801d1e5e80c8 -> 
  custom:scripting/monoscript/fileName/GraphicToggleIsOnTransition.cs: 7e3768d2f1167a9a7dc7f801820c67a5 -> 
  custom:scripting/monoscript/fileName/ChatGui.cs: 83ccb577c346edd301c0a35e11693dfd -> 
  custom:scripting/monoscript/fileName/AccountService.cs: 80b748556379aab9364d8ef00499f1a9 -> 
  custom:scripting/monoscript/fileName/PhotonRigidbodyViewEditor.cs: ab7e34153fa9a3c646e0316fa6fc5600 -> 
  custom:scripting/monoscript/fileName/CrcCheckToggle.cs: a236d00910b93ad4ae792080fb07508e -> 
  custom:scripting/monoscript/fileName/FusionBootstrapDebugGUI.cs: 371b4228dd1f5808b5897e19c03d546a -> 
  custom:scripting/monoscript/fileName/Player.cs: b6aef835b43cb69bef999bd5136f7c21 -> 
  custom:scripting/monoscript/fileName/LoadbalancingPeer.cs: d9dd9ca955de7f0a553b219d39f29621 -> 
  custom:scripting/monoscript/fileName/FusionStatsObjectIds.cs: 43a79179a267263c08267aeebfb7eafd -> 
  custom:scripting/monoscript/fileName/PunCockpitEmbed.cs: 2240c92b97535c6672465e83f1e36036 -> 
  custom:scripting/monoscript/fileName/CurrentRoomIsOpenToggle.cs: 229c6038772c64902eb501df39020417 -> 
  custom:scripting/monoscript/fileName/PhotonStatsGui.cs: d8361e63c4cf02d1cc41570adb7e9d85 -> 
  custom:scripting/monoscript/fileName/PunSceneSettingsInspector.cs: da5c9fdcd684cd1c669e2f5c5f40d373 -> 
  custom:scripting/monoscript/fileName/CurrentRoomMaxPlayersProperty.cs: f8d2a9d7157be1b82e5db9695b63da90 -> 
  custom:scripting/monoscript/fileName/PhotonNetwork.cs: b0631ad5c9d567edbfc4fb2b742f00d0 -> 
  custom:scripting/monoscript/fileName/OnClickRpc.cs: a4c1c482691ed3f8764f3736c0d692ea -> 
  custom:scripting/monoscript/fileName/BezierSpline.cs: fdb9ccdef0d3985b914118aec7c411f2 -> 
  custom:scripting/monoscript/fileName/PhotonPing.cs: 3f140d1df899c474f22230f66cc59a41 -> 
  custom:scripting/monoscript/fileName/CurrentRoomIsVisibleToggle.cs: 47a99e70dc7fd5d059dfbf899c22bbdb -> 
  custom:scripting/monoscript/fileName/Fusion.CodeGen.cs: b9ff9c5a347ec7e6d58d9aa467d5ae96 -> 
  custom:scripting/monoscript/fileName/PhotonStreamQueue.cs: 5d5e55e8eb60f78e116626969ed0311e -> 
  custom:scripting/monoscript/fileName/WebRpcImplementationExample.cs: 7bff59c7defddf73a4ceae1090065bd1 -> 
  custom:container-muxer-webm: aa71ff27fc2769a1b78a27578f13a17b -> 
  custom:scripting/monoscript/fileName/InfosPanelPlaceholder.cs: fef54b122412d96995fae2ad440bb18b -> 
  custom:scripting/monoscript/fileName/NestedComponentUtilities.cs: 033fd91b849b48295ab920beaf62446d -> 
  custom:scripting/monoscript/fileName/PhotonEditorUtils.cs: 4456563b945cca498f5f71d9eb2059b9 -> 
  custom:scripting/monoscript/fileName/IPunCallbacks.cs: 81caf01d84a9fa08671565d87776010b -> 
  custom:scripting/monoscript/fileName/FriendInfo.cs: be836ba41ecfa4c9dca4b510bdfea5c8 -> 
  custom:scripting/monoscript/fileName/CountOfRoomsProperty.cs: c0688910145f665105cec6c6eaf4f03c -> 
  custom:scripting/monoscript/fileName/ServerProperty.cs: d53bc3d40dee4679a13aa7a9ff58706e -> 
  custom:scripting/monoscript/fileName/Bullet.cs: 77c411c50d821352e611a16c30f40226 -> 
  custom:scripting/monoscript/fileName/OnClickDestroy.cs: 84deb4bc685f090f86133752922a945d -> 
  custom:scripting/monoscript/fileName/PhotonView.cs: b2662a18b33c427e0ec2e5ab1a56c2b5 -> 
  custom:scripting/monoscript/fileName/LoadBalancingClient.cs: 632813597f9db7bc895b13321ba1b05b -> 
  custom:scripting/monoscript/fileName/PhotonTransformViewClassic.cs: b13582f7122692c3dc0b0b58565603b7 -> 
  custom:scripting/monoscript/fileName/CameraWork.cs: 7182be285ca897b882f7b04a97b5001a -> 
  custom:scripting/monoscript/fileName/GameVersionField.cs: e1aaf98c257ad1044f09a430176c1d25 -> 
  custom:scripting/monoscript/fileName/CurrentRoomPlayerCountProperty.cs: 2e3a71196f608331c351de9edf7166b4 -> 
  custom:video-codec-MediaFoundation-h265: 746d11721c4dcdbdad8f713fa42b33f4 -> 
  custom:scripting/monoscript/fileName/PhotonAnimatorView.cs: d7e478a730cbe0e6a3a4e1f87600646a -> 
  custom:scripting/monoscript/fileName/CloudRegionProperty.cs: a98a80d4740fc4627fa07cd0d1b937f1 -> 
  custom:scripting/monoscript/fileName/PhotonGUI.cs: a5571c3104cbd100c9135419869f9e73 -> 
  custom:scripting/monoscript/fileName/CurrentRoomPlayerTtlProperty.cs: 5737d382a26e8898e597b19ab06904c5 -> 
  custom:CustomObjectIndexerAttribute: 756ad292c208cfabdd7b50bc23989ffe -> 
  custom:container-demuxer-webm: 4f35f7cbe854078d1ac9338744f61a02 -> 
  custom:scripting/monoscript/fileName/Cluster.cs: 5ff22076c2cc06a01d1cc1c38d08f712 -> 
  custom:scripting/monoscript/fileName/BestRegionInPrefsProperty.cs: f81195994c87654890233836f627cd69 -> 
  custom:scripting/monoscript/fileName/RunnerVisibilityLink.cs: 6e4a2325960fce24f58edb6ee6b338d8 -> 
  custom:scripting/monoscript/fileName/Spaceship.cs: 77d86dcddcb47a6cc18163eb292fa20b -> 
  custom:scripting/monoscript/fileName/CullAreaEditor.cs: ac85e81dd9fb835b90f15d14c78d253a -> 
  custom:scripting/monoscript/fileName/LobbyMainPanel.cs: bee85956556c66d6096a3300e7923c77 -> 
  custom:scripting/monoscript/fileName/ChatParameterCode.cs: a0fd6a090c21b2fc7ca69a867e9c27c2 -> 
  custom:scripting/monoscript/fileName/LayoutElementMatchSize.cs: 325cd6d9cb44d01cc8cfa43a5413de8f -> 
  custom:scripting/monoscript/fileName/TextButtonTransition.cs: 72f2c4484a6dc921aacef6b387422aa7 -> 
  custom:scripting/monoscript/fileName/SupportLogger.cs: 6226925e792eee84b718aee3baaa82a7 -> 
  custom:scripting/monoscript/fileName/Asteroid.cs: 8382d1ead570177214081c1ec12affef -> 
  custom:scripting/monoscript/fileName/CurrentRoomExpectedUsersProperty.cs: 15c7823a1b55465c741092cad452b5e4 -> 
  custom:scripting/monoscript/fileName/BoolInputField.cs: 96b6c600bd0428819f492c767ecf8b5b -> 
========================================================================
Received Prepare
Begin MonoManager ReloadAssembly
C:\build\output\Unity-Technologies\mono\mono\metadata\icall.c:1842:
C:\build\output\Unity-Technologies\mono\mono\metadata\icall.c:1842:
C:\build\output\Unity-Technologies\mono\mono\metadata\icall.c:1842:
C:\build\output\Unity-Technologies\mono\mono\metadata\icall.c:1842:
C:\build\output\Unity-Technologies\mono\mono\metadata\icall.c:1842:
C:\build\output\Unity-Technologies\mono\mono\metadata\icall.c:1842:
C:\build\output\Unity-Technologies\mono\mono\metadata\icall.c:1842:
C:\build\output\Unity-Technologies\mono\mono\metadata\icall.c:1842:
C:\build\output\Unity-Technologies\mono\mono\metadata\icall.c:1842:
C:\build\output\Unity-Technologies\mono\mono\metadata\icall.c:1842:
C:\build\output\Unity-Technologies\mono\mono\metadata\icall.c:1842:
C:\build\output\Unity-Technologies\mono\mono\metadata\icall.c:1842:
Symbol file LoadedFromMemory doesn't match image C:\Users\tudor\OneDrive\Imagini\Documente\GitHub\Anarchy chess\Library\PackageCache\com.unity.visualscripting@1.8.0\Editor\VisualScripting.Core\Dependencies\YamlDotNet\Unity.VisualScripting.YamlDotNet.dll
Symbol file LoadedFromMemory doesn't match image C:\Users\tudor\OneDrive\Imagini\Documente\GitHub\Anarchy chess\Library\PackageCache\com.unity.visualscripting@1.8.0\Editor\VisualScripting.Core\Dependencies\DotNetZip\Unity.VisualScripting.IonicZip.dll
- Loaded All Assemblies, in  0.603 seconds
Refreshing native plugins compatible for Editor in 5.97 ms, found 4 plugins.
Native extension for Android target not found
Native extension for WindowsStandalone target not found
Mono: successfully reloaded assembly
- Finished resetting the current domain, in  0.756 seconds
Domain Reload Profiling: 1356ms
	BeginReloadAssembly (147ms)
		ExecutionOrderSort (0ms)
		DisableScriptedObjects (11ms)
		BackupInstance (0ms)
		ReleaseScriptingObjects (0ms)
		CreateAndSetChildDomain (32ms)
	RebuildCommonClasses (27ms)
	RebuildNativeTypeToScriptingClass (9ms)
	initialDomainReloadingComplete (21ms)
	LoadAllAssembliesAndSetupDomain (395ms)
		LoadAssemblies (251ms)
		RebuildTransferFunctionScriptingTraits (0ms)
		AnalyzeDomain (216ms)
			TypeCache.Refresh (212ms)
				TypeCache.ScanAssembly (205ms)
			ScanForSourceGeneratedMonoScriptInfo (0ms)
			ResolveRequiredComponents (4ms)
	FinalizeReload (756ms)
		ReleaseScriptCaches (0ms)
		RebuildScriptCaches (0ms)
		SetupLoadedEditorAssemblies (332ms)
			LogAssemblyErrors (0ms)
			InitializePlatformSupportModulesInManaged (17ms)
			SetLoadedEditorAssemblies (2ms)
			BeforeProcessingInitializeOnLoad (61ms)
			ProcessInitializeOnLoadAttributes (221ms)
			ProcessInitializeOnLoadMethodAttributes (26ms)
			AfterProcessingInitializeOnLoad (4ms)
			EditorAssembliesLoaded (0ms)
		ExecutionOrderSort2 (0ms)
		AwakeInstancesAfterBackupRestoration (7ms)
Refreshing native plugins compatible for Editor in 3.85 ms, found 4 plugins.
Preloading 0 native plugins for Editor in 0.00 ms.
Unloading 4278 Unused Serialized files (Serialized files now loaded: 0)
Unloading 38 unused Assets / (37.6 KB). Loaded Objects now: 4905.
Memory consumption went from 188.5 MB to 188.5 MB.
Total: 3.426200 ms (FindLiveObjects: 0.243100 ms CreateObjectMapping: 0.152700 ms MarkObjects: 2.975900 ms  DeleteObjects: 0.053800 ms)

Prepare: number of updated asset objects reloaded= 0
AssetImportParameters requested are different than current active one (requested -> active):
  custom:scripting/monoscript/fileName/CountdownTimer.cs: 29151b8b1909dcb5f8770e606e1b626a -> 
  custom:scripting/monoscript/fileName/NickNameField.cs: 4566439151a528588c6e77fbea15ef25 -> 
  custom:scripting/monoscript/fileName/ConnectionHandler.cs: 33c1e29051dc60b1fb7e8675cafa9a54 -> 
  custom:scripting/monoscript/fileName/NetworkProjectConfigImporterEditor.cs: 0b9c7f8db96d38ff89dc9f2e19e80a40 -> 
  custom:scripting/monoscript/fileName/StringInputField.cs: 766f94c288e6bb2cfcd18d60914c0461 -> 
  custom:scripting/monoscript/fileName/PhotonTransformViewClassicEditor.cs: 174be401c238aa6e741f961399731929 -> 
  custom:scripting/monoscript/fileName/Fusion.CodeGen.User.cs: 7518413c31be8fc7fe79dd8f5b20fa0c -> 
  custom:scripting/monoscript/fileName/SmoothSyncMovement.cs: 31ee6a992a574c4e665f73e48482d3fc -> 
  custom:scripting/monoscript/fileName/PlayerListCell.cs: 76799f985e8a3951e5d132618c3350d8 -> 
  custom:scripting/monoscript/fileName/NetworkCharacterController.cs: 0d9ab4a1b508efe718225ceffebd8e54 -> 
  custom:scripting/monoscript/fileName/ConnectAndJoinRandomLb.cs: 9dd47be72f766f78cbbffce9f8575ef1 -> 
  custom:scripting/monoscript/fileName/RoomInfo.cs: 86776ad49e4deb535029b369c45e7f36 -> 
  custom:scripting/monoscript/fileName/ServerAddressProperty.cs: 284ddbe40a77584c9c8835a0d4d63859 -> 
  custom:video-decoder-webm-vp8: 9c59270c3fd7afecdb556c50c9e8de78 -> 
  custom:scripting/monoscript/fileName/SlotRacerSplashScreen.cs: 76e2c64393d61c31f26e20612278ec67 -> 
  custom:scripting/monoscript/fileName/ChannelCreationOptions.cs: 4231621e658bee43f79b42f64c894f83 -> 
  custom:scripting/monoscript/fileName/SystemConnectionSummary.cs: bf5673a8df4878a9885c94fd51dd3397 -> 
  custom:scripting/monoscript/fileName/RunnerLagCompensationGizmos.cs: f7028307a5d8b8de388a40efb20302af -> 
  custom:SearchIndexIgnoredProperties: e643bd26f0fe6173181afceb89e7c659 -> 
  custom:scripting/monoscript/fileName/DocLinks.cs: 22fc6e62d47c65fdd35bd32f57891e69 -> 
  custom:scripting/monoscript/fileName/FriendListView.cs: 04c66340ac95991cba62207cfc3f8015 -> 
  custom:scripting/monoscript/fileName/RunnerEnableVisibility.cs: e1b57f1bd6fcbd3137975404af4bcf85 -> 
  custom:scripting/monoscript/fileName/OnClickInstantiate.cs: 3929e8581c0458b4fa6c3ecec790414e -> 
  custom:scripting/monoscript/fileName/PlayerNumberingInspector.cs: e277bf463a09eaa6bcf2868a0f243e5c -> 
  custom:scripting/monoscript/fileName/NetworkProjectConfigImporter.cs: a2caae9d85fed596662aa6841efc1b3e -> 
  custom:scripting/monoscript/fileName/IChatClientListener.cs: e6ec1b8d09bf11f3791c0bd18ae45880 -> 
  custom:audio-encoder-webm-vorbis: bf7c407c2cedff20999df2af8eb42d56 -> 
  custom:scripting/monoscript/fileName/FusionEditorSkin.cs: c6dee1ba664a2a78ce51705f2322e50c -> 
  custom:scripting/monoscript/fileName/PunClasses.cs: d6a17dc119cdc0b4a5b92f4135a56268 -> 
  custom:scripting/monoscript/fileName/ScoreHelper.cs: 7e2091fcb90bdab85f4be0c18d586eba -> 
  custom:scripting/monoscript/fileName/FusionStatsGraph.cs: 7021e2a0a0c25bbb5696ad6d6108403d -> 
  custom:scripting/monoscript/fileName/IsConnectedAndReadyProperty.cs: af06b6e7ee3f25798787bf32cafcb247 -> 
  custom:scripting/monoscript/fileName/OnEscapeQuit.cs: be21f25ae17e13db5ee6619d0c4d06e1 -> 
  custom:scripting/monoscript/fileName/FusionRunnerVisibilityControlsWindow.cs: 503e55d51d5bac9ff9db7e3128ab6896 -> 
  custom:scripting/monoscript/fileName/OnJoinedInstantiate.cs: e6fcd481d2d6dd67f5b18fb26017d8ba -> 
  custom:scripting/monoscript/fileName/IgnoreUiRaycastWhenInactive.cs: 64ae0ba0567ac5043ee479695fe7bd2b -> 
  custom:scripting/monoscript/fileName/PlayerListEntry.cs: 3811c0a731ead3815771e470aaca8954 -> 
  custom:scripting/monoscript/fileName/ChatUserStatus.cs: 70a3ef1ac77c9464b5af9f3f7bba93e1 -> 
  custom:scripting/monoscript/fileName/CurrentRoomEmptyRoomTtlProperty.cs: ba459c40e550063227b6dbef6f2e12d7 -> 
  custom:scripting/monoscript/fileName/FusionAddressablePrefabsPreloader.cs: 609c7194fc18608a6ba4972670be253b -> 
  custom:scripting/monoscript/fileName/MonoBehaviourPunEditor.cs: a420633076e18e6ded9ee7ff41e5161d -> 
  custom:scripting/monoscript/fileName/IngameControlPanel.cs: e8e78297d18e08fd0d6ef99a75e376c2 -> 
  custom:scripting/monoscript/fileName/CustomTypes.cs: 32fb10f0e1ae6f1f4c5b8deb3c8e83c3 -> 
  custom:scripting/monoscript/fileName/PlayerManager.cs: 5b0494b39b9a262c0ad29b1931262023 -> 
  custom:scripting/monoscript/fileName/CurrentRoomIsOpenProperty.cs: 401af34d1219dc5c3b2d226ce3b12b08 -> 
  custom:scripting/monoscript/fileName/RegionListView.cs: d1509ce3c1dcf26ebb758f8eb59e1c54 -> 
  custom:scripting/monoscript/fileName/ConnectToRegionUIForm.cs: 662fbbb8f06b04129a615111e69dec89 -> 
  custom:scripting/monoscript/fileName/SendRateOnSerializeField.cs: 8559ed016d3004cf7fa75b6b51babcf0 -> 
  custom:scripting/monoscript/fileName/Block.cs: 4912a9664024ee7276656eb28373609a -> 
  custom:scripting/monoscript/fileName/RunnerVisibilityLinksRoot.cs: 64f229c02655e4ab1b3ad93c7368ccfe -> 
  custom:scripting/monoscript/fileName/WebRpc.cs: ee2bfdfdd166ac7a426061037e23ee8f -> 
  custom:scripting/monoscript/fileName/BezierSplineInspector.cs: 64d312faa4ce8272425b85e56f7f3f74 -> 
  custom:scripting/monoscript/fileName/IPhotonViewCallbacks.cs: 6b192d91218207b95c2b171719310343 -> 
  custom:scripting/monoscript/fileName/Launcher.cs: 6d0f0651107e8b978d50eb5d8ca63cd3 -> 
  custom:scripting/monoscript/fileName/PropertyCell.cs: caa15b0e3299de64e13d6f1d4cf295aa -> 
  custom:scripting/monoscript/fileName/PunTurnManager.cs: c24499e0acfb9782133d39c092b0366b -> 
  custom:scripting/monoscript/fileName/CurrentRoomIsVisibleProperty.cs: be95d33e9289a548289bfd3ab9507d59 -> 
  custom:scripting/monoscript/fileName/ChatChannel.cs: 052e931f7bf91536d9bda80d682b6368 -> 
  custom:scripting/monoscript/fileName/BezierCurveInspector.cs: cd033eb785ec71c240751fc164fcbff1 -> 
  custom:scripting/monoscript/fileName/AppSettings.cs: d20c247df910115cd4c5ae83482475ef -> 
  custom:scripting/monoscript/fileName/PhotonAnimatorViewEditor.cs: fd89a9c520118567d7b47e39070bcd39 -> 
  custom:scripting/monoscript/fileName/PhotonViewInspector.cs: da72c707197b3a14a9e4fc031131a7bc -> 
  custom:scripting/monoscript/fileName/CurrentRoomPropertiesListedInLobbyProperty.cs: c8880d240fca5295b2028661629631dc -> 
  custom:scripting/monoscript/fileName/ThirdPersonUserControl.cs: 1e36b4529ca7c2f8667ed6449c3722b9 -> 
  custom:scripting/monoscript/fileName/CurrentRoomIsOfflineProperty.cs: a3b570f54686008ce7d1ddf281dfdde2 -> 
  custom:scripting/monoscript/fileName/PlayerControl.cs: 6df8b26511518ec75eac4160d12ac3bc -> 
  custom:scripting/monoscript/fileName/LineInspector.cs: b46fbdbe979ee95575b26620e8af2791 -> 
  custom:scripting/monoscript/fileName/PhotonNetworkPart.cs: 28ef43a4727cd01eb0456d4c51a096be -> 
  custom:scripting/monoscript/fileName/CustomTypesUnity.cs: 013c37589fb09e7f77b2d495dfa13043 -> 
  custom:scripting/monoscript/fileName/ChannelWellKnownProperties.cs: 7e2dabda8907dc60fb63ae9c28cb0b10 -> 
  custom:scripting/monoscript/fileName/ToggleExpand.cs: 8df2d7619ad2c56cf93b2f0cedc9c9a4 -> 
  custom:scripting/monoscript/fileName/EventSystemSpawner.cs: c525f40330ddc66d7e7f5297346da241 -> 
  custom:scripting/monoscript/fileName/PlayerNameInputField.cs: 27839abf4289ab34aa2cc2967033966d -> 
  custom:scripting/monoscript/fileName/IsConnectedProperty.cs: 981ecf71603e1baa6ce21b0fd1acc020 -> 
  custom:scripting/monoscript/fileName/PlayerAnimatorManager.cs: a7d34eb870b3ee44c83d5db31316a095 -> 
  custom:scripting/monoscript/fileName/MoveByKeys.cs: 0be06a6581575752c58847799d9932e6 -> 
  custom:scripting/monoscript/fileName/FriendListCell.cs: 8dfedb1e000853780b714ad0651f22a9 -> 
  custom:scripting/monoscript/fileName/PhotonTeamsManager.cs: ed14ceec94e7d1247f794ca4f7f3aa2e -> 
  custom:scripting/monoscript/fileName/ChatOperationCode.cs: dac444e0d5bbc5c837c33663c8b2cefb -> 
  custom:AudioImporter_EditorPlatform: d09bf68614088b80899f8185d706f6e7 -> 
  custom:scripting/monoscript/fileName/ChatEventCode.cs: 764a52cdc3a575d4587f1a0939ee2b6d -> 
  custom:scripting/monoscript/fileName/PhotonTransformViewEditor.cs: d59344a8429d1e1c91f78e42f728790a -> 
  custom:scripting/monoscript/fileName/DocLinkButton.cs: 551275f4066ad419ab79864501010643 -> 
  custom:scripting/monoscript/fileName/Room.cs: f509531380bf8f44be3c84421df8f27b -> 
  custom:scripting/monoscript/fileName/AsteroidsGame.cs: 39019f3fa92643372bcb4670a7434593 -> 
  custom:scripting/monoscript/fileName/LoaderAnime.cs: 95ab941fc8d4427c4fa6c07cf9af1057 -> 
  custom:scripting/monoscript/fileName/ButtonInsideScrollList.cs: 663db374c5f487d95198d2dce6dd1ce7 -> 
  custom:scripting/monoscript/fileName/ReorderableListResources.cs: a21396365aa80586d6fe0c3f093e8e8a -> 12f8cf94345b17bd1a3aef7c3b5bd157
  custom:scripting/monoscript/fileName/SendRateField.cs: 5786bd6806651c5e23c7d4a511e3dfaa -> 
  custom:scripting/monoscript/fileName/PhotonTeamsManagerInspector.cs: 55bea48a55e757c56d53ded3ae32c48e -> 
  custom:audio-decoder-ogg-vorbis: bf7c407c2cedff20999df2af8eb42d56 -> 
  custom:scripting/monoscript/fileName/UserIdUiForm.cs: 0a1836b26b3227dc4bf5c907f6dcc697 -> 
  custom:scripting/monoscript/fileName/ChatAppSettings.cs: db433ce9dc535a56c6c28a3183328622 -> 
  custom:scripting/monoscript/fileName/NetworkSceneManagerDefault.cs: 871a1346f3625e42e5be83f620052e51 -> 
  custom:scripting/monoscript/fileName/PropertyListenerBase.cs: f9338b1da94c09d1d4dc5b01f854e0e3 -> 
  custom:scripting/monoscript/fileName/FriendItem.cs: 7041a5cee458fd755b4167724bf865d2 -> 
  custom:scripting/monoscript/fileName/ChannelSelector.cs: 787aa32b539868663942ded37c6d24ef -> 
  custom:scripting/monoscript/fileName/RegionHandler.cs: 6de377e0adf86218af15234cc2039610 -> 
  custom:scripting/monoscript/fileName/ChatAppIdCheckerUI.cs: 1bb8fafd3e2c10dfddf187c423c0f4b8 -> 
  custom:scripting/monoscript/fileName/CullArea.cs: 75f7e0f84478d7778555f1e1e66d50b7 -> 
  custom:scripting/monoscript/fileName/CountOfPlayersOnMasterProperty.cs: aa74237d4beb81bd33ceee77917bae47 -> 
  custom:scripting/monoscript/fileName/GameManager.cs: 56bc6cc643bcbf5a5a0d63cbd09e7487 -> 9933fbcc6190e2a9171c2ec8808a053e
  custom:scripting/monoscript/fileName/CurrentRoomAutoCleanupProperty.cs: a92fec09d98c752e495341af83135d64 -> 
  custom:scripting/monoscript/fileName/ChatPeer.cs: ab4cb6a09b2bd7026434274768d75701 -> 
  custom:scripting/monoscript/fileName/DemoHubManager.cs: 0dd9c19f14946313f8d78bca90723987 -> 
  custom:scripting/monoscript/fileName/CreateRoomUiForm.cs: bf1ce360a976c4439345f8064d17d3ad -> 
  custom:scripting/monoscript/fileName/NamePickGui.cs: 2c5392a37dc177dc65a116f98af1080e -> 
  custom:scripting/monoscript/fileName/TabViewManager.cs: a7d06552ed611c43e44fb3fef2b558f5 -> 
  custom:scripting/monoscript/fileName/PlayerUI.cs: 4d64fa5e9e8828968d6cc191a132718d -> 
  custom:scripting/monoscript/fileName/EnableOnSingleRunner.cs: 9976ce768e23cc0678b095d30598d8cd -> 
  custom:scripting/monoscript/fileName/PunCockpit.cs: 534cb157a89724d3ca07a36bb2005880 -> 
  custom:scripting/monoscript/fileName/RoomListCell.cs: 8d1543bdc9816b8a578d6cd2eebe48be -> 
  custom:scripting/monoscript/fileName/CurrentRoomNameProperty.cs: 72010acf97fe1f3e9ff0b8c322c93e83 -> 
  custom:scripting/monoscript/fileName/NetworkObjectProviderDefault.cs: 0eb113b3784be4de9cc2f3cdcdf5e36c -> 
  custom:scripting/monoscript/fileName/PunPlayerScores.cs: eee61e21995464ded106b44bf2f6edd4 -> 
  custom:scripting/monoscript/fileName/PunTeamsInspector.cs: 4df913dbc11ac67364301ce3915ea909 -> 
  custom:scripting/monoscript/fileName/Extensions.cs: 3f8618856b92f72822431fd67127e289 -> 
  custom:scripting/monoscript/fileName/AutoSyncSceneToggle.cs: f5a0c8cb6428054959052eda2623401a -> 
  custom:scripting/monoscript/fileName/ToDemoHubButton.cs: 76a2afa2c645f73081ead15c9512dae8 -> 
  custom:scripting/monoscript/fileName/CountOfPlayersInRoomProperty.cs: 22a26994633102695250e14533d8bd88 -> 
  custom:scripting/monoscript/fileName/AppSettingsExtensions.cs: 7eb3b190282e171c2845b1d8ee71ed5c -> 
  custom:scripting/monoscript/fileName/Region.cs: a0331a07d2a132f6cd24585218741838 -> 
  custom:scripting/monoscript/fileName/Bezier.cs: b8534c761c3f32134ac0822189e167cc -> 
  custom:scripting/monoscript/fileName/PhotonEditor.cs: 9beee3a7ca2bc764b51880f31127a0ea -> 
  custom:scripting/monoscript/fileName/CountOfPlayersProperty.cs: 92593170cc4984fa211f8cfbd69ac9a3 -> 
  custom:scripting/monoscript/fileName/OnStartDelete.cs: ca7ff388213f651af9d8be5d8844a8f4 -> 
  custom:video-encoder-webm-vp8: eb34c28f22e8b96e1ab97ce403110664 -> 
  custom:scripting/monoscript/fileName/ChatClient.cs: d3eb880194f03abd869e259e1e9fd5f0 -> 
  custom:scripting/monoscript/fileName/PhotonRigidbody2DView.cs: cfabe07ff5658dc80bf23a32c3f3d3ea -> 
  custom:scripting/monoscript/fileName/RoomListView.cs: 2b7207d3ddc2539dd2b806ed485e033b -> 
  custom:scripting/monoscript/fileName/OfflineModeProperty.cs: 142619a08af07c654a2536f2386c9c6c -> 
  custom:container-demuxer-ogg: 62fdf1f143b41e24485cea50d1cbac27 -> 
  custom:scripting/monoscript/fileName/Noise.cs: dc35aa19dae9f4b9d9d351205aaba1c6 -> 
  custom:scripting/monoscript/fileName/GameVersionProperty.cs: 212cdb5858947bda9a55c4e8f58ef2c6 -> 
  custom:framework-win-MediaFoundation: 216162199b28c13a410421893ffa2e32 -> 
  custom:scripting/monoscript/fileName/ConnectAndJoinRandom.cs: 00d6f17fa442bd592f9dfb4622a40a5d -> 
  custom:scripting/monoscript/fileName/PhotonTransformView.cs: ea668b9d3ca2e512312f4d0840810b14 -> 
  custom:scripting/monoscript/fileName/FusionBootstrap.cs: ce6761b6f61ee75dccdb3d85fc55a691 -> 
  custom:scripting/monoscript/fileName/RoomListEntry.cs: c7ba9dd428a6b8b410fe51075bfba1e1 -> 
  custom:scripting/monoscript/fileName/CurrentRoomMasterClientIdProperty.cs: 8a7f2b18c7369cf86e69820d5f0602fe -> 
  custom:scripting/monoscript/fileName/PunTeams.cs: 97cdf6951e96c2643337cf5fb8f69c0b -> 
  custom:scripting/monoscript/fileName/RegionListCell.cs: f6a1e00ce33d3dec4b7e2cfe425726c7 -> 
  custom:scripting/monoscript/fileName/PunSceneSettings.cs: 91ded15e638c075e189911af7f870d60 -> 
  custom:scripting/monoscript/fileName/ThirdPersonCharacter.cs: d37a384ef7557636dd0499ecb4e48640 -> 
  custom:scripting/monoscript/fileName/PlayerDetailsController.cs: 4a8b583bcd181f124e040cd407eab3b7 -> 
  custom:scripting/monoscript/fileName/PhotonRigidbody2DViewEditor.cs: 1bbd8586933ea3b91d286e3a03ef0b15 -> 
  custom:scripting/monoscript/fileName/Fusion.Unity.Editor.cs: b14e14e52edac49806a8f9d4187d9f4c -> 
  custom:scripting/monoscript/fileName/Fusion.Unity.cs: 2f52e767df9231dc9ad5c805bed98e70 -> 
  custom:scripting/monoscript/fileName/SlotLanes.cs: 97949fb7cbc49a87a0e9a949a270c39f -> 
  custom:scripting/monoscript/fileName/StatesGui.cs: 98e5143501c303d7d5973c718d302233 -> 
  custom:scripting/monoscript/fileName/SplineWalker.cs: 5be65352f0f07fbe7665dfb31e99644d -> 
  custom:scripting/monoscript/fileName/PingProperty.cs: 9f24d087d77c62d9ddcbab43ed4cd5fe -> 
  custom:scripting/monoscript/fileName/LoadLevelUIForm.cs: 6198023540609558b39b6b3a84524494 -> 
  custom:scripting/monoscript/fileName/MultiplayerManager.cs: 29415d0687c638629166b314004ee270 -> 
  custom:scripting/monoscript/fileName/BezierCurve.cs: 6855a37c0f6b23766e2a15354899a784 -> 
  custom:scripting/monoscript/fileName/Line.cs: 5e23c11e3450a3cc94ccc16c37b15685 -> 
  custom:scripting/monoscript/fileName/FusionStatsBillboard.cs: beff202fd2a83c3f993d781559426984 -> 
  custom:scripting/monoscript/fileName/SetRoomCustomPropertyUIForm.cs: 9f1b75809ed6e2f34b0b61446d287bd4 -> 
  custom:scripting/monoscript/fileName/RunnerAOIGizmos.cs: 8b1629a60417f80a3d501474e540ad3f -> 
  custom:scripting/monoscript/fileName/PointedAtGameObjectInfo.cs: 0f220a9d7e421f59db30fb04c90d6c0e -> 
  custom:scripting/monoscript/fileName/PhotonLagSimulationGui.cs: de60acfca25c9c245519382776ad2f82 -> 
  custom:scripting/monoscript/fileName/OnPointerOverTooltip.cs: b9abe1fce28033712ba423247874af86 -> 
  custom:scripting/monoscript/fileName/PhotonViewHandler.cs: 7c6c7799f7e9296388067c605d1dc27c -> 
  custom:scripting/monoscript/fileName/CullingHandler.cs: ff4506351c41ac4ce471635b6b12ceb3 -> 
  custom:scripting/monoscript/fileName/PlayerListView.cs: 60e6f2e41401ae176dea7b70bab3c390 -> 
  custom:scripting/monoscript/fileName/SplinePosition.cs: b39b2fa35faaacaf63f8929368e2e5de -> 
  custom:video-decoder-ogg-theora: a1e56fd34408186e4bbccfd4996cb3dc -> 
  custom:scripting/monoscript/fileName/PlayerNumbering.cs: ce6d1f08b3d2d23009596a69c08b221d -> 
  custom:scripting/monoscript/fileName/PunStartup.cs: 961ddc858b2c0426ca5019c7e78c4fbf -> 
  custom:scripting/monoscript/fileName/FusionStatsMeterBar.cs: d21101dd4c4710df60c667e63d577d83 -> 
  custom:scripting/monoscript/fileName/PhotonHandler.cs: 70e641dd7ce55eb351f633fc29fb5f7f -> 
  custom:scripting/monoscript/fileName/IntInputField.cs: 40c0ee81b04639c26264c222a1aaea0c -> 
  custom:scripting/monoscript/fileName/PhotonRigidbodyView.cs: f6b453c3dd57cf47fa35b8156daece9a -> 
  custom:scripting/monoscript/fileName/TextToggleIsOnTransition.cs: 326b9c727c304dd69fe51444f64a7721 -> 
  custom:scripting/monoscript/fileName/WorldGenerator.cs: dca0ae82b72e05480b823fc7043006c0 -> 
  custom:scripting/monoscript/fileName/LobbyTopPanel.cs: 830e03b228bff7a95bbb092a2d6b29d2 -> 
  custom:scripting/monoscript/fileName/PlayerOverviewPanel.cs: 515bb293728f907f134591646985b9ce -> 
  custom:scripting/monoscript/fileName/OnlineDocButton.cs: e8bceb35def1f2c21aeb107b10e7c020 -> 
  custom:scripting/monoscript/fileName/AsteroidsGameManager.cs: 12a51843b5b71df994a62f28231ff7ef -> 
  custom:scripting/monoscript/fileName/ServerSettings.cs: 8fa55e8857e3ebd201455fd70a9f157d -> 
  custom:scripting/monoscript/fileName/ServerSettingsInspector.cs: 95da0bc9ecca5735a6f497f524ce7e54 -> 
  custom:scripting/monoscript/fileName/AppVersionProperty.cs: a4b4daafa219f35ecce40e74ac804003 -> 
  custom:scripting/monoscript/fileName/ProceduralController.cs: 294ae00e975ca4fe85822d6f85fe658a -> 
  custom:scripting/monoscript/fileName/BackgroundTimeOutField.cs: 301f4bb8d6480b188021ecf99ba8be6c -> 
  custom:scripting/monoscript/fileName/UserIdField.cs: 889d45ebefa87613726b801d1e5e80c8 -> 
  custom:scripting/monoscript/fileName/GraphicToggleIsOnTransition.cs: 7e3768d2f1167a9a7dc7f801820c67a5 -> 
  custom:scripting/monoscript/fileName/ChatGui.cs: 83ccb577c346edd301c0a35e11693dfd -> 
  custom:scripting/monoscript/fileName/AccountService.cs: 80b748556379aab9364d8ef00499f1a9 -> 
  custom:scripting/monoscript/fileName/PhotonRigidbodyViewEditor.cs: ab7e34153fa9a3c646e0316fa6fc5600 -> 
  custom:scripting/monoscript/fileName/CrcCheckToggle.cs: a236d00910b93ad4ae792080fb07508e -> 
  custom:scripting/monoscript/fileName/FusionBootstrapDebugGUI.cs: 371b4228dd1f5808b5897e19c03d546a -> 
  custom:scripting/monoscript/fileName/Player.cs: b6aef835b43cb69bef999bd5136f7c21 -> 
  custom:scripting/monoscript/fileName/LoadbalancingPeer.cs: d9dd9ca955de7f0a553b219d39f29621 -> 
  custom:scripting/monoscript/fileName/FusionStatsObjectIds.cs: 43a79179a267263c08267aeebfb7eafd -> 
  custom:scripting/monoscript/fileName/PunCockpitEmbed.cs: 2240c92b97535c6672465e83f1e36036 -> 
  custom:scripting/monoscript/fileName/CurrentRoomIsOpenToggle.cs: 229c6038772c64902eb501df39020417 -> 
  custom:scripting/monoscript/fileName/PhotonStatsGui.cs: d8361e63c4cf02d1cc41570adb7e9d85 -> 
  custom:scripting/monoscript/fileName/PunSceneSettingsInspector.cs: da5c9fdcd684cd1c669e2f5c5f40d373 -> 
  custom:scripting/monoscript/fileName/CurrentRoomMaxPlayersProperty.cs: f8d2a9d7157be1b82e5db9695b63da90 -> 
  custom:scripting/monoscript/fileName/PhotonNetwork.cs: b0631ad5c9d567edbfc4fb2b742f00d0 -> 
  custom:scripting/monoscript/fileName/OnClickRpc.cs: a4c1c482691ed3f8764f3736c0d692ea -> 
  custom:scripting/monoscript/fileName/BezierSpline.cs: fdb9ccdef0d3985b914118aec7c411f2 -> 
  custom:scripting/monoscript/fileName/PhotonPing.cs: 3f140d1df899c474f22230f66cc59a41 -> 
  custom:scripting/monoscript/fileName/CurrentRoomIsVisibleToggle.cs: 47a99e70dc7fd5d059dfbf899c22bbdb -> 
  custom:scripting/monoscript/fileName/Fusion.CodeGen.cs: b9ff9c5a347ec7e6d58d9aa467d5ae96 -> 
  custom:scripting/monoscript/fileName/PhotonStreamQueue.cs: 5d5e55e8eb60f78e116626969ed0311e -> 
  custom:scripting/monoscript/fileName/WebRpcImplementationExample.cs: 7bff59c7defddf73a4ceae1090065bd1 -> 
  custom:container-muxer-webm: aa71ff27fc2769a1b78a27578f13a17b -> 
  custom:scripting/monoscript/fileName/InfosPanelPlaceholder.cs: fef54b122412d96995fae2ad440bb18b -> 
  custom:scripting/monoscript/fileName/NestedComponentUtilities.cs: 033fd91b849b48295ab920beaf62446d -> 
  custom:scripting/monoscript/fileName/PhotonEditorUtils.cs: 4456563b945cca498f5f71d9eb2059b9 -> 
  custom:scripting/monoscript/fileName/IPunCallbacks.cs: 81caf01d84a9fa08671565d87776010b -> 
  custom:scripting/monoscript/fileName/FriendInfo.cs: be836ba41ecfa4c9dca4b510bdfea5c8 -> 
  custom:scripting/monoscript/fileName/CountOfRoomsProperty.cs: c0688910145f665105cec6c6eaf4f03c -> 
  custom:scripting/monoscript/fileName/ServerProperty.cs: d53bc3d40dee4679a13aa7a9ff58706e -> 
  custom:scripting/monoscript/fileName/Bullet.cs: 77c411c50d821352e611a16c30f40226 -> 
  custom:scripting/monoscript/fileName/OnClickDestroy.cs: 84deb4bc685f090f86133752922a945d -> 
  custom:scripting/monoscript/fileName/PhotonView.cs: b2662a18b33c427e0ec2e5ab1a56c2b5 -> 
  custom:scripting/monoscript/fileName/LoadBalancingClient.cs: 632813597f9db7bc895b13321ba1b05b -> 
  custom:scripting/monoscript/fileName/PhotonTransformViewClassic.cs: b13582f7122692c3dc0b0b58565603b7 -> 
  custom:scripting/monoscript/fileName/CameraWork.cs: 7182be285ca897b882f7b04a97b5001a -> 
  custom:scripting/monoscript/fileName/GameVersionField.cs: e1aaf98c257ad1044f09a430176c1d25 -> 
  custom:scripting/monoscript/fileName/CurrentRoomPlayerCountProperty.cs: 2e3a71196f608331c351de9edf7166b4 -> 
  custom:video-codec-MediaFoundation-h265: 746d11721c4dcdbdad8f713fa42b33f4 -> 
  custom:scripting/monoscript/fileName/PhotonAnimatorView.cs: d7e478a730cbe0e6a3a4e1f87600646a -> 
  custom:scripting/monoscript/fileName/CloudRegionProperty.cs: a98a80d4740fc4627fa07cd0d1b937f1 -> 
  custom:scripting/monoscript/fileName/PhotonGUI.cs: a5571c3104cbd100c9135419869f9e73 -> 
  custom:scripting/monoscript/fileName/CurrentRoomPlayerTtlProperty.cs: 5737d382a26e8898e597b19ab06904c5 -> 
  custom:CustomObjectIndexerAttribute: 756ad292c208cfabdd7b50bc23989ffe -> 
  custom:container-demuxer-webm: 4f35f7cbe854078d1ac9338744f61a02 -> 
  custom:scripting/monoscript/fileName/Cluster.cs: 5ff22076c2cc06a01d1cc1c38d08f712 -> 
  custom:scripting/monoscript/fileName/BestRegionInPrefsProperty.cs: f81195994c87654890233836f627cd69 -> 
  custom:scripting/monoscript/fileName/RunnerVisibilityLink.cs: 6e4a2325960fce24f58edb6ee6b338d8 -> 
  custom:scripting/monoscript/fileName/Spaceship.cs: 77d86dcddcb47a6cc18163eb292fa20b -> 
  custom:scripting/monoscript/fileName/CullAreaEditor.cs: ac85e81dd9fb835b90f15d14c78d253a -> 
  custom:scripting/monoscript/fileName/LobbyMainPanel.cs: bee85956556c66d6096a3300e7923c77 -> 
  custom:scripting/monoscript/fileName/ChatParameterCode.cs: a0fd6a090c21b2fc7ca69a867e9c27c2 -> 
  custom:scripting/monoscript/fileName/LayoutElementMatchSize.cs: 325cd6d9cb44d01cc8cfa43a5413de8f -> 
  custom:scripting/monoscript/fileName/TextButtonTransition.cs: 72f2c4484a6dc921aacef6b387422aa7 -> 
  custom:scripting/monoscript/fileName/SupportLogger.cs: 6226925e792eee84b718aee3baaa82a7 -> 
  custom:scripting/monoscript/fileName/Asteroid.cs: 8382d1ead570177214081c1ec12affef -> 
  custom:scripting/monoscript/fileName/CurrentRoomExpectedUsersProperty.cs: 15c7823a1b55465c741092cad452b5e4 -> 
  custom:scripting/monoscript/fileName/BoolInputField.cs: 96b6c600bd0428819f492c767ecf8b5b -> 
========================================================================
Received Import Request.
  Time since last request: 483.845524 seconds.
  path: Assets/Scenes/Rulez.unity
  artifactKey: Guid(2cda990e2423bbf4892e6590ba056729) Importer(815301076,1909f56bfc062723c751e8b465ee728b)
Start importing Assets/Scenes/Rulez.unity using Guid(2cda990e2423bbf4892e6590ba056729) Importer(815301076,1909f56bfc062723c751e8b465ee728b)  -> (artifact id: '55e5cb4ec725823f794ee67eec729b80') in 0.003858 seconds
Number of updated asset objects reloaded before import = 0
Number of asset objects unloaded after import = 0
========================================================================
Received Prepare
Begin MonoManager ReloadAssembly
C:\build\output\Unity-Technologies\mono\mono\metadata\icall.c:1842:
C:\build\output\Unity-Technologies\mono\mono\metadata\icall.c:1842:
C:\build\output\Unity-Technologies\mono\mono\metadata\icall.c:1842:
C:\build\output\Unity-Technologies\mono\mono\metadata\icall.c:1842:
C:\build\output\Unity-Technologies\mono\mono\metadata\icall.c:1842:
C:\build\output\Unity-Technologies\mono\mono\metadata\icall.c:1842:
C:\build\output\Unity-Technologies\mono\mono\metadata\icall.c:1842:
C:\build\output\Unity-Technologies\mono\mono\metadata\icall.c:1842:
C:\build\output\Unity-Technologies\mono\mono\metadata\icall.c:1842:
C:\build\output\Unity-Technologies\mono\mono\metadata\icall.c:1842:
C:\build\output\Unity-Technologies\mono\mono\metadata\icall.c:1842:
C:\build\output\Unity-Technologies\mono\mono\metadata\icall.c:1842:
Symbol file LoadedFromMemory doesn't match image C:\Users\tudor\OneDrive\Imagini\Documente\GitHub\Anarchy chess\Library\PackageCache\com.unity.visualscripting@1.8.0\Editor\VisualScripting.Core\Dependencies\YamlDotNet\Unity.VisualScripting.YamlDotNet.dll
Symbol file LoadedFromMemory doesn't match image C:\Users\tudor\OneDrive\Imagini\Documente\GitHub\Anarchy chess\Library\PackageCache\com.unity.visualscripting@1.8.0\Editor\VisualScripting.Core\Dependencies\DotNetZip\Unity.VisualScripting.IonicZip.dll
- Loaded All Assemblies, in  0.625 seconds
Refreshing native plugins compatible for Editor in 3.58 ms, found 4 plugins.
Native extension for Android target not found
Native extension for WindowsStandalone target not found
Mono: successfully reloaded assembly
- Finished resetting the current domain, in  0.873 seconds
Domain Reload Profiling: 1495ms
	BeginReloadAssembly (153ms)
		ExecutionOrderSort (0ms)
		DisableScriptedObjects (11ms)
		BackupInstance (0ms)
		ReleaseScriptingObjects (0ms)
		CreateAndSetChildDomain (34ms)
	RebuildCommonClasses (25ms)
	RebuildNativeTypeToScriptingClass (9ms)
	initialDomainReloadingComplete (24ms)
	LoadAllAssembliesAndSetupDomain (411ms)
		LoadAssemblies (264ms)
		RebuildTransferFunctionScriptingTraits (0ms)
		AnalyzeDomain (223ms)
			TypeCache.Refresh (220ms)
				TypeCache.ScanAssembly (212ms)
			ScanForSourceGeneratedMonoScriptInfo (0ms)
			ResolveRequiredComponents (3ms)
	FinalizeReload (873ms)
		ReleaseScriptCaches (0ms)
		RebuildScriptCaches (0ms)
		SetupLoadedEditorAssemblies (366ms)
			LogAssemblyErrors (0ms)
			InitializePlatformSupportModulesInManaged (18ms)
			SetLoadedEditorAssemblies (2ms)
			BeforeProcessingInitializeOnLoad (64ms)
			ProcessInitializeOnLoadAttributes (250ms)
			ProcessInitializeOnLoadMethodAttributes (28ms)
			AfterProcessingInitializeOnLoad (4ms)
			EditorAssembliesLoaded (0ms)
		ExecutionOrderSort2 (0ms)
		AwakeInstancesAfterBackupRestoration (7ms)
Refreshing native plugins compatible for Editor in 6.31 ms, found 4 plugins.
Preloading 0 native plugins for Editor in 0.00 ms.
Unloading 4277 Unused Serialized files (Serialized files now loaded: 0)
Unloading 38 unused Assets / (37.6 KB). Loaded Objects now: 4908.
Memory consumption went from 190.2 MB to 190.2 MB.
Total: 3.690300 ms (FindLiveObjects: 0.237100 ms CreateObjectMapping: 0.151700 ms MarkObjects: 3.238900 ms  DeleteObjects: 0.061300 ms)

Prepare: number of updated asset objects reloaded= 0
AssetImportParameters requested are different than current active one (requested -> active):
  custom:scripting/monoscript/fileName/CountdownTimer.cs: 29151b8b1909dcb5f8770e606e1b626a -> 
  custom:scripting/monoscript/fileName/NickNameField.cs: 4566439151a528588c6e77fbea15ef25 -> 
  custom:scripting/monoscript/fileName/ConnectionHandler.cs: 33c1e29051dc60b1fb7e8675cafa9a54 -> 
  custom:scripting/monoscript/fileName/NetworkProjectConfigImporterEditor.cs: 0b9c7f8db96d38ff89dc9f2e19e80a40 -> 
  custom:scripting/monoscript/fileName/StringInputField.cs: 766f94c288e6bb2cfcd18d60914c0461 -> 
  custom:scripting/monoscript/fileName/PhotonTransformViewClassicEditor.cs: 174be401c238aa6e741f961399731929 -> 
  custom:scripting/monoscript/fileName/Fusion.CodeGen.User.cs: 7518413c31be8fc7fe79dd8f5b20fa0c -> 
  custom:scripting/monoscript/fileName/SmoothSyncMovement.cs: 31ee6a992a574c4e665f73e48482d3fc -> 
  custom:scripting/monoscript/fileName/PlayerListCell.cs: 76799f985e8a3951e5d132618c3350d8 -> 
  custom:scripting/monoscript/fileName/NetworkCharacterController.cs: 0d9ab4a1b508efe718225ceffebd8e54 -> 
  custom:scripting/monoscript/fileName/ConnectAndJoinRandomLb.cs: 9dd47be72f766f78cbbffce9f8575ef1 -> 
  custom:scripting/monoscript/fileName/RoomInfo.cs: 86776ad49e4deb535029b369c45e7f36 -> 
  custom:scripting/monoscript/fileName/ServerAddressProperty.cs: 284ddbe40a77584c9c8835a0d4d63859 -> 
  custom:video-decoder-webm-vp8: 9c59270c3fd7afecdb556c50c9e8de78 -> 
  custom:scripting/monoscript/fileName/SlotRacerSplashScreen.cs: 76e2c64393d61c31f26e20612278ec67 -> 
  custom:scripting/monoscript/fileName/ChannelCreationOptions.cs: 4231621e658bee43f79b42f64c894f83 -> 
  custom:scripting/monoscript/fileName/SystemConnectionSummary.cs: bf5673a8df4878a9885c94fd51dd3397 -> 
  custom:scripting/monoscript/fileName/RunnerLagCompensationGizmos.cs: f7028307a5d8b8de388a40efb20302af -> 
  custom:SearchIndexIgnoredProperties: e643bd26f0fe6173181afceb89e7c659 -> 
  custom:scripting/monoscript/fileName/DocLinks.cs: 22fc6e62d47c65fdd35bd32f57891e69 -> 
  custom:scripting/monoscript/fileName/FriendListView.cs: 04c66340ac95991cba62207cfc3f8015 -> 
  custom:scripting/monoscript/fileName/RunnerEnableVisibility.cs: e1b57f1bd6fcbd3137975404af4bcf85 -> 
  custom:scripting/monoscript/fileName/OnClickInstantiate.cs: 3929e8581c0458b4fa6c3ecec790414e -> 
  custom:scripting/monoscript/fileName/PlayerNumberingInspector.cs: e277bf463a09eaa6bcf2868a0f243e5c -> 
  custom:scripting/monoscript/fileName/NetworkProjectConfigImporter.cs: a2caae9d85fed596662aa6841efc1b3e -> 
  custom:scripting/monoscript/fileName/IChatClientListener.cs: e6ec1b8d09bf11f3791c0bd18ae45880 -> 
  custom:audio-encoder-webm-vorbis: bf7c407c2cedff20999df2af8eb42d56 -> 
  custom:scripting/monoscript/fileName/FusionEditorSkin.cs: c6dee1ba664a2a78ce51705f2322e50c -> 
  custom:scripting/monoscript/fileName/PunClasses.cs: d6a17dc119cdc0b4a5b92f4135a56268 -> 
  custom:scripting/monoscript/fileName/ScoreHelper.cs: 7e2091fcb90bdab85f4be0c18d586eba -> 
  custom:scripting/monoscript/fileName/FusionStatsGraph.cs: 7021e2a0a0c25bbb5696ad6d6108403d -> 
  custom:scripting/monoscript/fileName/IsConnectedAndReadyProperty.cs: af06b6e7ee3f25798787bf32cafcb247 -> 
  custom:scripting/monoscript/fileName/OnEscapeQuit.cs: be21f25ae17e13db5ee6619d0c4d06e1 -> 
  custom:scripting/monoscript/fileName/FusionRunnerVisibilityControlsWindow.cs: 503e55d51d5bac9ff9db7e3128ab6896 -> 
  custom:scripting/monoscript/fileName/OnJoinedInstantiate.cs: e6fcd481d2d6dd67f5b18fb26017d8ba -> 
  custom:scripting/monoscript/fileName/IgnoreUiRaycastWhenInactive.cs: 64ae0ba0567ac5043ee479695fe7bd2b -> 
  custom:scripting/monoscript/fileName/PlayerListEntry.cs: 3811c0a731ead3815771e470aaca8954 -> 
  custom:scripting/monoscript/fileName/ChatUserStatus.cs: 70a3ef1ac77c9464b5af9f3f7bba93e1 -> 
  custom:scripting/monoscript/fileName/CurrentRoomEmptyRoomTtlProperty.cs: ba459c40e550063227b6dbef6f2e12d7 -> 
  custom:scripting/monoscript/fileName/FusionAddressablePrefabsPreloader.cs: 609c7194fc18608a6ba4972670be253b -> 
  custom:scripting/monoscript/fileName/MonoBehaviourPunEditor.cs: a420633076e18e6ded9ee7ff41e5161d -> 
  custom:scripting/monoscript/fileName/IngameControlPanel.cs: e8e78297d18e08fd0d6ef99a75e376c2 -> 
  custom:scripting/monoscript/fileName/CustomTypes.cs: 32fb10f0e1ae6f1f4c5b8deb3c8e83c3 -> 
  custom:scripting/monoscript/fileName/PlayerManager.cs: 5b0494b39b9a262c0ad29b1931262023 -> 
  custom:scripting/monoscript/fileName/CurrentRoomIsOpenProperty.cs: 401af34d1219dc5c3b2d226ce3b12b08 -> 
  custom:scripting/monoscript/fileName/RegionListView.cs: d1509ce3c1dcf26ebb758f8eb59e1c54 -> 
  custom:scripting/monoscript/fileName/ConnectToRegionUIForm.cs: 662fbbb8f06b04129a615111e69dec89 -> 
  custom:scripting/monoscript/fileName/SendRateOnSerializeField.cs: 8559ed016d3004cf7fa75b6b51babcf0 -> 
  custom:scripting/monoscript/fileName/Block.cs: 4912a9664024ee7276656eb28373609a -> 
  custom:scripting/monoscript/fileName/RunnerVisibilityLinksRoot.cs: 64f229c02655e4ab1b3ad93c7368ccfe -> 
  custom:scripting/monoscript/fileName/WebRpc.cs: ee2bfdfdd166ac7a426061037e23ee8f -> 
  custom:scripting/monoscript/fileName/BezierSplineInspector.cs: 64d312faa4ce8272425b85e56f7f3f74 -> 
  custom:scripting/monoscript/fileName/IPhotonViewCallbacks.cs: 6b192d91218207b95c2b171719310343 -> 
  custom:scripting/monoscript/fileName/Launcher.cs: 6d0f0651107e8b978d50eb5d8ca63cd3 -> 
  custom:scripting/monoscript/fileName/PropertyCell.cs: caa15b0e3299de64e13d6f1d4cf295aa -> 
  custom:scripting/monoscript/fileName/PunTurnManager.cs: c24499e0acfb9782133d39c092b0366b -> 
  custom:scripting/monoscript/fileName/CurrentRoomIsVisibleProperty.cs: be95d33e9289a548289bfd3ab9507d59 -> 
  custom:scripting/monoscript/fileName/ChatChannel.cs: 052e931f7bf91536d9bda80d682b6368 -> 
  custom:scripting/monoscript/fileName/BezierCurveInspector.cs: cd033eb785ec71c240751fc164fcbff1 -> 
  custom:scripting/monoscript/fileName/AppSettings.cs: d20c247df910115cd4c5ae83482475ef -> 
  custom:scripting/monoscript/fileName/PhotonAnimatorViewEditor.cs: fd89a9c520118567d7b47e39070bcd39 -> 
  custom:scripting/monoscript/fileName/PhotonViewInspector.cs: da72c707197b3a14a9e4fc031131a7bc -> 
  custom:scripting/monoscript/fileName/CurrentRoomPropertiesListedInLobbyProperty.cs: c8880d240fca5295b2028661629631dc -> 
  custom:scripting/monoscript/fileName/ThirdPersonUserControl.cs: 1e36b4529ca7c2f8667ed6449c3722b9 -> 
  custom:scripting/monoscript/fileName/CurrentRoomIsOfflineProperty.cs: a3b570f54686008ce7d1ddf281dfdde2 -> 
  custom:scripting/monoscript/fileName/PlayerControl.cs: 6df8b26511518ec75eac4160d12ac3bc -> 
  custom:scripting/monoscript/fileName/LineInspector.cs: b46fbdbe979ee95575b26620e8af2791 -> 
  custom:scripting/monoscript/fileName/PhotonNetworkPart.cs: 28ef43a4727cd01eb0456d4c51a096be -> 
  custom:scripting/monoscript/fileName/CustomTypesUnity.cs: 013c37589fb09e7f77b2d495dfa13043 -> 
  custom:scripting/monoscript/fileName/ChannelWellKnownProperties.cs: 7e2dabda8907dc60fb63ae9c28cb0b10 -> 
  custom:scripting/monoscript/fileName/ToggleExpand.cs: 8df2d7619ad2c56cf93b2f0cedc9c9a4 -> 
  custom:scripting/monoscript/fileName/EventSystemSpawner.cs: c525f40330ddc66d7e7f5297346da241 -> 
  custom:scripting/monoscript/fileName/PlayerNameInputField.cs: 27839abf4289ab34aa2cc2967033966d -> 
  custom:scripting/monoscript/fileName/IsConnectedProperty.cs: 981ecf71603e1baa6ce21b0fd1acc020 -> 
  custom:scripting/monoscript/fileName/PlayerAnimatorManager.cs: a7d34eb870b3ee44c83d5db31316a095 -> 
  custom:scripting/monoscript/fileName/MoveByKeys.cs: 0be06a6581575752c58847799d9932e6 -> 
  custom:scripting/monoscript/fileName/FriendListCell.cs: 8dfedb1e000853780b714ad0651f22a9 -> 
  custom:scripting/monoscript/fileName/PhotonTeamsManager.cs: ed14ceec94e7d1247f794ca4f7f3aa2e -> 
  custom:scripting/monoscript/fileName/ChatOperationCode.cs: dac444e0d5bbc5c837c33663c8b2cefb -> 
  custom:AudioImporter_EditorPlatform: d09bf68614088b80899f8185d706f6e7 -> 
  custom:scripting/monoscript/fileName/ChatEventCode.cs: 764a52cdc3a575d4587f1a0939ee2b6d -> 
  custom:scripting/monoscript/fileName/PhotonTransformViewEditor.cs: d59344a8429d1e1c91f78e42f728790a -> 
  custom:scripting/monoscript/fileName/DocLinkButton.cs: 551275f4066ad419ab79864501010643 -> 
  custom:scripting/monoscript/fileName/Room.cs: f509531380bf8f44be3c84421df8f27b -> 
  custom:scripting/monoscript/fileName/AsteroidsGame.cs: 39019f3fa92643372bcb4670a7434593 -> 
  custom:scripting/monoscript/fileName/LoaderAnime.cs: 95ab941fc8d4427c4fa6c07cf9af1057 -> 
  custom:scripting/monoscript/fileName/ButtonInsideScrollList.cs: 663db374c5f487d95198d2dce6dd1ce7 -> 
  custom:scripting/monoscript/fileName/ReorderableListResources.cs: a21396365aa80586d6fe0c3f093e8e8a -> 12f8cf94345b17bd1a3aef7c3b5bd157
  custom:scripting/monoscript/fileName/SendRateField.cs: 5786bd6806651c5e23c7d4a511e3dfaa -> 
  custom:scripting/monoscript/fileName/PhotonTeamsManagerInspector.cs: 55bea48a55e757c56d53ded3ae32c48e -> 
  custom:audio-decoder-ogg-vorbis: bf7c407c2cedff20999df2af8eb42d56 -> 
  custom:scripting/monoscript/fileName/UserIdUiForm.cs: 0a1836b26b3227dc4bf5c907f6dcc697 -> 
  custom:scripting/monoscript/fileName/ChatAppSettings.cs: db433ce9dc535a56c6c28a3183328622 -> 
  custom:scripting/monoscript/fileName/NetworkSceneManagerDefault.cs: 871a1346f3625e42e5be83f620052e51 -> 
  custom:scripting/monoscript/fileName/PropertyListenerBase.cs: f9338b1da94c09d1d4dc5b01f854e0e3 -> 
  custom:scripting/monoscript/fileName/FriendItem.cs: 7041a5cee458fd755b4167724bf865d2 -> 
  custom:scripting/monoscript/fileName/ChannelSelector.cs: 787aa32b539868663942ded37c6d24ef -> 
  custom:scripting/monoscript/fileName/RegionHandler.cs: 6de377e0adf86218af15234cc2039610 -> 
  custom:scripting/monoscript/fileName/ChatAppIdCheckerUI.cs: 1bb8fafd3e2c10dfddf187c423c0f4b8 -> 
  custom:scripting/monoscript/fileName/CullArea.cs: 75f7e0f84478d7778555f1e1e66d50b7 -> 
  custom:scripting/monoscript/fileName/CountOfPlayersOnMasterProperty.cs: aa74237d4beb81bd33ceee77917bae47 -> 
  custom:scripting/monoscript/fileName/GameManager.cs: 56bc6cc643bcbf5a5a0d63cbd09e7487 -> 9933fbcc6190e2a9171c2ec8808a053e
  custom:scripting/monoscript/fileName/CurrentRoomAutoCleanupProperty.cs: a92fec09d98c752e495341af83135d64 -> 
  custom:scripting/monoscript/fileName/ChatPeer.cs: ab4cb6a09b2bd7026434274768d75701 -> 
  custom:scripting/monoscript/fileName/DemoHubManager.cs: 0dd9c19f14946313f8d78bca90723987 -> 
  custom:scripting/monoscript/fileName/CreateRoomUiForm.cs: bf1ce360a976c4439345f8064d17d3ad -> 
  custom:scripting/monoscript/fileName/NamePickGui.cs: 2c5392a37dc177dc65a116f98af1080e -> 
  custom:scripting/monoscript/fileName/TabViewManager.cs: a7d06552ed611c43e44fb3fef2b558f5 -> 
  custom:scripting/monoscript/fileName/PlayerUI.cs: 4d64fa5e9e8828968d6cc191a132718d -> 
  custom:scripting/monoscript/fileName/EnableOnSingleRunner.cs: 9976ce768e23cc0678b095d30598d8cd -> 
  custom:scripting/monoscript/fileName/PunCockpit.cs: 534cb157a89724d3ca07a36bb2005880 -> 
  custom:scripting/monoscript/fileName/RoomListCell.cs: 8d1543bdc9816b8a578d6cd2eebe48be -> 
  custom:scripting/monoscript/fileName/CurrentRoomNameProperty.cs: 72010acf97fe1f3e9ff0b8c322c93e83 -> 
  custom:scripting/monoscript/fileName/NetworkObjectProviderDefault.cs: 0eb113b3784be4de9cc2f3cdcdf5e36c -> 
  custom:scripting/monoscript/fileName/PunPlayerScores.cs: eee61e21995464ded106b44bf2f6edd4 -> 
  custom:scripting/monoscript/fileName/PunTeamsInspector.cs: 4df913dbc11ac67364301ce3915ea909 -> 
  custom:scripting/monoscript/fileName/Extensions.cs: 3f8618856b92f72822431fd67127e289 -> 
  custom:scripting/monoscript/fileName/AutoSyncSceneToggle.cs: f5a0c8cb6428054959052eda2623401a -> 
  custom:scripting/monoscript/fileName/ToDemoHubButton.cs: 76a2afa2c645f73081ead15c9512dae8 -> 
  custom:scripting/monoscript/fileName/CountOfPlayersInRoomProperty.cs: 22a26994633102695250e14533d8bd88 -> 
  custom:scripting/monoscript/fileName/AppSettingsExtensions.cs: 7eb3b190282e171c2845b1d8ee71ed5c -> 
  custom:scripting/monoscript/fileName/Region.cs: a0331a07d2a132f6cd24585218741838 -> 
  custom:scripting/monoscript/fileName/Bezier.cs: b8534c761c3f32134ac0822189e167cc -> 
  custom:scripting/monoscript/fileName/PhotonEditor.cs: 9beee3a7ca2bc764b51880f31127a0ea -> 
  custom:scripting/monoscript/fileName/CountOfPlayersProperty.cs: 92593170cc4984fa211f8cfbd69ac9a3 -> 
  custom:scripting/monoscript/fileName/OnStartDelete.cs: ca7ff388213f651af9d8be5d8844a8f4 -> 
  custom:video-encoder-webm-vp8: eb34c28f22e8b96e1ab97ce403110664 -> 
  custom:scripting/monoscript/fileName/ChatClient.cs: d3eb880194f03abd869e259e1e9fd5f0 -> 
  custom:scripting/monoscript/fileName/PhotonRigidbody2DView.cs: cfabe07ff5658dc80bf23a32c3f3d3ea -> 
  custom:scripting/monoscript/fileName/RoomListView.cs: 2b7207d3ddc2539dd2b806ed485e033b -> 
  custom:scripting/monoscript/fileName/OfflineModeProperty.cs: 142619a08af07c654a2536f2386c9c6c -> 
  custom:container-demuxer-ogg: 62fdf1f143b41e24485cea50d1cbac27 -> 
  custom:scripting/monoscript/fileName/Noise.cs: dc35aa19dae9f4b9d9d351205aaba1c6 -> 
  custom:scripting/monoscript/fileName/GameVersionProperty.cs: 212cdb5858947bda9a55c4e8f58ef2c6 -> 
  custom:framework-win-MediaFoundation: 216162199b28c13a410421893ffa2e32 -> 
  custom:scripting/monoscript/fileName/ConnectAndJoinRandom.cs: 00d6f17fa442bd592f9dfb4622a40a5d -> 
  custom:scripting/monoscript/fileName/PhotonTransformView.cs: ea668b9d3ca2e512312f4d0840810b14 -> 
  custom:scripting/monoscript/fileName/FusionBootstrap.cs: ce6761b6f61ee75dccdb3d85fc55a691 -> 
  custom:scripting/monoscript/fileName/RoomListEntry.cs: c7ba9dd428a6b8b410fe51075bfba1e1 -> 
  custom:scripting/monoscript/fileName/CurrentRoomMasterClientIdProperty.cs: 8a7f2b18c7369cf86e69820d5f0602fe -> 
  custom:scripting/monoscript/fileName/PunTeams.cs: 97cdf6951e96c2643337cf5fb8f69c0b -> 
  custom:scripting/monoscript/fileName/RegionListCell.cs: f6a1e00ce33d3dec4b7e2cfe425726c7 -> 
  custom:scripting/monoscript/fileName/PunSceneSettings.cs: 91ded15e638c075e189911af7f870d60 -> 
  custom:scripting/monoscript/fileName/ThirdPersonCharacter.cs: d37a384ef7557636dd0499ecb4e48640 -> 
  custom:scripting/monoscript/fileName/PlayerDetailsController.cs: 4a8b583bcd181f124e040cd407eab3b7 -> 
  custom:scripting/monoscript/fileName/PhotonRigidbody2DViewEditor.cs: 1bbd8586933ea3b91d286e3a03ef0b15 -> 
  custom:scripting/monoscript/fileName/Fusion.Unity.Editor.cs: b14e14e52edac49806a8f9d4187d9f4c -> 
  custom:scripting/monoscript/fileName/Fusion.Unity.cs: 2f52e767df9231dc9ad5c805bed98e70 -> 
  custom:scripting/monoscript/fileName/SlotLanes.cs: 97949fb7cbc49a87a0e9a949a270c39f -> 
  custom:scripting/monoscript/fileName/StatesGui.cs: 98e5143501c303d7d5973c718d302233 -> 
  custom:scripting/monoscript/fileName/SplineWalker.cs: 5be65352f0f07fbe7665dfb31e99644d -> 
  custom:scripting/monoscript/fileName/PingProperty.cs: 9f24d087d77c62d9ddcbab43ed4cd5fe -> 
  custom:scripting/monoscript/fileName/LoadLevelUIForm.cs: 6198023540609558b39b6b3a84524494 -> 
  custom:scripting/monoscript/fileName/MultiplayerManager.cs: 29415d0687c638629166b314004ee270 -> 
  custom:scripting/monoscript/fileName/BezierCurve.cs: 6855a37c0f6b23766e2a15354899a784 -> 
  custom:scripting/monoscript/fileName/Line.cs: 5e23c11e3450a3cc94ccc16c37b15685 -> 
  custom:scripting/monoscript/fileName/FusionStatsBillboard.cs: beff202fd2a83c3f993d781559426984 -> 
  custom:scripting/monoscript/fileName/SetRoomCustomPropertyUIForm.cs: 9f1b75809ed6e2f34b0b61446d287bd4 -> 
  custom:scripting/monoscript/fileName/RunnerAOIGizmos.cs: 8b1629a60417f80a3d501474e540ad3f -> 
  custom:scripting/monoscript/fileName/PointedAtGameObjectInfo.cs: 0f220a9d7e421f59db30fb04c90d6c0e -> 
  custom:scripting/monoscript/fileName/PhotonLagSimulationGui.cs: de60acfca25c9c245519382776ad2f82 -> 
  custom:scripting/monoscript/fileName/OnPointerOverTooltip.cs: b9abe1fce28033712ba423247874af86 -> 
  custom:scripting/monoscript/fileName/PhotonViewHandler.cs: 7c6c7799f7e9296388067c605d1dc27c -> 
  custom:scripting/monoscript/fileName/CullingHandler.cs: ff4506351c41ac4ce471635b6b12ceb3 -> 
  custom:scripting/monoscript/fileName/PlayerListView.cs: 60e6f2e41401ae176dea7b70bab3c390 -> 
  custom:scripting/monoscript/fileName/SplinePosition.cs: b39b2fa35faaacaf63f8929368e2e5de -> 
  custom:video-decoder-ogg-theora: a1e56fd34408186e4bbccfd4996cb3dc -> 
  custom:scripting/monoscript/fileName/PlayerNumbering.cs: ce6d1f08b3d2d23009596a69c08b221d -> 
  custom:scripting/monoscript/fileName/PunStartup.cs: 961ddc858b2c0426ca5019c7e78c4fbf -> 
  custom:scripting/monoscript/fileName/FusionStatsMeterBar.cs: d21101dd4c4710df60c667e63d577d83 -> 
  custom:scripting/monoscript/fileName/PhotonHandler.cs: 70e641dd7ce55eb351f633fc29fb5f7f -> 
  custom:scripting/monoscript/fileName/IntInputField.cs: 40c0ee81b04639c26264c222a1aaea0c -> 
  custom:scripting/monoscript/fileName/PhotonRigidbodyView.cs: f6b453c3dd57cf47fa35b8156daece9a -> 
  custom:scripting/monoscript/fileName/TextToggleIsOnTransition.cs: 326b9c727c304dd69fe51444f64a7721 -> 
  custom:scripting/monoscript/fileName/WorldGenerator.cs: dca0ae82b72e05480b823fc7043006c0 -> 
  custom:scripting/monoscript/fileName/LobbyTopPanel.cs: 830e03b228bff7a95bbb092a2d6b29d2 -> 
  custom:scripting/monoscript/fileName/PlayerOverviewPanel.cs: 515bb293728f907f134591646985b9ce -> 
  custom:scripting/monoscript/fileName/OnlineDocButton.cs: e8bceb35def1f2c21aeb107b10e7c020 -> 
  custom:scripting/monoscript/fileName/AsteroidsGameManager.cs: 12a51843b5b71df994a62f28231ff7ef -> 
  custom:scripting/monoscript/fileName/ServerSettings.cs: 8fa55e8857e3ebd201455fd70a9f157d -> 
  custom:scripting/monoscript/fileName/ServerSettingsInspector.cs: 95da0bc9ecca5735a6f497f524ce7e54 -> 
  custom:scripting/monoscript/fileName/AppVersionProperty.cs: a4b4daafa219f35ecce40e74ac804003 -> 
  custom:scripting/monoscript/fileName/ProceduralController.cs: 294ae00e975ca4fe85822d6f85fe658a -> 
  custom:scripting/monoscript/fileName/BackgroundTimeOutField.cs: 301f4bb8d6480b188021ecf99ba8be6c -> 
  custom:scripting/monoscript/fileName/UserIdField.cs: 889d45ebefa87613726b801d1e5e80c8 -> 
  custom:scripting/monoscript/fileName/GraphicToggleIsOnTransition.cs: 7e3768d2f1167a9a7dc7f801820c67a5 -> 
  custom:scripting/monoscript/fileName/ChatGui.cs: 83ccb577c346edd301c0a35e11693dfd -> 
  custom:scripting/monoscript/fileName/AccountService.cs: 80b748556379aab9364d8ef00499f1a9 -> 
  custom:scripting/monoscript/fileName/PhotonRigidbodyViewEditor.cs: ab7e34153fa9a3c646e0316fa6fc5600 -> 
  custom:scripting/monoscript/fileName/CrcCheckToggle.cs: a236d00910b93ad4ae792080fb07508e -> 
  custom:scripting/monoscript/fileName/FusionBootstrapDebugGUI.cs: 371b4228dd1f5808b5897e19c03d546a -> 
  custom:scripting/monoscript/fileName/Player.cs: b6aef835b43cb69bef999bd5136f7c21 -> 
  custom:scripting/monoscript/fileName/LoadbalancingPeer.cs: d9dd9ca955de7f0a553b219d39f29621 -> 
  custom:scripting/monoscript/fileName/FusionStatsObjectIds.cs: 43a79179a267263c08267aeebfb7eafd -> 
  custom:scripting/monoscript/fileName/PunCockpitEmbed.cs: 2240c92b97535c6672465e83f1e36036 -> 
  custom:scripting/monoscript/fileName/CurrentRoomIsOpenToggle.cs: 229c6038772c64902eb501df39020417 -> 
  custom:scripting/monoscript/fileName/PhotonStatsGui.cs: d8361e63c4cf02d1cc41570adb7e9d85 -> 
  custom:scripting/monoscript/fileName/PunSceneSettingsInspector.cs: da5c9fdcd684cd1c669e2f5c5f40d373 -> 
  custom:scripting/monoscript/fileName/CurrentRoomMaxPlayersProperty.cs: f8d2a9d7157be1b82e5db9695b63da90 -> 
  custom:scripting/monoscript/fileName/PhotonNetwork.cs: b0631ad5c9d567edbfc4fb2b742f00d0 -> 
  custom:scripting/monoscript/fileName/OnClickRpc.cs: a4c1c482691ed3f8764f3736c0d692ea -> 
  custom:scripting/monoscript/fileName/BezierSpline.cs: fdb9ccdef0d3985b914118aec7c411f2 -> 
  custom:scripting/monoscript/fileName/PhotonPing.cs: 3f140d1df899c474f22230f66cc59a41 -> 
  custom:scripting/monoscript/fileName/CurrentRoomIsVisibleToggle.cs: 47a99e70dc7fd5d059dfbf899c22bbdb -> 
  custom:scripting/monoscript/fileName/Fusion.CodeGen.cs: b9ff9c5a347ec7e6d58d9aa467d5ae96 -> 
  custom:scripting/monoscript/fileName/PhotonStreamQueue.cs: 5d5e55e8eb60f78e116626969ed0311e -> 
  custom:scripting/monoscript/fileName/WebRpcImplementationExample.cs: 7bff59c7defddf73a4ceae1090065bd1 -> 
  custom:container-muxer-webm: aa71ff27fc2769a1b78a27578f13a17b -> 
  custom:scripting/monoscript/fileName/InfosPanelPlaceholder.cs: fef54b122412d96995fae2ad440bb18b -> 
  custom:scripting/monoscript/fileName/NestedComponentUtilities.cs: 033fd91b849b48295ab920beaf62446d -> 
  custom:scripting/monoscript/fileName/PhotonEditorUtils.cs: 4456563b945cca498f5f71d9eb2059b9 -> 
  custom:scripting/monoscript/fileName/IPunCallbacks.cs: 81caf01d84a9fa08671565d87776010b -> 
  custom:scripting/monoscript/fileName/FriendInfo.cs: be836ba41ecfa4c9dca4b510bdfea5c8 -> 
  custom:scripting/monoscript/fileName/CountOfRoomsProperty.cs: c0688910145f665105cec6c6eaf4f03c -> 
  custom:scripting/monoscript/fileName/ServerProperty.cs: d53bc3d40dee4679a13aa7a9ff58706e -> 
  custom:scripting/monoscript/fileName/Bullet.cs: 77c411c50d821352e611a16c30f40226 -> 
  custom:scripting/monoscript/fileName/OnClickDestroy.cs: 84deb4bc685f090f86133752922a945d -> 
  custom:scripting/monoscript/fileName/PhotonView.cs: b2662a18b33c427e0ec2e5ab1a56c2b5 -> 
  custom:scripting/monoscript/fileName/LoadBalancingClient.cs: 632813597f9db7bc895b13321ba1b05b -> 
  custom:scripting/monoscript/fileName/PhotonTransformViewClassic.cs: b13582f7122692c3dc0b0b58565603b7 -> 
  custom:scripting/monoscript/fileName/CameraWork.cs: 7182be285ca897b882f7b04a97b5001a -> 
  custom:scripting/monoscript/fileName/GameVersionField.cs: e1aaf98c257ad1044f09a430176c1d25 -> 
  custom:scripting/monoscript/fileName/CurrentRoomPlayerCountProperty.cs: 2e3a71196f608331c351de9edf7166b4 -> 
  custom:video-codec-MediaFoundation-h265: 746d11721c4dcdbdad8f713fa42b33f4 -> 
  custom:scripting/monoscript/fileName/PhotonAnimatorView.cs: d7e478a730cbe0e6a3a4e1f87600646a -> 
  custom:scripting/monoscript/fileName/CloudRegionProperty.cs: a98a80d4740fc4627fa07cd0d1b937f1 -> 
  custom:scripting/monoscript/fileName/PhotonGUI.cs: a5571c3104cbd100c9135419869f9e73 -> 
  custom:scripting/monoscript/fileName/CurrentRoomPlayerTtlProperty.cs: 5737d382a26e8898e597b19ab06904c5 -> 
  custom:CustomObjectIndexerAttribute: 756ad292c208cfabdd7b50bc23989ffe -> 
  custom:container-demuxer-webm: 4f35f7cbe854078d1ac9338744f61a02 -> 
  custom:scripting/monoscript/fileName/Cluster.cs: 5ff22076c2cc06a01d1cc1c38d08f712 -> 
  custom:scripting/monoscript/fileName/BestRegionInPrefsProperty.cs: f81195994c87654890233836f627cd69 -> 
  custom:scripting/monoscript/fileName/RunnerVisibilityLink.cs: 6e4a2325960fce24f58edb6ee6b338d8 -> 
  custom:scripting/monoscript/fileName/Spaceship.cs: 77d86dcddcb47a6cc18163eb292fa20b -> 
  custom:scripting/monoscript/fileName/CullAreaEditor.cs: ac85e81dd9fb835b90f15d14c78d253a -> 
  custom:scripting/monoscript/fileName/LobbyMainPanel.cs: bee85956556c66d6096a3300e7923c77 -> 
  custom:scripting/monoscript/fileName/ChatParameterCode.cs: a0fd6a090c21b2fc7ca69a867e9c27c2 -> 
  custom:scripting/monoscript/fileName/LayoutElementMatchSize.cs: 325cd6d9cb44d01cc8cfa43a5413de8f -> 
  custom:scripting/monoscript/fileName/TextButtonTransition.cs: 72f2c4484a6dc921aacef6b387422aa7 -> 
  custom:scripting/monoscript/fileName/SupportLogger.cs: 6226925e792eee84b718aee3baaa82a7 -> 
  custom:scripting/monoscript/fileName/Asteroid.cs: 8382d1ead570177214081c1ec12affef -> 
  custom:scripting/monoscript/fileName/CurrentRoomExpectedUsersProperty.cs: 15c7823a1b55465c741092cad452b5e4 -> 
  custom:scripting/monoscript/fileName/BoolInputField.cs: 96b6c600bd0428819f492c767ecf8b5b -> 
========================================================================
Received Prepare
Begin MonoManager ReloadAssembly
C:\build\output\Unity-Technologies\mono\mono\metadata\icall.c:1842:
C:\build\output\Unity-Technologies\mono\mono\metadata\icall.c:1842:
C:\build\output\Unity-Technologies\mono\mono\metadata\icall.c:1842:
C:\build\output\Unity-Technologies\mono\mono\metadata\icall.c:1842:
C:\build\output\Unity-Technologies\mono\mono\metadata\icall.c:1842:
C:\build\output\Unity-Technologies\mono\mono\metadata\icall.c:1842:
C:\build\output\Unity-Technologies\mono\mono\metadata\icall.c:1842:
C:\build\output\Unity-Technologies\mono\mono\metadata\icall.c:1842:
C:\build\output\Unity-Technologies\mono\mono\metadata\icall.c:1842:
C:\build\output\Unity-Technologies\mono\mono\metadata\icall.c:1842:
C:\build\output\Unity-Technologies\mono\mono\metadata\icall.c:1842:
C:\build\output\Unity-Technologies\mono\mono\metadata\icall.c:1842:
Symbol file LoadedFromMemory doesn't match image C:\Users\tudor\OneDrive\Imagini\Documente\GitHub\Anarchy chess\Library\PackageCache\com.unity.visualscripting@1.8.0\Editor\VisualScripting.Core\Dependencies\YamlDotNet\Unity.VisualScripting.YamlDotNet.dll
Symbol file LoadedFromMemory doesn't match image C:\Users\tudor\OneDrive\Imagini\Documente\GitHub\Anarchy chess\Library\PackageCache\com.unity.visualscripting@1.8.0\Editor\VisualScripting.Core\Dependencies\DotNetZip\Unity.VisualScripting.IonicZip.dll
- Loaded All Assemblies, in  0.616 seconds
Refreshing native plugins compatible for Editor in 3.53 ms, found 4 plugins.
Native extension for Android target not found
Native extension for WindowsStandalone target not found
Mono: successfully reloaded assembly
- Finished resetting the current domain, in  0.760 seconds
Domain Reload Profiling: 1372ms
	BeginReloadAssembly (151ms)
		ExecutionOrderSort (0ms)
		DisableScriptedObjects (11ms)
		BackupInstance (0ms)
		ReleaseScriptingObjects (0ms)
		CreateAndSetChildDomain (35ms)
	RebuildCommonClasses (24ms)
	RebuildNativeTypeToScriptingClass (9ms)
	initialDomainReloadingComplete (24ms)
	LoadAllAssembliesAndSetupDomain (404ms)
		LoadAssemblies (258ms)
		RebuildTransferFunctionScriptingTraits (0ms)
		AnalyzeDomain (219ms)
			TypeCache.Refresh (215ms)
				TypeCache.ScanAssembly (207ms)
			ScanForSourceGeneratedMonoScriptInfo (0ms)
			ResolveRequiredComponents (3ms)
	FinalizeReload (760ms)
		ReleaseScriptCaches (0ms)
		RebuildScriptCaches (0ms)
		SetupLoadedEditorAssemblies (335ms)
			LogAssemblyErrors (0ms)
			InitializePlatformSupportModulesInManaged (21ms)
			SetLoadedEditorAssemblies (2ms)
			BeforeProcessingInitializeOnLoad (62ms)
			ProcessInitializeOnLoadAttributes (221ms)
			ProcessInitializeOnLoadMethodAttributes (24ms)
			AfterProcessingInitializeOnLoad (3ms)
			EditorAssembliesLoaded (0ms)
		ExecutionOrderSort2 (0ms)
		AwakeInstancesAfterBackupRestoration (7ms)
Refreshing native plugins compatible for Editor in 3.51 ms, found 4 plugins.
Preloading 0 native plugins for Editor in 0.00 ms.
Unloading 4278 Unused Serialized files (Serialized files now loaded: 0)
Unloading 38 unused Assets / (38.5 KB). Loaded Objects now: 4911.
Memory consumption went from 192.4 MB to 192.3 MB.
Total: 3.602500 ms (FindLiveObjects: 0.278100 ms CreateObjectMapping: 0.134100 ms MarkObjects: 3.132100 ms  DeleteObjects: 0.057200 ms)

Prepare: number of updated asset objects reloaded= 0
AssetImportParameters requested are different than current active one (requested -> active):
  custom:scripting/monoscript/fileName/CountdownTimer.cs: 29151b8b1909dcb5f8770e606e1b626a -> 
  custom:scripting/monoscript/fileName/NickNameField.cs: 4566439151a528588c6e77fbea15ef25 -> 
  custom:scripting/monoscript/fileName/ConnectionHandler.cs: 33c1e29051dc60b1fb7e8675cafa9a54 -> 
  custom:scripting/monoscript/fileName/NetworkProjectConfigImporterEditor.cs: 0b9c7f8db96d38ff89dc9f2e19e80a40 -> 
  custom:scripting/monoscript/fileName/StringInputField.cs: 766f94c288e6bb2cfcd18d60914c0461 -> 
  custom:scripting/monoscript/fileName/PhotonTransformViewClassicEditor.cs: 174be401c238aa6e741f961399731929 -> 
  custom:scripting/monoscript/fileName/Fusion.CodeGen.User.cs: 7518413c31be8fc7fe79dd8f5b20fa0c -> 
  custom:scripting/monoscript/fileName/SmoothSyncMovement.cs: 31ee6a992a574c4e665f73e48482d3fc -> 
  custom:scripting/monoscript/fileName/PlayerListCell.cs: 76799f985e8a3951e5d132618c3350d8 -> 
  custom:scripting/monoscript/fileName/NetworkCharacterController.cs: 0d9ab4a1b508efe718225ceffebd8e54 -> 
  custom:scripting/monoscript/fileName/ConnectAndJoinRandomLb.cs: 9dd47be72f766f78cbbffce9f8575ef1 -> 
  custom:scripting/monoscript/fileName/RoomInfo.cs: 86776ad49e4deb535029b369c45e7f36 -> 
  custom:scripting/monoscript/fileName/ServerAddressProperty.cs: 284ddbe40a77584c9c8835a0d4d63859 -> 
  custom:video-decoder-webm-vp8: 9c59270c3fd7afecdb556c50c9e8de78 -> 
  custom:scripting/monoscript/fileName/SlotRacerSplashScreen.cs: 76e2c64393d61c31f26e20612278ec67 -> 
  custom:scripting/monoscript/fileName/ChannelCreationOptions.cs: 4231621e658bee43f79b42f64c894f83 -> 
  custom:scripting/monoscript/fileName/SystemConnectionSummary.cs: bf5673a8df4878a9885c94fd51dd3397 -> 
  custom:scripting/monoscript/fileName/RunnerLagCompensationGizmos.cs: f7028307a5d8b8de388a40efb20302af -> 
  custom:SearchIndexIgnoredProperties: e643bd26f0fe6173181afceb89e7c659 -> 
  custom:scripting/monoscript/fileName/DocLinks.cs: 22fc6e62d47c65fdd35bd32f57891e69 -> 
  custom:scripting/monoscript/fileName/FriendListView.cs: 04c66340ac95991cba62207cfc3f8015 -> 
  custom:scripting/monoscript/fileName/RunnerEnableVisibility.cs: e1b57f1bd6fcbd3137975404af4bcf85 -> 
  custom:scripting/monoscript/fileName/OnClickInstantiate.cs: 3929e8581c0458b4fa6c3ecec790414e -> 
  custom:scripting/monoscript/fileName/PlayerNumberingInspector.cs: e277bf463a09eaa6bcf2868a0f243e5c -> 
  custom:scripting/monoscript/fileName/NetworkProjectConfigImporter.cs: a2caae9d85fed596662aa6841efc1b3e -> 
  custom:scripting/monoscript/fileName/IChatClientListener.cs: e6ec1b8d09bf11f3791c0bd18ae45880 -> 
  custom:audio-encoder-webm-vorbis: bf7c407c2cedff20999df2af8eb42d56 -> 
  custom:scripting/monoscript/fileName/FusionEditorSkin.cs: c6dee1ba664a2a78ce51705f2322e50c -> 
  custom:scripting/monoscript/fileName/PunClasses.cs: d6a17dc119cdc0b4a5b92f4135a56268 -> 
  custom:scripting/monoscript/fileName/ScoreHelper.cs: 7e2091fcb90bdab85f4be0c18d586eba -> 
  custom:scripting/monoscript/fileName/FusionStatsGraph.cs: 7021e2a0a0c25bbb5696ad6d6108403d -> 
  custom:scripting/monoscript/fileName/IsConnectedAndReadyProperty.cs: af06b6e7ee3f25798787bf32cafcb247 -> 
  custom:scripting/monoscript/fileName/OnEscapeQuit.cs: be21f25ae17e13db5ee6619d0c4d06e1 -> 
  custom:scripting/monoscript/fileName/FusionRunnerVisibilityControlsWindow.cs: 503e55d51d5bac9ff9db7e3128ab6896 -> 
  custom:scripting/monoscript/fileName/OnJoinedInstantiate.cs: e6fcd481d2d6dd67f5b18fb26017d8ba -> 
  custom:scripting/monoscript/fileName/IgnoreUiRaycastWhenInactive.cs: 64ae0ba0567ac5043ee479695fe7bd2b -> 
  custom:scripting/monoscript/fileName/PlayerListEntry.cs: 3811c0a731ead3815771e470aaca8954 -> 
  custom:scripting/monoscript/fileName/ChatUserStatus.cs: 70a3ef1ac77c9464b5af9f3f7bba93e1 -> 
  custom:scripting/monoscript/fileName/CurrentRoomEmptyRoomTtlProperty.cs: ba459c40e550063227b6dbef6f2e12d7 -> 
  custom:scripting/monoscript/fileName/FusionAddressablePrefabsPreloader.cs: 609c7194fc18608a6ba4972670be253b -> 
  custom:scripting/monoscript/fileName/MonoBehaviourPunEditor.cs: a420633076e18e6ded9ee7ff41e5161d -> 
  custom:scripting/monoscript/fileName/IngameControlPanel.cs: e8e78297d18e08fd0d6ef99a75e376c2 -> 
  custom:scripting/monoscript/fileName/CustomTypes.cs: 32fb10f0e1ae6f1f4c5b8deb3c8e83c3 -> 
  custom:scripting/monoscript/fileName/PlayerManager.cs: 5b0494b39b9a262c0ad29b1931262023 -> 
  custom:scripting/monoscript/fileName/CurrentRoomIsOpenProperty.cs: 401af34d1219dc5c3b2d226ce3b12b08 -> 
  custom:scripting/monoscript/fileName/RegionListView.cs: d1509ce3c1dcf26ebb758f8eb59e1c54 -> 
  custom:scripting/monoscript/fileName/ConnectToRegionUIForm.cs: 662fbbb8f06b04129a615111e69dec89 -> 
  custom:scripting/monoscript/fileName/SendRateOnSerializeField.cs: 8559ed016d3004cf7fa75b6b51babcf0 -> 
  custom:scripting/monoscript/fileName/Block.cs: 4912a9664024ee7276656eb28373609a -> 
  custom:scripting/monoscript/fileName/RunnerVisibilityLinksRoot.cs: 64f229c02655e4ab1b3ad93c7368ccfe -> 
  custom:scripting/monoscript/fileName/WebRpc.cs: ee2bfdfdd166ac7a426061037e23ee8f -> 
  custom:scripting/monoscript/fileName/BezierSplineInspector.cs: 64d312faa4ce8272425b85e56f7f3f74 -> 
  custom:scripting/monoscript/fileName/IPhotonViewCallbacks.cs: 6b192d91218207b95c2b171719310343 -> 
  custom:scripting/monoscript/fileName/Launcher.cs: 6d0f0651107e8b978d50eb5d8ca63cd3 -> 
  custom:scripting/monoscript/fileName/PropertyCell.cs: caa15b0e3299de64e13d6f1d4cf295aa -> 
  custom:scripting/monoscript/fileName/PunTurnManager.cs: c24499e0acfb9782133d39c092b0366b -> 
  custom:scripting/monoscript/fileName/CurrentRoomIsVisibleProperty.cs: be95d33e9289a548289bfd3ab9507d59 -> 
  custom:scripting/monoscript/fileName/ChatChannel.cs: 052e931f7bf91536d9bda80d682b6368 -> 
  custom:scripting/monoscript/fileName/BezierCurveInspector.cs: cd033eb785ec71c240751fc164fcbff1 -> 
  custom:scripting/monoscript/fileName/AppSettings.cs: d20c247df910115cd4c5ae83482475ef -> 
  custom:scripting/monoscript/fileName/PhotonAnimatorViewEditor.cs: fd89a9c520118567d7b47e39070bcd39 -> 
  custom:scripting/monoscript/fileName/PhotonViewInspector.cs: da72c707197b3a14a9e4fc031131a7bc -> 
  custom:scripting/monoscript/fileName/CurrentRoomPropertiesListedInLobbyProperty.cs: c8880d240fca5295b2028661629631dc -> 
  custom:scripting/monoscript/fileName/ThirdPersonUserControl.cs: 1e36b4529ca7c2f8667ed6449c3722b9 -> 
  custom:scripting/monoscript/fileName/CurrentRoomIsOfflineProperty.cs: a3b570f54686008ce7d1ddf281dfdde2 -> 
  custom:scripting/monoscript/fileName/PlayerControl.cs: 6df8b26511518ec75eac4160d12ac3bc -> 
  custom:scripting/monoscript/fileName/LineInspector.cs: b46fbdbe979ee95575b26620e8af2791 -> 
  custom:scripting/monoscript/fileName/PhotonNetworkPart.cs: 28ef43a4727cd01eb0456d4c51a096be -> 
  custom:scripting/monoscript/fileName/CustomTypesUnity.cs: 013c37589fb09e7f77b2d495dfa13043 -> 
  custom:scripting/monoscript/fileName/ChannelWellKnownProperties.cs: 7e2dabda8907dc60fb63ae9c28cb0b10 -> 
  custom:scripting/monoscript/fileName/ToggleExpand.cs: 8df2d7619ad2c56cf93b2f0cedc9c9a4 -> 
  custom:scripting/monoscript/fileName/EventSystemSpawner.cs: c525f40330ddc66d7e7f5297346da241 -> 
  custom:scripting/monoscript/fileName/PlayerNameInputField.cs: 27839abf4289ab34aa2cc2967033966d -> 
  custom:scripting/monoscript/fileName/IsConnectedProperty.cs: 981ecf71603e1baa6ce21b0fd1acc020 -> 
  custom:scripting/monoscript/fileName/PlayerAnimatorManager.cs: a7d34eb870b3ee44c83d5db31316a095 -> 
  custom:scripting/monoscript/fileName/MoveByKeys.cs: 0be06a6581575752c58847799d9932e6 -> 
  custom:scripting/monoscript/fileName/FriendListCell.cs: 8dfedb1e000853780b714ad0651f22a9 -> 
  custom:scripting/monoscript/fileName/PhotonTeamsManager.cs: ed14ceec94e7d1247f794ca4f7f3aa2e -> 
  custom:scripting/monoscript/fileName/ChatOperationCode.cs: dac444e0d5bbc5c837c33663c8b2cefb -> 
  custom:AudioImporter_EditorPlatform: d09bf68614088b80899f8185d706f6e7 -> 
  custom:scripting/monoscript/fileName/ChatEventCode.cs: 764a52cdc3a575d4587f1a0939ee2b6d -> 
  custom:scripting/monoscript/fileName/PhotonTransformViewEditor.cs: d59344a8429d1e1c91f78e42f728790a -> 
  custom:scripting/monoscript/fileName/DocLinkButton.cs: 551275f4066ad419ab79864501010643 -> 
  custom:scripting/monoscript/fileName/Room.cs: f509531380bf8f44be3c84421df8f27b -> 
  custom:scripting/monoscript/fileName/AsteroidsGame.cs: 39019f3fa92643372bcb4670a7434593 -> 
  custom:scripting/monoscript/fileName/LoaderAnime.cs: 95ab941fc8d4427c4fa6c07cf9af1057 -> 
  custom:scripting/monoscript/fileName/ButtonInsideScrollList.cs: 663db374c5f487d95198d2dce6dd1ce7 -> 
  custom:scripting/monoscript/fileName/ReorderableListResources.cs: a21396365aa80586d6fe0c3f093e8e8a -> 12f8cf94345b17bd1a3aef7c3b5bd157
  custom:scripting/monoscript/fileName/SendRateField.cs: 5786bd6806651c5e23c7d4a511e3dfaa -> 
  custom:scripting/monoscript/fileName/PhotonTeamsManagerInspector.cs: 55bea48a55e757c56d53ded3ae32c48e -> 
  custom:audio-decoder-ogg-vorbis: bf7c407c2cedff20999df2af8eb42d56 -> 
  custom:scripting/monoscript/fileName/UserIdUiForm.cs: 0a1836b26b3227dc4bf5c907f6dcc697 -> 
  custom:scripting/monoscript/fileName/ChatAppSettings.cs: db433ce9dc535a56c6c28a3183328622 -> 
  custom:scripting/monoscript/fileName/NetworkSceneManagerDefault.cs: 871a1346f3625e42e5be83f620052e51 -> 
  custom:scripting/monoscript/fileName/PropertyListenerBase.cs: f9338b1da94c09d1d4dc5b01f854e0e3 -> 
  custom:scripting/monoscript/fileName/FriendItem.cs: 7041a5cee458fd755b4167724bf865d2 -> 
  custom:scripting/monoscript/fileName/ChannelSelector.cs: 787aa32b539868663942ded37c6d24ef -> 
  custom:scripting/monoscript/fileName/RegionHandler.cs: 6de377e0adf86218af15234cc2039610 -> 
  custom:scripting/monoscript/fileName/ChatAppIdCheckerUI.cs: 1bb8fafd3e2c10dfddf187c423c0f4b8 -> 
  custom:scripting/monoscript/fileName/CullArea.cs: 75f7e0f84478d7778555f1e1e66d50b7 -> 
  custom:scripting/monoscript/fileName/CountOfPlayersOnMasterProperty.cs: aa74237d4beb81bd33ceee77917bae47 -> 
  custom:scripting/monoscript/fileName/GameManager.cs: 56bc6cc643bcbf5a5a0d63cbd09e7487 -> 9933fbcc6190e2a9171c2ec8808a053e
  custom:scripting/monoscript/fileName/CurrentRoomAutoCleanupProperty.cs: a92fec09d98c752e495341af83135d64 -> 
  custom:scripting/monoscript/fileName/ChatPeer.cs: ab4cb6a09b2bd7026434274768d75701 -> 
  custom:scripting/monoscript/fileName/DemoHubManager.cs: 0dd9c19f14946313f8d78bca90723987 -> 
  custom:scripting/monoscript/fileName/CreateRoomUiForm.cs: bf1ce360a976c4439345f8064d17d3ad -> 
  custom:scripting/monoscript/fileName/NamePickGui.cs: 2c5392a37dc177dc65a116f98af1080e -> 
  custom:scripting/monoscript/fileName/TabViewManager.cs: a7d06552ed611c43e44fb3fef2b558f5 -> 
  custom:scripting/monoscript/fileName/PlayerUI.cs: 4d64fa5e9e8828968d6cc191a132718d -> 
  custom:scripting/monoscript/fileName/EnableOnSingleRunner.cs: 9976ce768e23cc0678b095d30598d8cd -> 
  custom:scripting/monoscript/fileName/PunCockpit.cs: 534cb157a89724d3ca07a36bb2005880 -> 
  custom:scripting/monoscript/fileName/RoomListCell.cs: 8d1543bdc9816b8a578d6cd2eebe48be -> 
  custom:scripting/monoscript/fileName/CurrentRoomNameProperty.cs: 72010acf97fe1f3e9ff0b8c322c93e83 -> 
  custom:scripting/monoscript/fileName/NetworkObjectProviderDefault.cs: 0eb113b3784be4de9cc2f3cdcdf5e36c -> 
  custom:scripting/monoscript/fileName/PunPlayerScores.cs: eee61e21995464ded106b44bf2f6edd4 -> 
  custom:scripting/monoscript/fileName/PunTeamsInspector.cs: 4df913dbc11ac67364301ce3915ea909 -> 
  custom:scripting/monoscript/fileName/Extensions.cs: 3f8618856b92f72822431fd67127e289 -> 
  custom:scripting/monoscript/fileName/AutoSyncSceneToggle.cs: f5a0c8cb6428054959052eda2623401a -> 
  custom:scripting/monoscript/fileName/ToDemoHubButton.cs: 76a2afa2c645f73081ead15c9512dae8 -> 
  custom:scripting/monoscript/fileName/CountOfPlayersInRoomProperty.cs: 22a26994633102695250e14533d8bd88 -> 
  custom:scripting/monoscript/fileName/AppSettingsExtensions.cs: 7eb3b190282e171c2845b1d8ee71ed5c -> 
  custom:scripting/monoscript/fileName/Region.cs: a0331a07d2a132f6cd24585218741838 -> 
  custom:scripting/monoscript/fileName/Bezier.cs: b8534c761c3f32134ac0822189e167cc -> 
  custom:scripting/monoscript/fileName/PhotonEditor.cs: 9beee3a7ca2bc764b51880f31127a0ea -> 
  custom:scripting/monoscript/fileName/CountOfPlayersProperty.cs: 92593170cc4984fa211f8cfbd69ac9a3 -> 
  custom:scripting/monoscript/fileName/OnStartDelete.cs: ca7ff388213f651af9d8be5d8844a8f4 -> 
  custom:video-encoder-webm-vp8: eb34c28f22e8b96e1ab97ce403110664 -> 
  custom:scripting/monoscript/fileName/ChatClient.cs: d3eb880194f03abd869e259e1e9fd5f0 -> 
  custom:scripting/monoscript/fileName/PhotonRigidbody2DView.cs: cfabe07ff5658dc80bf23a32c3f3d3ea -> 
  custom:scripting/monoscript/fileName/RoomListView.cs: 2b7207d3ddc2539dd2b806ed485e033b -> 
  custom:scripting/monoscript/fileName/OfflineModeProperty.cs: 142619a08af07c654a2536f2386c9c6c -> 
  custom:container-demuxer-ogg: 62fdf1f143b41e24485cea50d1cbac27 -> 
  custom:scripting/monoscript/fileName/Noise.cs: dc35aa19dae9f4b9d9d351205aaba1c6 -> 
  custom:scripting/monoscript/fileName/GameVersionProperty.cs: 212cdb5858947bda9a55c4e8f58ef2c6 -> 
  custom:framework-win-MediaFoundation: 216162199b28c13a410421893ffa2e32 -> 
  custom:scripting/monoscript/fileName/ConnectAndJoinRandom.cs: 00d6f17fa442bd592f9dfb4622a40a5d -> 
  custom:scripting/monoscript/fileName/PhotonTransformView.cs: ea668b9d3ca2e512312f4d0840810b14 -> 
  custom:scripting/monoscript/fileName/FusionBootstrap.cs: ce6761b6f61ee75dccdb3d85fc55a691 -> 
  custom:scripting/monoscript/fileName/RoomListEntry.cs: c7ba9dd428a6b8b410fe51075bfba1e1 -> 
  custom:scripting/monoscript/fileName/CurrentRoomMasterClientIdProperty.cs: 8a7f2b18c7369cf86e69820d5f0602fe -> 
  custom:scripting/monoscript/fileName/PunTeams.cs: 97cdf6951e96c2643337cf5fb8f69c0b -> 
  custom:scripting/monoscript/fileName/RegionListCell.cs: f6a1e00ce33d3dec4b7e2cfe425726c7 -> 
  custom:scripting/monoscript/fileName/PunSceneSettings.cs: 91ded15e638c075e189911af7f870d60 -> 
  custom:scripting/monoscript/fileName/ThirdPersonCharacter.cs: d37a384ef7557636dd0499ecb4e48640 -> 
  custom:scripting/monoscript/fileName/PlayerDetailsController.cs: 4a8b583bcd181f124e040cd407eab3b7 -> 
  custom:scripting/monoscript/fileName/PhotonRigidbody2DViewEditor.cs: 1bbd8586933ea3b91d286e3a03ef0b15 -> 
  custom:scripting/monoscript/fileName/Fusion.Unity.Editor.cs: b14e14e52edac49806a8f9d4187d9f4c -> 
  custom:scripting/monoscript/fileName/Fusion.Unity.cs: 2f52e767df9231dc9ad5c805bed98e70 -> 
  custom:scripting/monoscript/fileName/SlotLanes.cs: 97949fb7cbc49a87a0e9a949a270c39f -> 
  custom:scripting/monoscript/fileName/StatesGui.cs: 98e5143501c303d7d5973c718d302233 -> 
  custom:scripting/monoscript/fileName/SplineWalker.cs: 5be65352f0f07fbe7665dfb31e99644d -> 
  custom:scripting/monoscript/fileName/PingProperty.cs: 9f24d087d77c62d9ddcbab43ed4cd5fe -> 
  custom:scripting/monoscript/fileName/LoadLevelUIForm.cs: 6198023540609558b39b6b3a84524494 -> 
  custom:scripting/monoscript/fileName/MultiplayerManager.cs: 29415d0687c638629166b314004ee270 -> 
  custom:scripting/monoscript/fileName/BezierCurve.cs: 6855a37c0f6b23766e2a15354899a784 -> 
  custom:scripting/monoscript/fileName/Line.cs: 5e23c11e3450a3cc94ccc16c37b15685 -> 
  custom:scripting/monoscript/fileName/FusionStatsBillboard.cs: beff202fd2a83c3f993d781559426984 -> 
  custom:scripting/monoscript/fileName/SetRoomCustomPropertyUIForm.cs: 9f1b75809ed6e2f34b0b61446d287bd4 -> 
  custom:scripting/monoscript/fileName/RunnerAOIGizmos.cs: 8b1629a60417f80a3d501474e540ad3f -> 
  custom:scripting/monoscript/fileName/PointedAtGameObjectInfo.cs: 0f220a9d7e421f59db30fb04c90d6c0e -> 
  custom:scripting/monoscript/fileName/PhotonLagSimulationGui.cs: de60acfca25c9c245519382776ad2f82 -> 
  custom:scripting/monoscript/fileName/OnPointerOverTooltip.cs: b9abe1fce28033712ba423247874af86 -> 
  custom:scripting/monoscript/fileName/PhotonViewHandler.cs: 7c6c7799f7e9296388067c605d1dc27c -> 
  custom:scripting/monoscript/fileName/CullingHandler.cs: ff4506351c41ac4ce471635b6b12ceb3 -> 
  custom:scripting/monoscript/fileName/PlayerListView.cs: 60e6f2e41401ae176dea7b70bab3c390 -> 
  custom:scripting/monoscript/fileName/SplinePosition.cs: b39b2fa35faaacaf63f8929368e2e5de -> 
  custom:video-decoder-ogg-theora: a1e56fd34408186e4bbccfd4996cb3dc -> 
  custom:scripting/monoscript/fileName/PlayerNumbering.cs: ce6d1f08b3d2d23009596a69c08b221d -> 
  custom:scripting/monoscript/fileName/PunStartup.cs: 961ddc858b2c0426ca5019c7e78c4fbf -> 
  custom:scripting/monoscript/fileName/FusionStatsMeterBar.cs: d21101dd4c4710df60c667e63d577d83 -> 
  custom:scripting/monoscript/fileName/PhotonHandler.cs: 70e641dd7ce55eb351f633fc29fb5f7f -> 
  custom:scripting/monoscript/fileName/IntInputField.cs: 40c0ee81b04639c26264c222a1aaea0c -> 
  custom:scripting/monoscript/fileName/PhotonRigidbodyView.cs: f6b453c3dd57cf47fa35b8156daece9a -> 
  custom:scripting/monoscript/fileName/TextToggleIsOnTransition.cs: 326b9c727c304dd69fe51444f64a7721 -> 
  custom:scripting/monoscript/fileName/WorldGenerator.cs: dca0ae82b72e05480b823fc7043006c0 -> 
  custom:scripting/monoscript/fileName/LobbyTopPanel.cs: 830e03b228bff7a95bbb092a2d6b29d2 -> 
  custom:scripting/monoscript/fileName/PlayerOverviewPanel.cs: 515bb293728f907f134591646985b9ce -> 
  custom:scripting/monoscript/fileName/OnlineDocButton.cs: e8bceb35def1f2c21aeb107b10e7c020 -> 
  custom:scripting/monoscript/fileName/AsteroidsGameManager.cs: 12a51843b5b71df994a62f28231ff7ef -> 
  custom:scripting/monoscript/fileName/ServerSettings.cs: 8fa55e8857e3ebd201455fd70a9f157d -> 
  custom:scripting/monoscript/fileName/ServerSettingsInspector.cs: 95da0bc9ecca5735a6f497f524ce7e54 -> 
  custom:scripting/monoscript/fileName/AppVersionProperty.cs: a4b4daafa219f35ecce40e74ac804003 -> 
  custom:scripting/monoscript/fileName/ProceduralController.cs: 294ae00e975ca4fe85822d6f85fe658a -> 
  custom:scripting/monoscript/fileName/BackgroundTimeOutField.cs: 301f4bb8d6480b188021ecf99ba8be6c -> 
  custom:scripting/monoscript/fileName/UserIdField.cs: 889d45ebefa87613726b801d1e5e80c8 -> 
  custom:scripting/monoscript/fileName/GraphicToggleIsOnTransition.cs: 7e3768d2f1167a9a7dc7f801820c67a5 -> 
  custom:scripting/monoscript/fileName/ChatGui.cs: 83ccb577c346edd301c0a35e11693dfd -> 
  custom:scripting/monoscript/fileName/AccountService.cs: 80b748556379aab9364d8ef00499f1a9 -> 
  custom:scripting/monoscript/fileName/PhotonRigidbodyViewEditor.cs: ab7e34153fa9a3c646e0316fa6fc5600 -> 
  custom:scripting/monoscript/fileName/CrcCheckToggle.cs: a236d00910b93ad4ae792080fb07508e -> 
  custom:scripting/monoscript/fileName/FusionBootstrapDebugGUI.cs: 371b4228dd1f5808b5897e19c03d546a -> 
  custom:scripting/monoscript/fileName/Player.cs: b6aef835b43cb69bef999bd5136f7c21 -> 
  custom:scripting/monoscript/fileName/LoadbalancingPeer.cs: d9dd9ca955de7f0a553b219d39f29621 -> 
  custom:scripting/monoscript/fileName/FusionStatsObjectIds.cs: 43a79179a267263c08267aeebfb7eafd -> 
  custom:scripting/monoscript/fileName/PunCockpitEmbed.cs: 2240c92b97535c6672465e83f1e36036 -> 
  custom:scripting/monoscript/fileName/CurrentRoomIsOpenToggle.cs: 229c6038772c64902eb501df39020417 -> 
  custom:scripting/monoscript/fileName/PhotonStatsGui.cs: d8361e63c4cf02d1cc41570adb7e9d85 -> 
  custom:scripting/monoscript/fileName/PunSceneSettingsInspector.cs: da5c9fdcd684cd1c669e2f5c5f40d373 -> 
  custom:scripting/monoscript/fileName/CurrentRoomMaxPlayersProperty.cs: f8d2a9d7157be1b82e5db9695b63da90 -> 
  custom:scripting/monoscript/fileName/PhotonNetwork.cs: b0631ad5c9d567edbfc4fb2b742f00d0 -> 
  custom:scripting/monoscript/fileName/OnClickRpc.cs: a4c1c482691ed3f8764f3736c0d692ea -> 
  custom:scripting/monoscript/fileName/BezierSpline.cs: fdb9ccdef0d3985b914118aec7c411f2 -> 
  custom:scripting/monoscript/fileName/PhotonPing.cs: 3f140d1df899c474f22230f66cc59a41 -> 
  custom:scripting/monoscript/fileName/CurrentRoomIsVisibleToggle.cs: 47a99e70dc7fd5d059dfbf899c22bbdb -> 
  custom:scripting/monoscript/fileName/Fusion.CodeGen.cs: b9ff9c5a347ec7e6d58d9aa467d5ae96 -> 
  custom:scripting/monoscript/fileName/PhotonStreamQueue.cs: 5d5e55e8eb60f78e116626969ed0311e -> 
  custom:scripting/monoscript/fileName/WebRpcImplementationExample.cs: 7bff59c7defddf73a4ceae1090065bd1 -> 
  custom:container-muxer-webm: aa71ff27fc2769a1b78a27578f13a17b -> 
  custom:scripting/monoscript/fileName/InfosPanelPlaceholder.cs: fef54b122412d96995fae2ad440bb18b -> 
  custom:scripting/monoscript/fileName/NestedComponentUtilities.cs: 033fd91b849b48295ab920beaf62446d -> 
  custom:scripting/monoscript/fileName/PhotonEditorUtils.cs: 4456563b945cca498f5f71d9eb2059b9 -> 
  custom:scripting/monoscript/fileName/IPunCallbacks.cs: 81caf01d84a9fa08671565d87776010b -> 
  custom:scripting/monoscript/fileName/FriendInfo.cs: be836ba41ecfa4c9dca4b510bdfea5c8 -> 
  custom:scripting/monoscript/fileName/CountOfRoomsProperty.cs: c0688910145f665105cec6c6eaf4f03c -> 
  custom:scripting/monoscript/fileName/ServerProperty.cs: d53bc3d40dee4679a13aa7a9ff58706e -> 
  custom:scripting/monoscript/fileName/Bullet.cs: 77c411c50d821352e611a16c30f40226 -> 
  custom:scripting/monoscript/fileName/OnClickDestroy.cs: 84deb4bc685f090f86133752922a945d -> 
  custom:scripting/monoscript/fileName/PhotonView.cs: b2662a18b33c427e0ec2e5ab1a56c2b5 -> 
  custom:scripting/monoscript/fileName/LoadBalancingClient.cs: 632813597f9db7bc895b13321ba1b05b -> 
  custom:scripting/monoscript/fileName/PhotonTransformViewClassic.cs: b13582f7122692c3dc0b0b58565603b7 -> 
  custom:scripting/monoscript/fileName/CameraWork.cs: 7182be285ca897b882f7b04a97b5001a -> 
  custom:scripting/monoscript/fileName/GameVersionField.cs: e1aaf98c257ad1044f09a430176c1d25 -> 
  custom:scripting/monoscript/fileName/CurrentRoomPlayerCountProperty.cs: 2e3a71196f608331c351de9edf7166b4 -> 
  custom:video-codec-MediaFoundation-h265: 746d11721c4dcdbdad8f713fa42b33f4 -> 
  custom:scripting/monoscript/fileName/PhotonAnimatorView.cs: d7e478a730cbe0e6a3a4e1f87600646a -> 
  custom:scripting/monoscript/fileName/CloudRegionProperty.cs: a98a80d4740fc4627fa07cd0d1b937f1 -> 
  custom:scripting/monoscript/fileName/PhotonGUI.cs: a5571c3104cbd100c9135419869f9e73 -> 
  custom:scripting/monoscript/fileName/CurrentRoomPlayerTtlProperty.cs: 5737d382a26e8898e597b19ab06904c5 -> 
  custom:CustomObjectIndexerAttribute: 756ad292c208cfabdd7b50bc23989ffe -> 
  custom:container-demuxer-webm: 4f35f7cbe854078d1ac9338744f61a02 -> 
  custom:scripting/monoscript/fileName/Cluster.cs: 5ff22076c2cc06a01d1cc1c38d08f712 -> 
  custom:scripting/monoscript/fileName/BestRegionInPrefsProperty.cs: f81195994c87654890233836f627cd69 -> 
  custom:scripting/monoscript/fileName/RunnerVisibilityLink.cs: 6e4a2325960fce24f58edb6ee6b338d8 -> 
  custom:scripting/monoscript/fileName/Spaceship.cs: 77d86dcddcb47a6cc18163eb292fa20b -> 
  custom:scripting/monoscript/fileName/CullAreaEditor.cs: ac85e81dd9fb835b90f15d14c78d253a -> 
  custom:scripting/monoscript/fileName/LobbyMainPanel.cs: bee85956556c66d6096a3300e7923c77 -> 
  custom:scripting/monoscript/fileName/ChatParameterCode.cs: a0fd6a090c21b2fc7ca69a867e9c27c2 -> 
  custom:scripting/monoscript/fileName/LayoutElementMatchSize.cs: 325cd6d9cb44d01cc8cfa43a5413de8f -> 
  custom:scripting/monoscript/fileName/TextButtonTransition.cs: 72f2c4484a6dc921aacef6b387422aa7 -> 
  custom:scripting/monoscript/fileName/SupportLogger.cs: 6226925e792eee84b718aee3baaa82a7 -> 
  custom:scripting/monoscript/fileName/Asteroid.cs: 8382d1ead570177214081c1ec12affef -> 
  custom:scripting/monoscript/fileName/CurrentRoomExpectedUsersProperty.cs: 15c7823a1b55465c741092cad452b5e4 -> 
  custom:scripting/monoscript/fileName/BoolInputField.cs: 96b6c600bd0428819f492c767ecf8b5b -> 
========================================================================
Received Import Request.
  Time since last request: 376.536655 seconds.
  path: Assets/Scripts/ChessBot.cs
  artifactKey: Guid(f96f9ef62d96dfc48943591bfc9a40d2) Importer(815301076,1909f56bfc062723c751e8b465ee728b)
Start importing Assets/Scripts/ChessBot.cs using Guid(f96f9ef62d96dfc48943591bfc9a40d2) Importer(815301076,1909f56bfc062723c751e8b465ee728b)  -> (artifact id: '95bec30649ef5745aceb07401154c284') in 0.001905 seconds
Number of updated asset objects reloaded before import = 0
Number of asset objects unloaded after import = 0
========================================================================
Received Import Request.
  Time since last request: 33.258896 seconds.
  path: Assets/Scripts/ChessBot.cs
  artifactKey: Guid(f96f9ef62d96dfc48943591bfc9a40d2) Importer(815301076,1909f56bfc062723c751e8b465ee728b)
Start importing Assets/Scripts/ChessBot.cs using Guid(f96f9ef62d96dfc48943591bfc9a40d2) Importer(815301076,1909f56bfc062723c751e8b465ee728b)  -> (artifact id: '971becb1968ca529672aea8d94de08df') in 0.000768 seconds
Number of updated asset objects reloaded before import = 0
Number of asset objects unloaded after import = 0
========================================================================
Received Import Request.
  Time since last request: 48.781428 seconds.
  path: Assets/Scripts/ChessBot.cs
  artifactKey: Guid(f96f9ef62d96dfc48943591bfc9a40d2) Importer(815301076,1909f56bfc062723c751e8b465ee728b)
Start importing Assets/Scripts/ChessBot.cs using Guid(f96f9ef62d96dfc48943591bfc9a40d2) Importer(815301076,1909f56bfc062723c751e8b465ee728b)  -> (artifact id: '89e6a75150e0ebdcb766cf8acf3baaec') in 0.000496 seconds
Number of updated asset objects reloaded before import = 0
Number of asset objects unloaded after import = 0
========================================================================
Received Prepare
Begin MonoManager ReloadAssembly
C:\build\output\Unity-Technologies\mono\mono\metadata\icall.c:1842:
C:\build\output\Unity-Technologies\mono\mono\metadata\icall.c:1842:
C:\build\output\Unity-Technologies\mono\mono\metadata\icall.c:1842:
C:\build\output\Unity-Technologies\mono\mono\metadata\icall.c:1842:
C:\build\output\Unity-Technologies\mono\mono\metadata\icall.c:1842:
C:\build\output\Unity-Technologies\mono\mono\metadata\icall.c:1842:
C:\build\output\Unity-Technologies\mono\mono\metadata\icall.c:1842:
C:\build\output\Unity-Technologies\mono\mono\metadata\icall.c:1842:
C:\build\output\Unity-Technologies\mono\mono\metadata\icall.c:1842:
C:\build\output\Unity-Technologies\mono\mono\metadata\icall.c:1842:
C:\build\output\Unity-Technologies\mono\mono\metadata\icall.c:1842:
C:\build\output\Unity-Technologies\mono\mono\metadata\icall.c:1842:
Symbol file LoadedFromMemory doesn't match image C:\Users\tudor\OneDrive\Imagini\Documente\GitHub\Anarchy chess\Library\PackageCache\com.unity.visualscripting@1.8.0\Editor\VisualScripting.Core\Dependencies\YamlDotNet\Unity.VisualScripting.YamlDotNet.dll
Symbol file LoadedFromMemory doesn't match image C:\Users\tudor\OneDrive\Imagini\Documente\GitHub\Anarchy chess\Library\PackageCache\com.unity.visualscripting@1.8.0\Editor\VisualScripting.Core\Dependencies\DotNetZip\Unity.VisualScripting.IonicZip.dll
- Loaded All Assemblies, in  0.622 seconds
Refreshing native plugins compatible for Editor in 3.57 ms, found 4 plugins.
Native extension for Android target not found
Native extension for WindowsStandalone target not found
Mono: successfully reloaded assembly
- Finished resetting the current domain, in  0.726 seconds
Domain Reload Profiling: 1345ms
	BeginReloadAssembly (154ms)
		ExecutionOrderSort (0ms)
		DisableScriptedObjects (11ms)
		BackupInstance (0ms)
		ReleaseScriptingObjects (0ms)
		CreateAndSetChildDomain (37ms)
	RebuildCommonClasses (26ms)
	RebuildNativeTypeToScriptingClass (9ms)
	initialDomainReloadingComplete (22ms)
	LoadAllAssembliesAndSetupDomain (408ms)
		LoadAssemblies (271ms)
		RebuildTransferFunctionScriptingTraits (0ms)
		AnalyzeDomain (212ms)
			TypeCache.Refresh (205ms)
				TypeCache.ScanAssembly (197ms)
			ScanForSourceGeneratedMonoScriptInfo (3ms)
			ResolveRequiredComponents (3ms)
	FinalizeReload (726ms)
		ReleaseScriptCaches (0ms)
		RebuildScriptCaches (0ms)
		SetupLoadedEditorAssemblies (318ms)
			LogAssemblyErrors (0ms)
			InitializePlatformSupportModulesInManaged (18ms)
			SetLoadedEditorAssemblies (2ms)
			BeforeProcessingInitializeOnLoad (63ms)
			ProcessInitializeOnLoadAttributes (209ms)
			ProcessInitializeOnLoadMethodAttributes (22ms)
			AfterProcessingInitializeOnLoad (3ms)
			EditorAssembliesLoaded (0ms)
		ExecutionOrderSort2 (0ms)
		AwakeInstancesAfterBackupRestoration (6ms)
Refreshing native plugins compatible for Editor in 3.13 ms, found 4 plugins.
Preloading 0 native plugins for Editor in 0.00 ms.
Unloading 4277 Unused Serialized files (Serialized files now loaded: 0)
Unloading 38 unused Assets / (37.6 KB). Loaded Objects now: 4914.
Memory consumption went from 194.0 MB to 194.0 MB.
Total: 3.729400 ms (FindLiveObjects: 0.250500 ms CreateObjectMapping: 0.129700 ms MarkObjects: 3.295700 ms  DeleteObjects: 0.052600 ms)

Prepare: number of updated asset objects reloaded= 0
AssetImportParameters requested are different than current active one (requested -> active):
  custom:scripting/monoscript/fileName/CountdownTimer.cs: 29151b8b1909dcb5f8770e606e1b626a -> 
  custom:scripting/monoscript/fileName/NickNameField.cs: 4566439151a528588c6e77fbea15ef25 -> 
  custom:scripting/monoscript/fileName/ConnectionHandler.cs: 33c1e29051dc60b1fb7e8675cafa9a54 -> 
  custom:scripting/monoscript/fileName/NetworkProjectConfigImporterEditor.cs: 0b9c7f8db96d38ff89dc9f2e19e80a40 -> 
  custom:scripting/monoscript/fileName/StringInputField.cs: 766f94c288e6bb2cfcd18d60914c0461 -> 
  custom:scripting/monoscript/fileName/PhotonTransformViewClassicEditor.cs: 174be401c238aa6e741f961399731929 -> 
  custom:scripting/monoscript/fileName/Fusion.CodeGen.User.cs: 7518413c31be8fc7fe79dd8f5b20fa0c -> 
  custom:scripting/monoscript/fileName/SmoothSyncMovement.cs: 31ee6a992a574c4e665f73e48482d3fc -> 
  custom:scripting/monoscript/fileName/PlayerListCell.cs: 76799f985e8a3951e5d132618c3350d8 -> 
  custom:scripting/monoscript/fileName/NetworkCharacterController.cs: 0d9ab4a1b508efe718225ceffebd8e54 -> 
  custom:scripting/monoscript/fileName/ConnectAndJoinRandomLb.cs: 9dd47be72f766f78cbbffce9f8575ef1 -> 
  custom:scripting/monoscript/fileName/RoomInfo.cs: 86776ad49e4deb535029b369c45e7f36 -> 
  custom:scripting/monoscript/fileName/ServerAddressProperty.cs: 284ddbe40a77584c9c8835a0d4d63859 -> 
  custom:video-decoder-webm-vp8: 9c59270c3fd7afecdb556c50c9e8de78 -> 
  custom:scripting/monoscript/fileName/SlotRacerSplashScreen.cs: 76e2c64393d61c31f26e20612278ec67 -> 
  custom:scripting/monoscript/fileName/ChannelCreationOptions.cs: 4231621e658bee43f79b42f64c894f83 -> 
  custom:scripting/monoscript/fileName/SystemConnectionSummary.cs: bf5673a8df4878a9885c94fd51dd3397 -> 
  custom:scripting/monoscript/fileName/RunnerLagCompensationGizmos.cs: f7028307a5d8b8de388a40efb20302af -> 
  custom:SearchIndexIgnoredProperties: e643bd26f0fe6173181afceb89e7c659 -> 
  custom:scripting/monoscript/fileName/DocLinks.cs: 22fc6e62d47c65fdd35bd32f57891e69 -> 
  custom:scripting/monoscript/fileName/FriendListView.cs: 04c66340ac95991cba62207cfc3f8015 -> 
  custom:scripting/monoscript/fileName/RunnerEnableVisibility.cs: e1b57f1bd6fcbd3137975404af4bcf85 -> 
  custom:scripting/monoscript/fileName/OnClickInstantiate.cs: 3929e8581c0458b4fa6c3ecec790414e -> 
  custom:scripting/monoscript/fileName/PlayerNumberingInspector.cs: e277bf463a09eaa6bcf2868a0f243e5c -> 
  custom:scripting/monoscript/fileName/NetworkProjectConfigImporter.cs: a2caae9d85fed596662aa6841efc1b3e -> 
  custom:scripting/monoscript/fileName/IChatClientListener.cs: e6ec1b8d09bf11f3791c0bd18ae45880 -> 
  custom:audio-encoder-webm-vorbis: bf7c407c2cedff20999df2af8eb42d56 -> 
  custom:scripting/monoscript/fileName/FusionEditorSkin.cs: c6dee1ba664a2a78ce51705f2322e50c -> 
  custom:scripting/monoscript/fileName/PunClasses.cs: d6a17dc119cdc0b4a5b92f4135a56268 -> 
  custom:scripting/monoscript/fileName/ScoreHelper.cs: 7e2091fcb90bdab85f4be0c18d586eba -> 
  custom:scripting/monoscript/fileName/FusionStatsGraph.cs: 7021e2a0a0c25bbb5696ad6d6108403d -> 
  custom:scripting/monoscript/fileName/IsConnectedAndReadyProperty.cs: af06b6e7ee3f25798787bf32cafcb247 -> 
  custom:scripting/monoscript/fileName/OnEscapeQuit.cs: be21f25ae17e13db5ee6619d0c4d06e1 -> 
  custom:scripting/monoscript/fileName/FusionRunnerVisibilityControlsWindow.cs: 503e55d51d5bac9ff9db7e3128ab6896 -> 
  custom:scripting/monoscript/fileName/OnJoinedInstantiate.cs: e6fcd481d2d6dd67f5b18fb26017d8ba -> 
  custom:scripting/monoscript/fileName/IgnoreUiRaycastWhenInactive.cs: 64ae0ba0567ac5043ee479695fe7bd2b -> 
  custom:scripting/monoscript/fileName/PlayerListEntry.cs: 3811c0a731ead3815771e470aaca8954 -> 
  custom:scripting/monoscript/fileName/ChatUserStatus.cs: 70a3ef1ac77c9464b5af9f3f7bba93e1 -> 
  custom:scripting/monoscript/fileName/CurrentRoomEmptyRoomTtlProperty.cs: ba459c40e550063227b6dbef6f2e12d7 -> 
  custom:scripting/monoscript/fileName/FusionAddressablePrefabsPreloader.cs: 609c7194fc18608a6ba4972670be253b -> 
  custom:scripting/monoscript/fileName/MonoBehaviourPunEditor.cs: a420633076e18e6ded9ee7ff41e5161d -> 
  custom:scripting/monoscript/fileName/IngameControlPanel.cs: e8e78297d18e08fd0d6ef99a75e376c2 -> 
  custom:scripting/monoscript/fileName/CustomTypes.cs: 32fb10f0e1ae6f1f4c5b8deb3c8e83c3 -> 
  custom:scripting/monoscript/fileName/PlayerManager.cs: 5b0494b39b9a262c0ad29b1931262023 -> 
  custom:scripting/monoscript/fileName/CurrentRoomIsOpenProperty.cs: 401af34d1219dc5c3b2d226ce3b12b08 -> 
  custom:scripting/monoscript/fileName/RegionListView.cs: d1509ce3c1dcf26ebb758f8eb59e1c54 -> 
  custom:scripting/monoscript/fileName/ConnectToRegionUIForm.cs: 662fbbb8f06b04129a615111e69dec89 -> 
  custom:scripting/monoscript/fileName/SendRateOnSerializeField.cs: 8559ed016d3004cf7fa75b6b51babcf0 -> 
  custom:scripting/monoscript/fileName/Block.cs: 4912a9664024ee7276656eb28373609a -> 
  custom:scripting/monoscript/fileName/RunnerVisibilityLinksRoot.cs: 64f229c02655e4ab1b3ad93c7368ccfe -> 
  custom:scripting/monoscript/fileName/WebRpc.cs: ee2bfdfdd166ac7a426061037e23ee8f -> 
  custom:scripting/monoscript/fileName/BezierSplineInspector.cs: 64d312faa4ce8272425b85e56f7f3f74 -> 
  custom:scripting/monoscript/fileName/IPhotonViewCallbacks.cs: 6b192d91218207b95c2b171719310343 -> 
  custom:scripting/monoscript/fileName/Launcher.cs: 6d0f0651107e8b978d50eb5d8ca63cd3 -> 
  custom:scripting/monoscript/fileName/PropertyCell.cs: caa15b0e3299de64e13d6f1d4cf295aa -> 
  custom:scripting/monoscript/fileName/PunTurnManager.cs: c24499e0acfb9782133d39c092b0366b -> 
  custom:scripting/monoscript/fileName/CurrentRoomIsVisibleProperty.cs: be95d33e9289a548289bfd3ab9507d59 -> 
  custom:scripting/monoscript/fileName/ChatChannel.cs: 052e931f7bf91536d9bda80d682b6368 -> 
  custom:scripting/monoscript/fileName/BezierCurveInspector.cs: cd033eb785ec71c240751fc164fcbff1 -> 
  custom:scripting/monoscript/fileName/AppSettings.cs: d20c247df910115cd4c5ae83482475ef -> 
  custom:scripting/monoscript/fileName/PhotonAnimatorViewEditor.cs: fd89a9c520118567d7b47e39070bcd39 -> 
  custom:scripting/monoscript/fileName/PhotonViewInspector.cs: da72c707197b3a14a9e4fc031131a7bc -> 
  custom:scripting/monoscript/fileName/CurrentRoomPropertiesListedInLobbyProperty.cs: c8880d240fca5295b2028661629631dc -> 
  custom:scripting/monoscript/fileName/ThirdPersonUserControl.cs: 1e36b4529ca7c2f8667ed6449c3722b9 -> 
  custom:scripting/monoscript/fileName/CurrentRoomIsOfflineProperty.cs: a3b570f54686008ce7d1ddf281dfdde2 -> 
  custom:scripting/monoscript/fileName/PlayerControl.cs: 6df8b26511518ec75eac4160d12ac3bc -> 
  custom:scripting/monoscript/fileName/LineInspector.cs: b46fbdbe979ee95575b26620e8af2791 -> 
  custom:scripting/monoscript/fileName/PhotonNetworkPart.cs: 28ef43a4727cd01eb0456d4c51a096be -> 
  custom:scripting/monoscript/fileName/CustomTypesUnity.cs: 013c37589fb09e7f77b2d495dfa13043 -> 
  custom:scripting/monoscript/fileName/ChannelWellKnownProperties.cs: 7e2dabda8907dc60fb63ae9c28cb0b10 -> 
  custom:scripting/monoscript/fileName/ToggleExpand.cs: 8df2d7619ad2c56cf93b2f0cedc9c9a4 -> 
  custom:scripting/monoscript/fileName/EventSystemSpawner.cs: c525f40330ddc66d7e7f5297346da241 -> 
  custom:scripting/monoscript/fileName/PlayerNameInputField.cs: 27839abf4289ab34aa2cc2967033966d -> 
  custom:scripting/monoscript/fileName/IsConnectedProperty.cs: 981ecf71603e1baa6ce21b0fd1acc020 -> 
  custom:scripting/monoscript/fileName/PlayerAnimatorManager.cs: a7d34eb870b3ee44c83d5db31316a095 -> 
  custom:scripting/monoscript/fileName/MoveByKeys.cs: 0be06a6581575752c58847799d9932e6 -> 
  custom:scripting/monoscript/fileName/FriendListCell.cs: 8dfedb1e000853780b714ad0651f22a9 -> 
  custom:scripting/monoscript/fileName/PhotonTeamsManager.cs: ed14ceec94e7d1247f794ca4f7f3aa2e -> 
  custom:scripting/monoscript/fileName/ChatOperationCode.cs: dac444e0d5bbc5c837c33663c8b2cefb -> 
  custom:AudioImporter_EditorPlatform: d09bf68614088b80899f8185d706f6e7 -> 
  custom:scripting/monoscript/fileName/ChatEventCode.cs: 764a52cdc3a575d4587f1a0939ee2b6d -> 
  custom:scripting/monoscript/fileName/PhotonTransformViewEditor.cs: d59344a8429d1e1c91f78e42f728790a -> 
  custom:scripting/monoscript/fileName/DocLinkButton.cs: 551275f4066ad419ab79864501010643 -> 
  custom:scripting/monoscript/fileName/Room.cs: f509531380bf8f44be3c84421df8f27b -> 
  custom:scripting/monoscript/fileName/AsteroidsGame.cs: 39019f3fa92643372bcb4670a7434593 -> 
  custom:scripting/monoscript/fileName/LoaderAnime.cs: 95ab941fc8d4427c4fa6c07cf9af1057 -> 
  custom:scripting/monoscript/fileName/ButtonInsideScrollList.cs: 663db374c5f487d95198d2dce6dd1ce7 -> 
  custom:scripting/monoscript/fileName/ReorderableListResources.cs: a21396365aa80586d6fe0c3f093e8e8a -> 12f8cf94345b17bd1a3aef7c3b5bd157
  custom:scripting/monoscript/fileName/SendRateField.cs: 5786bd6806651c5e23c7d4a511e3dfaa -> 
  custom:scripting/monoscript/fileName/PhotonTeamsManagerInspector.cs: 55bea48a55e757c56d53ded3ae32c48e -> 
  custom:audio-decoder-ogg-vorbis: bf7c407c2cedff20999df2af8eb42d56 -> 
  custom:scripting/monoscript/fileName/UserIdUiForm.cs: 0a1836b26b3227dc4bf5c907f6dcc697 -> 
  custom:scripting/monoscript/fileName/ChatAppSettings.cs: db433ce9dc535a56c6c28a3183328622 -> 
  custom:scripting/monoscript/fileName/NetworkSceneManagerDefault.cs: 871a1346f3625e42e5be83f620052e51 -> 
  custom:scripting/monoscript/fileName/PropertyListenerBase.cs: f9338b1da94c09d1d4dc5b01f854e0e3 -> 
  custom:scripting/monoscript/fileName/FriendItem.cs: 7041a5cee458fd755b4167724bf865d2 -> 
  custom:scripting/monoscript/fileName/ChannelSelector.cs: 787aa32b539868663942ded37c6d24ef -> 
  custom:scripting/monoscript/fileName/RegionHandler.cs: 6de377e0adf86218af15234cc2039610 -> 
  custom:scripting/monoscript/fileName/ChatAppIdCheckerUI.cs: 1bb8fafd3e2c10dfddf187c423c0f4b8 -> 
  custom:scripting/monoscript/fileName/CullArea.cs: 75f7e0f84478d7778555f1e1e66d50b7 -> 
  custom:scripting/monoscript/fileName/CountOfPlayersOnMasterProperty.cs: aa74237d4beb81bd33ceee77917bae47 -> 
  custom:scripting/monoscript/fileName/GameManager.cs: 56bc6cc643bcbf5a5a0d63cbd09e7487 -> 9933fbcc6190e2a9171c2ec8808a053e
  custom:scripting/monoscript/fileName/CurrentRoomAutoCleanupProperty.cs: a92fec09d98c752e495341af83135d64 -> 
  custom:scripting/monoscript/fileName/ChatPeer.cs: ab4cb6a09b2bd7026434274768d75701 -> 
  custom:scripting/monoscript/fileName/DemoHubManager.cs: 0dd9c19f14946313f8d78bca90723987 -> 
  custom:scripting/monoscript/fileName/CreateRoomUiForm.cs: bf1ce360a976c4439345f8064d17d3ad -> 
  custom:scripting/monoscript/fileName/NamePickGui.cs: 2c5392a37dc177dc65a116f98af1080e -> 
  custom:scripting/monoscript/fileName/TabViewManager.cs: a7d06552ed611c43e44fb3fef2b558f5 -> 
  custom:scripting/monoscript/fileName/PlayerUI.cs: 4d64fa5e9e8828968d6cc191a132718d -> 
  custom:scripting/monoscript/fileName/EnableOnSingleRunner.cs: 9976ce768e23cc0678b095d30598d8cd -> 
  custom:scripting/monoscript/fileName/PunCockpit.cs: 534cb157a89724d3ca07a36bb2005880 -> 
  custom:scripting/monoscript/fileName/RoomListCell.cs: 8d1543bdc9816b8a578d6cd2eebe48be -> 
  custom:scripting/monoscript/fileName/CurrentRoomNameProperty.cs: 72010acf97fe1f3e9ff0b8c322c93e83 -> 
  custom:scripting/monoscript/fileName/NetworkObjectProviderDefault.cs: 0eb113b3784be4de9cc2f3cdcdf5e36c -> 
  custom:scripting/monoscript/fileName/PunPlayerScores.cs: eee61e21995464ded106b44bf2f6edd4 -> 
  custom:scripting/monoscript/fileName/PunTeamsInspector.cs: 4df913dbc11ac67364301ce3915ea909 -> 
  custom:scripting/monoscript/fileName/Extensions.cs: 3f8618856b92f72822431fd67127e289 -> 
  custom:scripting/monoscript/fileName/AutoSyncSceneToggle.cs: f5a0c8cb6428054959052eda2623401a -> 
  custom:scripting/monoscript/fileName/ToDemoHubButton.cs: 76a2afa2c645f73081ead15c9512dae8 -> 
  custom:scripting/monoscript/fileName/CountOfPlayersInRoomProperty.cs: 22a26994633102695250e14533d8bd88 -> 
  custom:scripting/monoscript/fileName/AppSettingsExtensions.cs: 7eb3b190282e171c2845b1d8ee71ed5c -> 
  custom:scripting/monoscript/fileName/Region.cs: a0331a07d2a132f6cd24585218741838 -> 
  custom:scripting/monoscript/fileName/Bezier.cs: b8534c761c3f32134ac0822189e167cc -> 
  custom:scripting/monoscript/fileName/PhotonEditor.cs: 9beee3a7ca2bc764b51880f31127a0ea -> 
  custom:scripting/monoscript/fileName/CountOfPlayersProperty.cs: 92593170cc4984fa211f8cfbd69ac9a3 -> 
  custom:scripting/monoscript/fileName/OnStartDelete.cs: ca7ff388213f651af9d8be5d8844a8f4 -> 
  custom:video-encoder-webm-vp8: eb34c28f22e8b96e1ab97ce403110664 -> 
  custom:scripting/monoscript/fileName/ChatClient.cs: d3eb880194f03abd869e259e1e9fd5f0 -> 
  custom:scripting/monoscript/fileName/PhotonRigidbody2DView.cs: cfabe07ff5658dc80bf23a32c3f3d3ea -> 
  custom:scripting/monoscript/fileName/RoomListView.cs: 2b7207d3ddc2539dd2b806ed485e033b -> 
  custom:scripting/monoscript/fileName/OfflineModeProperty.cs: 142619a08af07c654a2536f2386c9c6c -> 
  custom:container-demuxer-ogg: 62fdf1f143b41e24485cea50d1cbac27 -> 
  custom:scripting/monoscript/fileName/Noise.cs: dc35aa19dae9f4b9d9d351205aaba1c6 -> 
  custom:scripting/monoscript/fileName/GameVersionProperty.cs: 212cdb5858947bda9a55c4e8f58ef2c6 -> 
  custom:framework-win-MediaFoundation: 216162199b28c13a410421893ffa2e32 -> 
  custom:scripting/monoscript/fileName/ConnectAndJoinRandom.cs: 00d6f17fa442bd592f9dfb4622a40a5d -> 
  custom:scripting/monoscript/fileName/PhotonTransformView.cs: ea668b9d3ca2e512312f4d0840810b14 -> 
  custom:scripting/monoscript/fileName/FusionBootstrap.cs: ce6761b6f61ee75dccdb3d85fc55a691 -> 
  custom:scripting/monoscript/fileName/RoomListEntry.cs: c7ba9dd428a6b8b410fe51075bfba1e1 -> 
  custom:scripting/monoscript/fileName/CurrentRoomMasterClientIdProperty.cs: 8a7f2b18c7369cf86e69820d5f0602fe -> 
  custom:scripting/monoscript/fileName/PunTeams.cs: 97cdf6951e96c2643337cf5fb8f69c0b -> 
  custom:scripting/monoscript/fileName/RegionListCell.cs: f6a1e00ce33d3dec4b7e2cfe425726c7 -> 
  custom:scripting/monoscript/fileName/PunSceneSettings.cs: 91ded15e638c075e189911af7f870d60 -> 
  custom:scripting/monoscript/fileName/ThirdPersonCharacter.cs: d37a384ef7557636dd0499ecb4e48640 -> 
  custom:scripting/monoscript/fileName/PlayerDetailsController.cs: 4a8b583bcd181f124e040cd407eab3b7 -> 
  custom:scripting/monoscript/fileName/PhotonRigidbody2DViewEditor.cs: 1bbd8586933ea3b91d286e3a03ef0b15 -> 
  custom:scripting/monoscript/fileName/Fusion.Unity.Editor.cs: b14e14e52edac49806a8f9d4187d9f4c -> 
  custom:scripting/monoscript/fileName/Fusion.Unity.cs: 2f52e767df9231dc9ad5c805bed98e70 -> 
  custom:scripting/monoscript/fileName/SlotLanes.cs: 97949fb7cbc49a87a0e9a949a270c39f -> 
  custom:scripting/monoscript/fileName/StatesGui.cs: 98e5143501c303d7d5973c718d302233 -> 
  custom:scripting/monoscript/fileName/SplineWalker.cs: 5be65352f0f07fbe7665dfb31e99644d -> 
  custom:scripting/monoscript/fileName/PingProperty.cs: 9f24d087d77c62d9ddcbab43ed4cd5fe -> 
  custom:scripting/monoscript/fileName/LoadLevelUIForm.cs: 6198023540609558b39b6b3a84524494 -> 
  custom:scripting/monoscript/fileName/MultiplayerManager.cs: 29415d0687c638629166b314004ee270 -> 
  custom:scripting/monoscript/fileName/BezierCurve.cs: 6855a37c0f6b23766e2a15354899a784 -> 
  custom:scripting/monoscript/fileName/Line.cs: 5e23c11e3450a3cc94ccc16c37b15685 -> 
  custom:scripting/monoscript/fileName/FusionStatsBillboard.cs: beff202fd2a83c3f993d781559426984 -> 
  custom:scripting/monoscript/fileName/SetRoomCustomPropertyUIForm.cs: 9f1b75809ed6e2f34b0b61446d287bd4 -> 
  custom:scripting/monoscript/fileName/RunnerAOIGizmos.cs: 8b1629a60417f80a3d501474e540ad3f -> 
  custom:scripting/monoscript/fileName/PointedAtGameObjectInfo.cs: 0f220a9d7e421f59db30fb04c90d6c0e -> 
  custom:scripting/monoscript/fileName/PhotonLagSimulationGui.cs: de60acfca25c9c245519382776ad2f82 -> 
  custom:scripting/monoscript/fileName/OnPointerOverTooltip.cs: b9abe1fce28033712ba423247874af86 -> 
  custom:scripting/monoscript/fileName/PhotonViewHandler.cs: 7c6c7799f7e9296388067c605d1dc27c -> 
  custom:scripting/monoscript/fileName/CullingHandler.cs: ff4506351c41ac4ce471635b6b12ceb3 -> 
  custom:scripting/monoscript/fileName/PlayerListView.cs: 60e6f2e41401ae176dea7b70bab3c390 -> 
  custom:scripting/monoscript/fileName/SplinePosition.cs: b39b2fa35faaacaf63f8929368e2e5de -> 
  custom:video-decoder-ogg-theora: a1e56fd34408186e4bbccfd4996cb3dc -> 
  custom:scripting/monoscript/fileName/PlayerNumbering.cs: ce6d1f08b3d2d23009596a69c08b221d -> 
  custom:scripting/monoscript/fileName/PunStartup.cs: 961ddc858b2c0426ca5019c7e78c4fbf -> 
  custom:scripting/monoscript/fileName/FusionStatsMeterBar.cs: d21101dd4c4710df60c667e63d577d83 -> 
  custom:scripting/monoscript/fileName/PhotonHandler.cs: 70e641dd7ce55eb351f633fc29fb5f7f -> 
  custom:scripting/monoscript/fileName/IntInputField.cs: 40c0ee81b04639c26264c222a1aaea0c -> 
  custom:scripting/monoscript/fileName/PhotonRigidbodyView.cs: f6b453c3dd57cf47fa35b8156daece9a -> 
  custom:scripting/monoscript/fileName/TextToggleIsOnTransition.cs: 326b9c727c304dd69fe51444f64a7721 -> 
  custom:scripting/monoscript/fileName/WorldGenerator.cs: dca0ae82b72e05480b823fc7043006c0 -> 
  custom:scripting/monoscript/fileName/LobbyTopPanel.cs: 830e03b228bff7a95bbb092a2d6b29d2 -> 
  custom:scripting/monoscript/fileName/PlayerOverviewPanel.cs: 515bb293728f907f134591646985b9ce -> 
  custom:scripting/monoscript/fileName/OnlineDocButton.cs: e8bceb35def1f2c21aeb107b10e7c020 -> 
  custom:scripting/monoscript/fileName/AsteroidsGameManager.cs: 12a51843b5b71df994a62f28231ff7ef -> 
  custom:scripting/monoscript/fileName/ServerSettings.cs: 8fa55e8857e3ebd201455fd70a9f157d -> 
  custom:scripting/monoscript/fileName/ServerSettingsInspector.cs: 95da0bc9ecca5735a6f497f524ce7e54 -> 
  custom:scripting/monoscript/fileName/AppVersionProperty.cs: a4b4daafa219f35ecce40e74ac804003 -> 
  custom:scripting/monoscript/fileName/ProceduralController.cs: 294ae00e975ca4fe85822d6f85fe658a -> 
  custom:scripting/monoscript/fileName/BackgroundTimeOutField.cs: 301f4bb8d6480b188021ecf99ba8be6c -> 
  custom:scripting/monoscript/fileName/UserIdField.cs: 889d45ebefa87613726b801d1e5e80c8 -> 
  custom:scripting/monoscript/fileName/GraphicToggleIsOnTransition.cs: 7e3768d2f1167a9a7dc7f801820c67a5 -> 
  custom:scripting/monoscript/fileName/ChatGui.cs: 83ccb577c346edd301c0a35e11693dfd -> 
  custom:scripting/monoscript/fileName/AccountService.cs: 80b748556379aab9364d8ef00499f1a9 -> 
  custom:scripting/monoscript/fileName/PhotonRigidbodyViewEditor.cs: ab7e34153fa9a3c646e0316fa6fc5600 -> 
  custom:scripting/monoscript/fileName/CrcCheckToggle.cs: a236d00910b93ad4ae792080fb07508e -> 
  custom:scripting/monoscript/fileName/FusionBootstrapDebugGUI.cs: 371b4228dd1f5808b5897e19c03d546a -> 
  custom:scripting/monoscript/fileName/Player.cs: b6aef835b43cb69bef999bd5136f7c21 -> 
  custom:scripting/monoscript/fileName/LoadbalancingPeer.cs: d9dd9ca955de7f0a553b219d39f29621 -> 
  custom:scripting/monoscript/fileName/FusionStatsObjectIds.cs: 43a79179a267263c08267aeebfb7eafd -> 
  custom:scripting/monoscript/fileName/PunCockpitEmbed.cs: 2240c92b97535c6672465e83f1e36036 -> 
  custom:scripting/monoscript/fileName/CurrentRoomIsOpenToggle.cs: 229c6038772c64902eb501df39020417 -> 
  custom:scripting/monoscript/fileName/PhotonStatsGui.cs: d8361e63c4cf02d1cc41570adb7e9d85 -> 
  custom:scripting/monoscript/fileName/PunSceneSettingsInspector.cs: da5c9fdcd684cd1c669e2f5c5f40d373 -> 
  custom:scripting/monoscript/fileName/CurrentRoomMaxPlayersProperty.cs: f8d2a9d7157be1b82e5db9695b63da90 -> 
  custom:scripting/monoscript/fileName/PhotonNetwork.cs: b0631ad5c9d567edbfc4fb2b742f00d0 -> 
  custom:scripting/monoscript/fileName/OnClickRpc.cs: a4c1c482691ed3f8764f3736c0d692ea -> 
  custom:scripting/monoscript/fileName/BezierSpline.cs: fdb9ccdef0d3985b914118aec7c411f2 -> 
  custom:scripting/monoscript/fileName/PhotonPing.cs: 3f140d1df899c474f22230f66cc59a41 -> 
  custom:scripting/monoscript/fileName/CurrentRoomIsVisibleToggle.cs: 47a99e70dc7fd5d059dfbf899c22bbdb -> 
  custom:scripting/monoscript/fileName/Fusion.CodeGen.cs: b9ff9c5a347ec7e6d58d9aa467d5ae96 -> 
  custom:scripting/monoscript/fileName/PhotonStreamQueue.cs: 5d5e55e8eb60f78e116626969ed0311e -> 
  custom:scripting/monoscript/fileName/WebRpcImplementationExample.cs: 7bff59c7defddf73a4ceae1090065bd1 -> 
  custom:container-muxer-webm: aa71ff27fc2769a1b78a27578f13a17b -> 
  custom:scripting/monoscript/fileName/InfosPanelPlaceholder.cs: fef54b122412d96995fae2ad440bb18b -> 
  custom:scripting/monoscript/fileName/NestedComponentUtilities.cs: 033fd91b849b48295ab920beaf62446d -> 
  custom:scripting/monoscript/fileName/PhotonEditorUtils.cs: 4456563b945cca498f5f71d9eb2059b9 -> 
  custom:scripting/monoscript/fileName/IPunCallbacks.cs: 81caf01d84a9fa08671565d87776010b -> 
  custom:scripting/monoscript/fileName/FriendInfo.cs: be836ba41ecfa4c9dca4b510bdfea5c8 -> 
  custom:scripting/monoscript/fileName/CountOfRoomsProperty.cs: c0688910145f665105cec6c6eaf4f03c -> 
  custom:scripting/monoscript/fileName/ServerProperty.cs: d53bc3d40dee4679a13aa7a9ff58706e -> 
  custom:scripting/monoscript/fileName/Bullet.cs: 77c411c50d821352e611a16c30f40226 -> 
  custom:scripting/monoscript/fileName/OnClickDestroy.cs: 84deb4bc685f090f86133752922a945d -> 
  custom:scripting/monoscript/fileName/PhotonView.cs: b2662a18b33c427e0ec2e5ab1a56c2b5 -> 
  custom:scripting/monoscript/fileName/LoadBalancingClient.cs: 632813597f9db7bc895b13321ba1b05b -> 
  custom:scripting/monoscript/fileName/PhotonTransformViewClassic.cs: b13582f7122692c3dc0b0b58565603b7 -> 
  custom:scripting/monoscript/fileName/CameraWork.cs: 7182be285ca897b882f7b04a97b5001a -> 
  custom:scripting/monoscript/fileName/GameVersionField.cs: e1aaf98c257ad1044f09a430176c1d25 -> 
  custom:scripting/monoscript/fileName/CurrentRoomPlayerCountProperty.cs: 2e3a71196f608331c351de9edf7166b4 -> 
  custom:video-codec-MediaFoundation-h265: 746d11721c4dcdbdad8f713fa42b33f4 -> 
  custom:scripting/monoscript/fileName/PhotonAnimatorView.cs: d7e478a730cbe0e6a3a4e1f87600646a -> 
  custom:scripting/monoscript/fileName/CloudRegionProperty.cs: a98a80d4740fc4627fa07cd0d1b937f1 -> 
  custom:scripting/monoscript/fileName/PhotonGUI.cs: a5571c3104cbd100c9135419869f9e73 -> 
  custom:scripting/monoscript/fileName/CurrentRoomPlayerTtlProperty.cs: 5737d382a26e8898e597b19ab06904c5 -> 
  custom:CustomObjectIndexerAttribute: 756ad292c208cfabdd7b50bc23989ffe -> 
  custom:container-demuxer-webm: 4f35f7cbe854078d1ac9338744f61a02 -> 
  custom:scripting/monoscript/fileName/Cluster.cs: 5ff22076c2cc06a01d1cc1c38d08f712 -> 
  custom:scripting/monoscript/fileName/BestRegionInPrefsProperty.cs: f81195994c87654890233836f627cd69 -> 
  custom:scripting/monoscript/fileName/RunnerVisibilityLink.cs: 6e4a2325960fce24f58edb6ee6b338d8 -> 
  custom:scripting/monoscript/fileName/Spaceship.cs: 77d86dcddcb47a6cc18163eb292fa20b -> 
  custom:scripting/monoscript/fileName/CullAreaEditor.cs: ac85e81dd9fb835b90f15d14c78d253a -> 
  custom:scripting/monoscript/fileName/LobbyMainPanel.cs: bee85956556c66d6096a3300e7923c77 -> 
  custom:scripting/monoscript/fileName/ChatParameterCode.cs: a0fd6a090c21b2fc7ca69a867e9c27c2 -> 
  custom:scripting/monoscript/fileName/LayoutElementMatchSize.cs: 325cd6d9cb44d01cc8cfa43a5413de8f -> 
  custom:scripting/monoscript/fileName/TextButtonTransition.cs: 72f2c4484a6dc921aacef6b387422aa7 -> 
  custom:scripting/monoscript/fileName/SupportLogger.cs: 6226925e792eee84b718aee3baaa82a7 -> 
  custom:scripting/monoscript/fileName/Asteroid.cs: 8382d1ead570177214081c1ec12affef -> 
  custom:scripting/monoscript/fileName/CurrentRoomExpectedUsersProperty.cs: 15c7823a1b55465c741092cad452b5e4 -> 
  custom:scripting/monoscript/fileName/BoolInputField.cs: 96b6c600bd0428819f492c767ecf8b5b -> 
========================================================================
Received Prepare
Begin MonoManager ReloadAssembly
C:\build\output\Unity-Technologies\mono\mono\metadata\icall.c:1842:
C:\build\output\Unity-Technologies\mono\mono\metadata\icall.c:1842:
C:\build\output\Unity-Technologies\mono\mono\metadata\icall.c:1842:
C:\build\output\Unity-Technologies\mono\mono\metadata\icall.c:1842:
C:\build\output\Unity-Technologies\mono\mono\metadata\icall.c:1842:
C:\build\output\Unity-Technologies\mono\mono\metadata\icall.c:1842:
C:\build\output\Unity-Technologies\mono\mono\metadata\icall.c:1842:
C:\build\output\Unity-Technologies\mono\mono\metadata\icall.c:1842:
C:\build\output\Unity-Technologies\mono\mono\metadata\icall.c:1842:
C:\build\output\Unity-Technologies\mono\mono\metadata\icall.c:1842:
C:\build\output\Unity-Technologies\mono\mono\metadata\icall.c:1842:
C:\build\output\Unity-Technologies\mono\mono\metadata\icall.c:1842:
Symbol file LoadedFromMemory doesn't match image C:\Users\tudor\OneDrive\Imagini\Documente\GitHub\Anarchy chess\Library\PackageCache\com.unity.visualscripting@1.8.0\Editor\VisualScripting.Core\Dependencies\YamlDotNet\Unity.VisualScripting.YamlDotNet.dll
Symbol file LoadedFromMemory doesn't match image C:\Users\tudor\OneDrive\Imagini\Documente\GitHub\Anarchy chess\Library\PackageCache\com.unity.visualscripting@1.8.0\Editor\VisualScripting.Core\Dependencies\DotNetZip\Unity.VisualScripting.IonicZip.dll
- Loaded All Assemblies, in  0.607 seconds
Refreshing native plugins compatible for Editor in 3.49 ms, found 4 plugins.
Native extension for Android target not found
Native extension for WindowsStandalone target not found
Mono: successfully reloaded assembly
- Finished resetting the current domain, in  0.710 seconds
Domain Reload Profiling: 1314ms
	BeginReloadAssembly (155ms)
		ExecutionOrderSort (0ms)
		DisableScriptedObjects (11ms)
		BackupInstance (0ms)
		ReleaseScriptingObjects (0ms)
		CreateAndSetChildDomain (36ms)
	RebuildCommonClasses (26ms)
	RebuildNativeTypeToScriptingClass (9ms)
	initialDomainReloadingComplete (22ms)
	LoadAllAssembliesAndSetupDomain (391ms)
		LoadAssemblies (265ms)
		RebuildTransferFunctionScriptingTraits (0ms)
		AnalyzeDomain (202ms)
			TypeCache.Refresh (196ms)
				TypeCache.ScanAssembly (187ms)
			ScanForSourceGeneratedMonoScriptInfo (3ms)
			ResolveRequiredComponents (3ms)
	FinalizeReload (710ms)
		ReleaseScriptCaches (0ms)
		RebuildScriptCaches (0ms)
		SetupLoadedEditorAssemblies (313ms)
			LogAssemblyErrors (0ms)
			InitializePlatformSupportModulesInManaged (16ms)
			SetLoadedEditorAssemblies (2ms)
			BeforeProcessingInitializeOnLoad (62ms)
			ProcessInitializeOnLoadAttributes (206ms)
			ProcessInitializeOnLoadMethodAttributes (22ms)
			AfterProcessingInitializeOnLoad (3ms)
			EditorAssembliesLoaded (0ms)
		ExecutionOrderSort2 (0ms)
		AwakeInstancesAfterBackupRestoration (6ms)
Refreshing native plugins compatible for Editor in 3.23 ms, found 4 plugins.
Preloading 0 native plugins for Editor in 0.00 ms.
Unloading 4278 Unused Serialized files (Serialized files now loaded: 0)
Unloading 38 unused Assets / (38.5 KB). Loaded Objects now: 4917.
Memory consumption went from 196.2 MB to 196.2 MB.
Total: 3.362200 ms (FindLiveObjects: 0.211500 ms CreateObjectMapping: 0.128100 ms MarkObjects: 2.967300 ms  DeleteObjects: 0.054400 ms)

Prepare: number of updated asset objects reloaded= 0
AssetImportParameters requested are different than current active one (requested -> active):
  custom:scripting/monoscript/fileName/CountdownTimer.cs: 29151b8b1909dcb5f8770e606e1b626a -> 
  custom:scripting/monoscript/fileName/NickNameField.cs: 4566439151a528588c6e77fbea15ef25 -> 
  custom:scripting/monoscript/fileName/ConnectionHandler.cs: 33c1e29051dc60b1fb7e8675cafa9a54 -> 
  custom:scripting/monoscript/fileName/NetworkProjectConfigImporterEditor.cs: 0b9c7f8db96d38ff89dc9f2e19e80a40 -> 
  custom:scripting/monoscript/fileName/StringInputField.cs: 766f94c288e6bb2cfcd18d60914c0461 -> 
  custom:scripting/monoscript/fileName/PhotonTransformViewClassicEditor.cs: 174be401c238aa6e741f961399731929 -> 
  custom:scripting/monoscript/fileName/Fusion.CodeGen.User.cs: 7518413c31be8fc7fe79dd8f5b20fa0c -> 
  custom:scripting/monoscript/fileName/SmoothSyncMovement.cs: 31ee6a992a574c4e665f73e48482d3fc -> 
  custom:scripting/monoscript/fileName/PlayerListCell.cs: 76799f985e8a3951e5d132618c3350d8 -> 
  custom:scripting/monoscript/fileName/NetworkCharacterController.cs: 0d9ab4a1b508efe718225ceffebd8e54 -> 
  custom:scripting/monoscript/fileName/ConnectAndJoinRandomLb.cs: 9dd47be72f766f78cbbffce9f8575ef1 -> 
  custom:scripting/monoscript/fileName/RoomInfo.cs: 86776ad49e4deb535029b369c45e7f36 -> 
  custom:scripting/monoscript/fileName/ServerAddressProperty.cs: 284ddbe40a77584c9c8835a0d4d63859 -> 
  custom:video-decoder-webm-vp8: 9c59270c3fd7afecdb556c50c9e8de78 -> 
  custom:scripting/monoscript/fileName/SlotRacerSplashScreen.cs: 76e2c64393d61c31f26e20612278ec67 -> 
  custom:scripting/monoscript/fileName/ChannelCreationOptions.cs: 4231621e658bee43f79b42f64c894f83 -> 
  custom:scripting/monoscript/fileName/SystemConnectionSummary.cs: bf5673a8df4878a9885c94fd51dd3397 -> 
  custom:scripting/monoscript/fileName/RunnerLagCompensationGizmos.cs: f7028307a5d8b8de388a40efb20302af -> 
  custom:SearchIndexIgnoredProperties: e643bd26f0fe6173181afceb89e7c659 -> 
  custom:scripting/monoscript/fileName/DocLinks.cs: 22fc6e62d47c65fdd35bd32f57891e69 -> 
  custom:scripting/monoscript/fileName/FriendListView.cs: 04c66340ac95991cba62207cfc3f8015 -> 
  custom:scripting/monoscript/fileName/RunnerEnableVisibility.cs: e1b57f1bd6fcbd3137975404af4bcf85 -> 
  custom:scripting/monoscript/fileName/OnClickInstantiate.cs: 3929e8581c0458b4fa6c3ecec790414e -> 
  custom:scripting/monoscript/fileName/PlayerNumberingInspector.cs: e277bf463a09eaa6bcf2868a0f243e5c -> 
  custom:scripting/monoscript/fileName/NetworkProjectConfigImporter.cs: a2caae9d85fed596662aa6841efc1b3e -> 
  custom:scripting/monoscript/fileName/IChatClientListener.cs: e6ec1b8d09bf11f3791c0bd18ae45880 -> 
  custom:audio-encoder-webm-vorbis: bf7c407c2cedff20999df2af8eb42d56 -> 
  custom:scripting/monoscript/fileName/FusionEditorSkin.cs: c6dee1ba664a2a78ce51705f2322e50c -> 
  custom:scripting/monoscript/fileName/PunClasses.cs: d6a17dc119cdc0b4a5b92f4135a56268 -> 
  custom:scripting/monoscript/fileName/ScoreHelper.cs: 7e2091fcb90bdab85f4be0c18d586eba -> 
  custom:scripting/monoscript/fileName/FusionStatsGraph.cs: 7021e2a0a0c25bbb5696ad6d6108403d -> 
  custom:scripting/monoscript/fileName/IsConnectedAndReadyProperty.cs: af06b6e7ee3f25798787bf32cafcb247 -> 
  custom:scripting/monoscript/fileName/OnEscapeQuit.cs: be21f25ae17e13db5ee6619d0c4d06e1 -> 
  custom:scripting/monoscript/fileName/FusionRunnerVisibilityControlsWindow.cs: 503e55d51d5bac9ff9db7e3128ab6896 -> 
  custom:scripting/monoscript/fileName/OnJoinedInstantiate.cs: e6fcd481d2d6dd67f5b18fb26017d8ba -> 
  custom:scripting/monoscript/fileName/IgnoreUiRaycastWhenInactive.cs: 64ae0ba0567ac5043ee479695fe7bd2b -> 
  custom:scripting/monoscript/fileName/PlayerListEntry.cs: 3811c0a731ead3815771e470aaca8954 -> 
  custom:scripting/monoscript/fileName/ChatUserStatus.cs: 70a3ef1ac77c9464b5af9f3f7bba93e1 -> 
  custom:scripting/monoscript/fileName/CurrentRoomEmptyRoomTtlProperty.cs: ba459c40e550063227b6dbef6f2e12d7 -> 
  custom:scripting/monoscript/fileName/FusionAddressablePrefabsPreloader.cs: 609c7194fc18608a6ba4972670be253b -> 
  custom:scripting/monoscript/fileName/MonoBehaviourPunEditor.cs: a420633076e18e6ded9ee7ff41e5161d -> 
  custom:scripting/monoscript/fileName/IngameControlPanel.cs: e8e78297d18e08fd0d6ef99a75e376c2 -> 
  custom:scripting/monoscript/fileName/CustomTypes.cs: 32fb10f0e1ae6f1f4c5b8deb3c8e83c3 -> 
  custom:scripting/monoscript/fileName/PlayerManager.cs: 5b0494b39b9a262c0ad29b1931262023 -> 
  custom:scripting/monoscript/fileName/CurrentRoomIsOpenProperty.cs: 401af34d1219dc5c3b2d226ce3b12b08 -> 
  custom:scripting/monoscript/fileName/RegionListView.cs: d1509ce3c1dcf26ebb758f8eb59e1c54 -> 
  custom:scripting/monoscript/fileName/ConnectToRegionUIForm.cs: 662fbbb8f06b04129a615111e69dec89 -> 
  custom:scripting/monoscript/fileName/SendRateOnSerializeField.cs: 8559ed016d3004cf7fa75b6b51babcf0 -> 
  custom:scripting/monoscript/fileName/Block.cs: 4912a9664024ee7276656eb28373609a -> 
  custom:scripting/monoscript/fileName/RunnerVisibilityLinksRoot.cs: 64f229c02655e4ab1b3ad93c7368ccfe -> 
  custom:scripting/monoscript/fileName/WebRpc.cs: ee2bfdfdd166ac7a426061037e23ee8f -> 
  custom:scripting/monoscript/fileName/BezierSplineInspector.cs: 64d312faa4ce8272425b85e56f7f3f74 -> 
  custom:scripting/monoscript/fileName/IPhotonViewCallbacks.cs: 6b192d91218207b95c2b171719310343 -> 
  custom:scripting/monoscript/fileName/Launcher.cs: 6d0f0651107e8b978d50eb5d8ca63cd3 -> 
  custom:scripting/monoscript/fileName/PropertyCell.cs: caa15b0e3299de64e13d6f1d4cf295aa -> 
  custom:scripting/monoscript/fileName/PunTurnManager.cs: c24499e0acfb9782133d39c092b0366b -> 
  custom:scripting/monoscript/fileName/CurrentRoomIsVisibleProperty.cs: be95d33e9289a548289bfd3ab9507d59 -> 
  custom:scripting/monoscript/fileName/ChatChannel.cs: 052e931f7bf91536d9bda80d682b6368 -> 
  custom:scripting/monoscript/fileName/BezierCurveInspector.cs: cd033eb785ec71c240751fc164fcbff1 -> 
  custom:scripting/monoscript/fileName/AppSettings.cs: d20c247df910115cd4c5ae83482475ef -> 
  custom:scripting/monoscript/fileName/PhotonAnimatorViewEditor.cs: fd89a9c520118567d7b47e39070bcd39 -> 
  custom:scripting/monoscript/fileName/PhotonViewInspector.cs: da72c707197b3a14a9e4fc031131a7bc -> 
  custom:scripting/monoscript/fileName/CurrentRoomPropertiesListedInLobbyProperty.cs: c8880d240fca5295b2028661629631dc -> 
  custom:scripting/monoscript/fileName/ThirdPersonUserControl.cs: 1e36b4529ca7c2f8667ed6449c3722b9 -> 
  custom:scripting/monoscript/fileName/CurrentRoomIsOfflineProperty.cs: a3b570f54686008ce7d1ddf281dfdde2 -> 
  custom:scripting/monoscript/fileName/PlayerControl.cs: 6df8b26511518ec75eac4160d12ac3bc -> 
  custom:scripting/monoscript/fileName/LineInspector.cs: b46fbdbe979ee95575b26620e8af2791 -> 
  custom:scripting/monoscript/fileName/PhotonNetworkPart.cs: 28ef43a4727cd01eb0456d4c51a096be -> 
  custom:scripting/monoscript/fileName/CustomTypesUnity.cs: 013c37589fb09e7f77b2d495dfa13043 -> 
  custom:scripting/monoscript/fileName/ChannelWellKnownProperties.cs: 7e2dabda8907dc60fb63ae9c28cb0b10 -> 
  custom:scripting/monoscript/fileName/ToggleExpand.cs: 8df2d7619ad2c56cf93b2f0cedc9c9a4 -> 
  custom:scripting/monoscript/fileName/EventSystemSpawner.cs: c525f40330ddc66d7e7f5297346da241 -> 
  custom:scripting/monoscript/fileName/PlayerNameInputField.cs: 27839abf4289ab34aa2cc2967033966d -> 
  custom:scripting/monoscript/fileName/IsConnectedProperty.cs: 981ecf71603e1baa6ce21b0fd1acc020 -> 
  custom:scripting/monoscript/fileName/PlayerAnimatorManager.cs: a7d34eb870b3ee44c83d5db31316a095 -> 
  custom:scripting/monoscript/fileName/MoveByKeys.cs: 0be06a6581575752c58847799d9932e6 -> 
  custom:scripting/monoscript/fileName/FriendListCell.cs: 8dfedb1e000853780b714ad0651f22a9 -> 
  custom:scripting/monoscript/fileName/PhotonTeamsManager.cs: ed14ceec94e7d1247f794ca4f7f3aa2e -> 
  custom:scripting/monoscript/fileName/ChatOperationCode.cs: dac444e0d5bbc5c837c33663c8b2cefb -> 
  custom:AudioImporter_EditorPlatform: d09bf68614088b80899f8185d706f6e7 -> 
  custom:scripting/monoscript/fileName/ChatEventCode.cs: 764a52cdc3a575d4587f1a0939ee2b6d -> 
  custom:scripting/monoscript/fileName/PhotonTransformViewEditor.cs: d59344a8429d1e1c91f78e42f728790a -> 
  custom:scripting/monoscript/fileName/DocLinkButton.cs: 551275f4066ad419ab79864501010643 -> 
  custom:scripting/monoscript/fileName/Room.cs: f509531380bf8f44be3c84421df8f27b -> 
  custom:scripting/monoscript/fileName/AsteroidsGame.cs: 39019f3fa92643372bcb4670a7434593 -> 
  custom:scripting/monoscript/fileName/LoaderAnime.cs: 95ab941fc8d4427c4fa6c07cf9af1057 -> 
  custom:scripting/monoscript/fileName/ButtonInsideScrollList.cs: 663db374c5f487d95198d2dce6dd1ce7 -> 
  custom:scripting/monoscript/fileName/ReorderableListResources.cs: a21396365aa80586d6fe0c3f093e8e8a -> 12f8cf94345b17bd1a3aef7c3b5bd157
  custom:scripting/monoscript/fileName/SendRateField.cs: 5786bd6806651c5e23c7d4a511e3dfaa -> 
  custom:scripting/monoscript/fileName/PhotonTeamsManagerInspector.cs: 55bea48a55e757c56d53ded3ae32c48e -> 
  custom:audio-decoder-ogg-vorbis: bf7c407c2cedff20999df2af8eb42d56 -> 
  custom:scripting/monoscript/fileName/UserIdUiForm.cs: 0a1836b26b3227dc4bf5c907f6dcc697 -> 
  custom:scripting/monoscript/fileName/ChatAppSettings.cs: db433ce9dc535a56c6c28a3183328622 -> 
  custom:scripting/monoscript/fileName/NetworkSceneManagerDefault.cs: 871a1346f3625e42e5be83f620052e51 -> 
  custom:scripting/monoscript/fileName/PropertyListenerBase.cs: f9338b1da94c09d1d4dc5b01f854e0e3 -> 
  custom:scripting/monoscript/fileName/FriendItem.cs: 7041a5cee458fd755b4167724bf865d2 -> 
  custom:scripting/monoscript/fileName/ChannelSelector.cs: 787aa32b539868663942ded37c6d24ef -> 
  custom:scripting/monoscript/fileName/RegionHandler.cs: 6de377e0adf86218af15234cc2039610 -> 
  custom:scripting/monoscript/fileName/ChatAppIdCheckerUI.cs: 1bb8fafd3e2c10dfddf187c423c0f4b8 -> 
  custom:scripting/monoscript/fileName/CullArea.cs: 75f7e0f84478d7778555f1e1e66d50b7 -> 
  custom:scripting/monoscript/fileName/CountOfPlayersOnMasterProperty.cs: aa74237d4beb81bd33ceee77917bae47 -> 
  custom:scripting/monoscript/fileName/GameManager.cs: 56bc6cc643bcbf5a5a0d63cbd09e7487 -> 9933fbcc6190e2a9171c2ec8808a053e
  custom:scripting/monoscript/fileName/CurrentRoomAutoCleanupProperty.cs: a92fec09d98c752e495341af83135d64 -> 
  custom:scripting/monoscript/fileName/ChatPeer.cs: ab4cb6a09b2bd7026434274768d75701 -> 
  custom:scripting/monoscript/fileName/DemoHubManager.cs: 0dd9c19f14946313f8d78bca90723987 -> 
  custom:scripting/monoscript/fileName/CreateRoomUiForm.cs: bf1ce360a976c4439345f8064d17d3ad -> 
  custom:scripting/monoscript/fileName/NamePickGui.cs: 2c5392a37dc177dc65a116f98af1080e -> 
  custom:scripting/monoscript/fileName/TabViewManager.cs: a7d06552ed611c43e44fb3fef2b558f5 -> 
  custom:scripting/monoscript/fileName/PlayerUI.cs: 4d64fa5e9e8828968d6cc191a132718d -> 
  custom:scripting/monoscript/fileName/EnableOnSingleRunner.cs: 9976ce768e23cc0678b095d30598d8cd -> 
  custom:scripting/monoscript/fileName/PunCockpit.cs: 534cb157a89724d3ca07a36bb2005880 -> 
  custom:scripting/monoscript/fileName/RoomListCell.cs: 8d1543bdc9816b8a578d6cd2eebe48be -> 
  custom:scripting/monoscript/fileName/CurrentRoomNameProperty.cs: 72010acf97fe1f3e9ff0b8c322c93e83 -> 
  custom:scripting/monoscript/fileName/NetworkObjectProviderDefault.cs: 0eb113b3784be4de9cc2f3cdcdf5e36c -> 
  custom:scripting/monoscript/fileName/PunPlayerScores.cs: eee61e21995464ded106b44bf2f6edd4 -> 
  custom:scripting/monoscript/fileName/PunTeamsInspector.cs: 4df913dbc11ac67364301ce3915ea909 -> 
  custom:scripting/monoscript/fileName/Extensions.cs: 3f8618856b92f72822431fd67127e289 -> 
  custom:scripting/monoscript/fileName/AutoSyncSceneToggle.cs: f5a0c8cb6428054959052eda2623401a -> 
  custom:scripting/monoscript/fileName/ToDemoHubButton.cs: 76a2afa2c645f73081ead15c9512dae8 -> 
  custom:scripting/monoscript/fileName/CountOfPlayersInRoomProperty.cs: 22a26994633102695250e14533d8bd88 -> 
  custom:scripting/monoscript/fileName/AppSettingsExtensions.cs: 7eb3b190282e171c2845b1d8ee71ed5c -> 
  custom:scripting/monoscript/fileName/Region.cs: a0331a07d2a132f6cd24585218741838 -> 
  custom:scripting/monoscript/fileName/Bezier.cs: b8534c761c3f32134ac0822189e167cc -> 
  custom:scripting/monoscript/fileName/PhotonEditor.cs: 9beee3a7ca2bc764b51880f31127a0ea -> 
  custom:scripting/monoscript/fileName/CountOfPlayersProperty.cs: 92593170cc4984fa211f8cfbd69ac9a3 -> 
  custom:scripting/monoscript/fileName/OnStartDelete.cs: ca7ff388213f651af9d8be5d8844a8f4 -> 
  custom:video-encoder-webm-vp8: eb34c28f22e8b96e1ab97ce403110664 -> 
  custom:scripting/monoscript/fileName/ChatClient.cs: d3eb880194f03abd869e259e1e9fd5f0 -> 
  custom:scripting/monoscript/fileName/PhotonRigidbody2DView.cs: cfabe07ff5658dc80bf23a32c3f3d3ea -> 
  custom:scripting/monoscript/fileName/RoomListView.cs: 2b7207d3ddc2539dd2b806ed485e033b -> 
  custom:scripting/monoscript/fileName/OfflineModeProperty.cs: 142619a08af07c654a2536f2386c9c6c -> 
  custom:container-demuxer-ogg: 62fdf1f143b41e24485cea50d1cbac27 -> 
  custom:scripting/monoscript/fileName/Noise.cs: dc35aa19dae9f4b9d9d351205aaba1c6 -> 
  custom:scripting/monoscript/fileName/GameVersionProperty.cs: 212cdb5858947bda9a55c4e8f58ef2c6 -> 
  custom:framework-win-MediaFoundation: 216162199b28c13a410421893ffa2e32 -> 
  custom:scripting/monoscript/fileName/ConnectAndJoinRandom.cs: 00d6f17fa442bd592f9dfb4622a40a5d -> 
  custom:scripting/monoscript/fileName/PhotonTransformView.cs: ea668b9d3ca2e512312f4d0840810b14 -> 
  custom:scripting/monoscript/fileName/FusionBootstrap.cs: ce6761b6f61ee75dccdb3d85fc55a691 -> 
  custom:scripting/monoscript/fileName/RoomListEntry.cs: c7ba9dd428a6b8b410fe51075bfba1e1 -> 
  custom:scripting/monoscript/fileName/CurrentRoomMasterClientIdProperty.cs: 8a7f2b18c7369cf86e69820d5f0602fe -> 
  custom:scripting/monoscript/fileName/PunTeams.cs: 97cdf6951e96c2643337cf5fb8f69c0b -> 
  custom:scripting/monoscript/fileName/RegionListCell.cs: f6a1e00ce33d3dec4b7e2cfe425726c7 -> 
  custom:scripting/monoscript/fileName/PunSceneSettings.cs: 91ded15e638c075e189911af7f870d60 -> 
  custom:scripting/monoscript/fileName/ThirdPersonCharacter.cs: d37a384ef7557636dd0499ecb4e48640 -> 
  custom:scripting/monoscript/fileName/PlayerDetailsController.cs: 4a8b583bcd181f124e040cd407eab3b7 -> 
  custom:scripting/monoscript/fileName/PhotonRigidbody2DViewEditor.cs: 1bbd8586933ea3b91d286e3a03ef0b15 -> 
  custom:scripting/monoscript/fileName/Fusion.Unity.Editor.cs: b14e14e52edac49806a8f9d4187d9f4c -> 
  custom:scripting/monoscript/fileName/Fusion.Unity.cs: 2f52e767df9231dc9ad5c805bed98e70 -> 
  custom:scripting/monoscript/fileName/SlotLanes.cs: 97949fb7cbc49a87a0e9a949a270c39f -> 
  custom:scripting/monoscript/fileName/StatesGui.cs: 98e5143501c303d7d5973c718d302233 -> 
  custom:scripting/monoscript/fileName/SplineWalker.cs: 5be65352f0f07fbe7665dfb31e99644d -> 
  custom:scripting/monoscript/fileName/PingProperty.cs: 9f24d087d77c62d9ddcbab43ed4cd5fe -> 
  custom:scripting/monoscript/fileName/LoadLevelUIForm.cs: 6198023540609558b39b6b3a84524494 -> 
  custom:scripting/monoscript/fileName/MultiplayerManager.cs: 29415d0687c638629166b314004ee270 -> 
  custom:scripting/monoscript/fileName/BezierCurve.cs: 6855a37c0f6b23766e2a15354899a784 -> 
  custom:scripting/monoscript/fileName/Line.cs: 5e23c11e3450a3cc94ccc16c37b15685 -> 
  custom:scripting/monoscript/fileName/FusionStatsBillboard.cs: beff202fd2a83c3f993d781559426984 -> 
  custom:scripting/monoscript/fileName/SetRoomCustomPropertyUIForm.cs: 9f1b75809ed6e2f34b0b61446d287bd4 -> 
  custom:scripting/monoscript/fileName/RunnerAOIGizmos.cs: 8b1629a60417f80a3d501474e540ad3f -> 
  custom:scripting/monoscript/fileName/PointedAtGameObjectInfo.cs: 0f220a9d7e421f59db30fb04c90d6c0e -> 
  custom:scripting/monoscript/fileName/PhotonLagSimulationGui.cs: de60acfca25c9c245519382776ad2f82 -> 
  custom:scripting/monoscript/fileName/OnPointerOverTooltip.cs: b9abe1fce28033712ba423247874af86 -> 
  custom:scripting/monoscript/fileName/PhotonViewHandler.cs: 7c6c7799f7e9296388067c605d1dc27c -> 
  custom:scripting/monoscript/fileName/CullingHandler.cs: ff4506351c41ac4ce471635b6b12ceb3 -> 
  custom:scripting/monoscript/fileName/PlayerListView.cs: 60e6f2e41401ae176dea7b70bab3c390 -> 
  custom:scripting/monoscript/fileName/SplinePosition.cs: b39b2fa35faaacaf63f8929368e2e5de -> 
  custom:video-decoder-ogg-theora: a1e56fd34408186e4bbccfd4996cb3dc -> 
  custom:scripting/monoscript/fileName/PlayerNumbering.cs: ce6d1f08b3d2d23009596a69c08b221d -> 
  custom:scripting/monoscript/fileName/PunStartup.cs: 961ddc858b2c0426ca5019c7e78c4fbf -> 
  custom:scripting/monoscript/fileName/FusionStatsMeterBar.cs: d21101dd4c4710df60c667e63d577d83 -> 
  custom:scripting/monoscript/fileName/PhotonHandler.cs: 70e641dd7ce55eb351f633fc29fb5f7f -> 
  custom:scripting/monoscript/fileName/IntInputField.cs: 40c0ee81b04639c26264c222a1aaea0c -> 
  custom:scripting/monoscript/fileName/PhotonRigidbodyView.cs: f6b453c3dd57cf47fa35b8156daece9a -> 
  custom:scripting/monoscript/fileName/TextToggleIsOnTransition.cs: 326b9c727c304dd69fe51444f64a7721 -> 
  custom:scripting/monoscript/fileName/WorldGenerator.cs: dca0ae82b72e05480b823fc7043006c0 -> 
  custom:scripting/monoscript/fileName/LobbyTopPanel.cs: 830e03b228bff7a95bbb092a2d6b29d2 -> 
  custom:scripting/monoscript/fileName/PlayerOverviewPanel.cs: 515bb293728f907f134591646985b9ce -> 
  custom:scripting/monoscript/fileName/OnlineDocButton.cs: e8bceb35def1f2c21aeb107b10e7c020 -> 
  custom:scripting/monoscript/fileName/AsteroidsGameManager.cs: 12a51843b5b71df994a62f28231ff7ef -> 
  custom:scripting/monoscript/fileName/ServerSettings.cs: 8fa55e8857e3ebd201455fd70a9f157d -> 
  custom:scripting/monoscript/fileName/ServerSettingsInspector.cs: 95da0bc9ecca5735a6f497f524ce7e54 -> 
  custom:scripting/monoscript/fileName/AppVersionProperty.cs: a4b4daafa219f35ecce40e74ac804003 -> 
  custom:scripting/monoscript/fileName/ProceduralController.cs: 294ae00e975ca4fe85822d6f85fe658a -> 
  custom:scripting/monoscript/fileName/BackgroundTimeOutField.cs: 301f4bb8d6480b188021ecf99ba8be6c -> 
  custom:scripting/monoscript/fileName/UserIdField.cs: 889d45ebefa87613726b801d1e5e80c8 -> 
  custom:scripting/monoscript/fileName/GraphicToggleIsOnTransition.cs: 7e3768d2f1167a9a7dc7f801820c67a5 -> 
  custom:scripting/monoscript/fileName/ChatGui.cs: 83ccb577c346edd301c0a35e11693dfd -> 
  custom:scripting/monoscript/fileName/AccountService.cs: 80b748556379aab9364d8ef00499f1a9 -> 
  custom:scripting/monoscript/fileName/PhotonRigidbodyViewEditor.cs: ab7e34153fa9a3c646e0316fa6fc5600 -> 
  custom:scripting/monoscript/fileName/CrcCheckToggle.cs: a236d00910b93ad4ae792080fb07508e -> 
  custom:scripting/monoscript/fileName/FusionBootstrapDebugGUI.cs: 371b4228dd1f5808b5897e19c03d546a -> 
  custom:scripting/monoscript/fileName/Player.cs: b6aef835b43cb69bef999bd5136f7c21 -> 
  custom:scripting/monoscript/fileName/LoadbalancingPeer.cs: d9dd9ca955de7f0a553b219d39f29621 -> 
  custom:scripting/monoscript/fileName/FusionStatsObjectIds.cs: 43a79179a267263c08267aeebfb7eafd -> 
  custom:scripting/monoscript/fileName/PunCockpitEmbed.cs: 2240c92b97535c6672465e83f1e36036 -> 
  custom:scripting/monoscript/fileName/CurrentRoomIsOpenToggle.cs: 229c6038772c64902eb501df39020417 -> 
  custom:scripting/monoscript/fileName/PhotonStatsGui.cs: d8361e63c4cf02d1cc41570adb7e9d85 -> 
  custom:scripting/monoscript/fileName/PunSceneSettingsInspector.cs: da5c9fdcd684cd1c669e2f5c5f40d373 -> 
  custom:scripting/monoscript/fileName/CurrentRoomMaxPlayersProperty.cs: f8d2a9d7157be1b82e5db9695b63da90 -> 
  custom:scripting/monoscript/fileName/PhotonNetwork.cs: b0631ad5c9d567edbfc4fb2b742f00d0 -> 
  custom:scripting/monoscript/fileName/OnClickRpc.cs: a4c1c482691ed3f8764f3736c0d692ea -> 
  custom:scripting/monoscript/fileName/BezierSpline.cs: fdb9ccdef0d3985b914118aec7c411f2 -> 
  custom:scripting/monoscript/fileName/PhotonPing.cs: 3f140d1df899c474f22230f66cc59a41 -> 
  custom:scripting/monoscript/fileName/CurrentRoomIsVisibleToggle.cs: 47a99e70dc7fd5d059dfbf899c22bbdb -> 
  custom:scripting/monoscript/fileName/Fusion.CodeGen.cs: b9ff9c5a347ec7e6d58d9aa467d5ae96 -> 
  custom:scripting/monoscript/fileName/PhotonStreamQueue.cs: 5d5e55e8eb60f78e116626969ed0311e -> 
  custom:scripting/monoscript/fileName/WebRpcImplementationExample.cs: 7bff59c7defddf73a4ceae1090065bd1 -> 
  custom:container-muxer-webm: aa71ff27fc2769a1b78a27578f13a17b -> 
  custom:scripting/monoscript/fileName/InfosPanelPlaceholder.cs: fef54b122412d96995fae2ad440bb18b -> 
  custom:scripting/monoscript/fileName/NestedComponentUtilities.cs: 033fd91b849b48295ab920beaf62446d -> 
  custom:scripting/monoscript/fileName/PhotonEditorUtils.cs: 4456563b945cca498f5f71d9eb2059b9 -> 
  custom:scripting/monoscript/fileName/IPunCallbacks.cs: 81caf01d84a9fa08671565d87776010b -> 
  custom:scripting/monoscript/fileName/FriendInfo.cs: be836ba41ecfa4c9dca4b510bdfea5c8 -> 
  custom:scripting/monoscript/fileName/CountOfRoomsProperty.cs: c0688910145f665105cec6c6eaf4f03c -> 
  custom:scripting/monoscript/fileName/ServerProperty.cs: d53bc3d40dee4679a13aa7a9ff58706e -> 
  custom:scripting/monoscript/fileName/Bullet.cs: 77c411c50d821352e611a16c30f40226 -> 
  custom:scripting/monoscript/fileName/OnClickDestroy.cs: 84deb4bc685f090f86133752922a945d -> 
  custom:scripting/monoscript/fileName/PhotonView.cs: b2662a18b33c427e0ec2e5ab1a56c2b5 -> 
  custom:scripting/monoscript/fileName/LoadBalancingClient.cs: 632813597f9db7bc895b13321ba1b05b -> 
  custom:scripting/monoscript/fileName/PhotonTransformViewClassic.cs: b13582f7122692c3dc0b0b58565603b7 -> 
  custom:scripting/monoscript/fileName/CameraWork.cs: 7182be285ca897b882f7b04a97b5001a -> 
  custom:scripting/monoscript/fileName/GameVersionField.cs: e1aaf98c257ad1044f09a430176c1d25 -> 
  custom:scripting/monoscript/fileName/CurrentRoomPlayerCountProperty.cs: 2e3a71196f608331c351de9edf7166b4 -> 
  custom:video-codec-MediaFoundation-h265: 746d11721c4dcdbdad8f713fa42b33f4 -> 
  custom:scripting/monoscript/fileName/PhotonAnimatorView.cs: d7e478a730cbe0e6a3a4e1f87600646a -> 
  custom:scripting/monoscript/fileName/CloudRegionProperty.cs: a98a80d4740fc4627fa07cd0d1b937f1 -> 
  custom:scripting/monoscript/fileName/PhotonGUI.cs: a5571c3104cbd100c9135419869f9e73 -> 
  custom:scripting/monoscript/fileName/CurrentRoomPlayerTtlProperty.cs: 5737d382a26e8898e597b19ab06904c5 -> 
  custom:CustomObjectIndexerAttribute: 756ad292c208cfabdd7b50bc23989ffe -> 
  custom:container-demuxer-webm: 4f35f7cbe854078d1ac9338744f61a02 -> 
  custom:scripting/monoscript/fileName/Cluster.cs: 5ff22076c2cc06a01d1cc1c38d08f712 -> 
  custom:scripting/monoscript/fileName/BestRegionInPrefsProperty.cs: f81195994c87654890233836f627cd69 -> 
  custom:scripting/monoscript/fileName/RunnerVisibilityLink.cs: 6e4a2325960fce24f58edb6ee6b338d8 -> 
  custom:scripting/monoscript/fileName/Spaceship.cs: 77d86dcddcb47a6cc18163eb292fa20b -> 
  custom:scripting/monoscript/fileName/CullAreaEditor.cs: ac85e81dd9fb835b90f15d14c78d253a -> 
  custom:scripting/monoscript/fileName/LobbyMainPanel.cs: bee85956556c66d6096a3300e7923c77 -> 
  custom:scripting/monoscript/fileName/ChatParameterCode.cs: a0fd6a090c21b2fc7ca69a867e9c27c2 -> 
  custom:scripting/monoscript/fileName/LayoutElementMatchSize.cs: 325cd6d9cb44d01cc8cfa43a5413de8f -> 
  custom:scripting/monoscript/fileName/TextButtonTransition.cs: 72f2c4484a6dc921aacef6b387422aa7 -> 
  custom:scripting/monoscript/fileName/SupportLogger.cs: 6226925e792eee84b718aee3baaa82a7 -> 
  custom:scripting/monoscript/fileName/Asteroid.cs: 8382d1ead570177214081c1ec12affef -> 
  custom:scripting/monoscript/fileName/CurrentRoomExpectedUsersProperty.cs: 15c7823a1b55465c741092cad452b5e4 -> 
  custom:scripting/monoscript/fileName/BoolInputField.cs: 96b6c600bd0428819f492c767ecf8b5b -> 
========================================================================
Received Prepare
Begin MonoManager ReloadAssembly
C:\build\output\Unity-Technologies\mono\mono\metadata\icall.c:1842:
C:\build\output\Unity-Technologies\mono\mono\metadata\icall.c:1842:
C:\build\output\Unity-Technologies\mono\mono\metadata\icall.c:1842:
C:\build\output\Unity-Technologies\mono\mono\metadata\icall.c:1842:
C:\build\output\Unity-Technologies\mono\mono\metadata\icall.c:1842:
C:\build\output\Unity-Technologies\mono\mono\metadata\icall.c:1842:
C:\build\output\Unity-Technologies\mono\mono\metadata\icall.c:1842:
C:\build\output\Unity-Technologies\mono\mono\metadata\icall.c:1842:
C:\build\output\Unity-Technologies\mono\mono\metadata\icall.c:1842:
C:\build\output\Unity-Technologies\mono\mono\metadata\icall.c:1842:
C:\build\output\Unity-Technologies\mono\mono\metadata\icall.c:1842:
C:\build\output\Unity-Technologies\mono\mono\metadata\icall.c:1842:
Symbol file LoadedFromMemory doesn't match image C:\Users\tudor\OneDrive\Imagini\Documente\GitHub\Anarchy chess\Library\PackageCache\com.unity.visualscripting@1.8.0\Editor\VisualScripting.Core\Dependencies\YamlDotNet\Unity.VisualScripting.YamlDotNet.dll
Symbol file LoadedFromMemory doesn't match image C:\Users\tudor\OneDrive\Imagini\Documente\GitHub\Anarchy chess\Library\PackageCache\com.unity.visualscripting@1.8.0\Editor\VisualScripting.Core\Dependencies\DotNetZip\Unity.VisualScripting.IonicZip.dll
- Loaded All Assemblies, in  0.710 seconds
Refreshing native plugins compatible for Editor in 3.75 ms, found 4 plugins.
Native extension for Android target not found
Native extension for WindowsStandalone target not found
Mono: successfully reloaded assembly
- Finished resetting the current domain, in  1.825 seconds
Domain Reload Profiling: 2531ms
	BeginReloadAssembly (160ms)
		ExecutionOrderSort (0ms)
		DisableScriptedObjects (11ms)
		BackupInstance (0ms)
		ReleaseScriptingObjects (0ms)
		CreateAndSetChildDomain (38ms)
	RebuildCommonClasses (25ms)
	RebuildNativeTypeToScriptingClass (9ms)
	initialDomainReloadingComplete (24ms)
	LoadAllAssembliesAndSetupDomain (489ms)
		LoadAssemblies (344ms)
		RebuildTransferFunctionScriptingTraits (0ms)
		AnalyzeDomain (224ms)
			TypeCache.Refresh (218ms)
				TypeCache.ScanAssembly (209ms)
			ScanForSourceGeneratedMonoScriptInfo (3ms)
			ResolveRequiredComponents (3ms)
	FinalizeReload (1825ms)
		ReleaseScriptCaches (0ms)
		RebuildScriptCaches (0ms)
		SetupLoadedEditorAssemblies (319ms)
			LogAssemblyErrors (0ms)
			InitializePlatformSupportModulesInManaged (17ms)
			SetLoadedEditorAssemblies (2ms)
			BeforeProcessingInitializeOnLoad (63ms)
			ProcessInitializeOnLoadAttributes (212ms)
			ProcessInitializeOnLoadMethodAttributes (21ms)
			AfterProcessingInitializeOnLoad (3ms)
			EditorAssembliesLoaded (0ms)
		ExecutionOrderSort2 (0ms)
		AwakeInstancesAfterBackupRestoration (6ms)
Refreshing native plugins compatible for Editor in 3.43 ms, found 4 plugins.
Preloading 0 native plugins for Editor in 0.00 ms.
Unloading 4278 Unused Serialized files (Serialized files now loaded: 0)
Unloading 38 unused Assets / (37.5 KB). Loaded Objects now: 4920.
Memory consumption went from 198.1 MB to 198.1 MB.
Total: 3.535800 ms (FindLiveObjects: 0.224900 ms CreateObjectMapping: 0.123600 ms MarkObjects: 3.132300 ms  DeleteObjects: 0.053700 ms)

Prepare: number of updated asset objects reloaded= 0
AssetImportParameters requested are different than current active one (requested -> active):
  custom:scripting/monoscript/fileName/CountdownTimer.cs: 29151b8b1909dcb5f8770e606e1b626a -> 
  custom:scripting/monoscript/fileName/NickNameField.cs: 4566439151a528588c6e77fbea15ef25 -> 
  custom:scripting/monoscript/fileName/ConnectionHandler.cs: 33c1e29051dc60b1fb7e8675cafa9a54 -> 
  custom:scripting/monoscript/fileName/NetworkProjectConfigImporterEditor.cs: 0b9c7f8db96d38ff89dc9f2e19e80a40 -> 
  custom:scripting/monoscript/fileName/StringInputField.cs: 766f94c288e6bb2cfcd18d60914c0461 -> 
  custom:scripting/monoscript/fileName/PhotonTransformViewClassicEditor.cs: 174be401c238aa6e741f961399731929 -> 
  custom:scripting/monoscript/fileName/Fusion.CodeGen.User.cs: 7518413c31be8fc7fe79dd8f5b20fa0c -> 
  custom:scripting/monoscript/fileName/SmoothSyncMovement.cs: 31ee6a992a574c4e665f73e48482d3fc -> 
  custom:scripting/monoscript/fileName/PlayerListCell.cs: 76799f985e8a3951e5d132618c3350d8 -> 
  custom:scripting/monoscript/fileName/NetworkCharacterController.cs: 0d9ab4a1b508efe718225ceffebd8e54 -> 
  custom:scripting/monoscript/fileName/ConnectAndJoinRandomLb.cs: 9dd47be72f766f78cbbffce9f8575ef1 -> 
  custom:scripting/monoscript/fileName/RoomInfo.cs: 86776ad49e4deb535029b369c45e7f36 -> 
  custom:scripting/monoscript/fileName/ServerAddressProperty.cs: 284ddbe40a77584c9c8835a0d4d63859 -> 
  custom:video-decoder-webm-vp8: 9c59270c3fd7afecdb556c50c9e8de78 -> 
  custom:scripting/monoscript/fileName/SlotRacerSplashScreen.cs: 76e2c64393d61c31f26e20612278ec67 -> 
  custom:scripting/monoscript/fileName/ChannelCreationOptions.cs: 4231621e658bee43f79b42f64c894f83 -> 
  custom:scripting/monoscript/fileName/SystemConnectionSummary.cs: bf5673a8df4878a9885c94fd51dd3397 -> 
  custom:scripting/monoscript/fileName/RunnerLagCompensationGizmos.cs: f7028307a5d8b8de388a40efb20302af -> 
  custom:SearchIndexIgnoredProperties: e643bd26f0fe6173181afceb89e7c659 -> 
  custom:scripting/monoscript/fileName/DocLinks.cs: 22fc6e62d47c65fdd35bd32f57891e69 -> 
  custom:scripting/monoscript/fileName/FriendListView.cs: 04c66340ac95991cba62207cfc3f8015 -> 
  custom:scripting/monoscript/fileName/RunnerEnableVisibility.cs: e1b57f1bd6fcbd3137975404af4bcf85 -> 
  custom:scripting/monoscript/fileName/OnClickInstantiate.cs: 3929e8581c0458b4fa6c3ecec790414e -> 
  custom:scripting/monoscript/fileName/PlayerNumberingInspector.cs: e277bf463a09eaa6bcf2868a0f243e5c -> 
  custom:scripting/monoscript/fileName/NetworkProjectConfigImporter.cs: a2caae9d85fed596662aa6841efc1b3e -> 
  custom:scripting/monoscript/fileName/IChatClientListener.cs: e6ec1b8d09bf11f3791c0bd18ae45880 -> 
  custom:audio-encoder-webm-vorbis: bf7c407c2cedff20999df2af8eb42d56 -> 
  custom:scripting/monoscript/fileName/FusionEditorSkin.cs: c6dee1ba664a2a78ce51705f2322e50c -> 
  custom:scripting/monoscript/fileName/PunClasses.cs: d6a17dc119cdc0b4a5b92f4135a56268 -> 
  custom:scripting/monoscript/fileName/ScoreHelper.cs: 7e2091fcb90bdab85f4be0c18d586eba -> 
  custom:scripting/monoscript/fileName/FusionStatsGraph.cs: 7021e2a0a0c25bbb5696ad6d6108403d -> 
  custom:scripting/monoscript/fileName/IsConnectedAndReadyProperty.cs: af06b6e7ee3f25798787bf32cafcb247 -> 
  custom:scripting/monoscript/fileName/OnEscapeQuit.cs: be21f25ae17e13db5ee6619d0c4d06e1 -> 
  custom:scripting/monoscript/fileName/FusionRunnerVisibilityControlsWindow.cs: 503e55d51d5bac9ff9db7e3128ab6896 -> 
  custom:scripting/monoscript/fileName/OnJoinedInstantiate.cs: e6fcd481d2d6dd67f5b18fb26017d8ba -> 
  custom:scripting/monoscript/fileName/IgnoreUiRaycastWhenInactive.cs: 64ae0ba0567ac5043ee479695fe7bd2b -> 
  custom:scripting/monoscript/fileName/PlayerListEntry.cs: 3811c0a731ead3815771e470aaca8954 -> 
  custom:scripting/monoscript/fileName/ChatUserStatus.cs: 70a3ef1ac77c9464b5af9f3f7bba93e1 -> 
  custom:scripting/monoscript/fileName/CurrentRoomEmptyRoomTtlProperty.cs: ba459c40e550063227b6dbef6f2e12d7 -> 
  custom:scripting/monoscript/fileName/FusionAddressablePrefabsPreloader.cs: 609c7194fc18608a6ba4972670be253b -> 
  custom:scripting/monoscript/fileName/MonoBehaviourPunEditor.cs: a420633076e18e6ded9ee7ff41e5161d -> 
  custom:scripting/monoscript/fileName/IngameControlPanel.cs: e8e78297d18e08fd0d6ef99a75e376c2 -> 
  custom:scripting/monoscript/fileName/CustomTypes.cs: 32fb10f0e1ae6f1f4c5b8deb3c8e83c3 -> 
  custom:scripting/monoscript/fileName/PlayerManager.cs: 5b0494b39b9a262c0ad29b1931262023 -> 
  custom:scripting/monoscript/fileName/CurrentRoomIsOpenProperty.cs: 401af34d1219dc5c3b2d226ce3b12b08 -> 
  custom:scripting/monoscript/fileName/RegionListView.cs: d1509ce3c1dcf26ebb758f8eb59e1c54 -> 
  custom:scripting/monoscript/fileName/ConnectToRegionUIForm.cs: 662fbbb8f06b04129a615111e69dec89 -> 
  custom:scripting/monoscript/fileName/SendRateOnSerializeField.cs: 8559ed016d3004cf7fa75b6b51babcf0 -> 
  custom:scripting/monoscript/fileName/Block.cs: 4912a9664024ee7276656eb28373609a -> 
  custom:scripting/monoscript/fileName/RunnerVisibilityLinksRoot.cs: 64f229c02655e4ab1b3ad93c7368ccfe -> 
  custom:scripting/monoscript/fileName/WebRpc.cs: ee2bfdfdd166ac7a426061037e23ee8f -> 
  custom:scripting/monoscript/fileName/BezierSplineInspector.cs: 64d312faa4ce8272425b85e56f7f3f74 -> 
  custom:scripting/monoscript/fileName/IPhotonViewCallbacks.cs: 6b192d91218207b95c2b171719310343 -> 
  custom:scripting/monoscript/fileName/Launcher.cs: 6d0f0651107e8b978d50eb5d8ca63cd3 -> 
  custom:scripting/monoscript/fileName/PropertyCell.cs: caa15b0e3299de64e13d6f1d4cf295aa -> 
  custom:scripting/monoscript/fileName/PunTurnManager.cs: c24499e0acfb9782133d39c092b0366b -> 
  custom:scripting/monoscript/fileName/CurrentRoomIsVisibleProperty.cs: be95d33e9289a548289bfd3ab9507d59 -> 
  custom:scripting/monoscript/fileName/ChatChannel.cs: 052e931f7bf91536d9bda80d682b6368 -> 
  custom:scripting/monoscript/fileName/BezierCurveInspector.cs: cd033eb785ec71c240751fc164fcbff1 -> 
  custom:scripting/monoscript/fileName/AppSettings.cs: d20c247df910115cd4c5ae83482475ef -> 
  custom:scripting/monoscript/fileName/PhotonAnimatorViewEditor.cs: fd89a9c520118567d7b47e39070bcd39 -> 
  custom:scripting/monoscript/fileName/PhotonViewInspector.cs: da72c707197b3a14a9e4fc031131a7bc -> 
  custom:scripting/monoscript/fileName/CurrentRoomPropertiesListedInLobbyProperty.cs: c8880d240fca5295b2028661629631dc -> 
  custom:scripting/monoscript/fileName/ThirdPersonUserControl.cs: 1e36b4529ca7c2f8667ed6449c3722b9 -> 
  custom:scripting/monoscript/fileName/CurrentRoomIsOfflineProperty.cs: a3b570f54686008ce7d1ddf281dfdde2 -> 
  custom:scripting/monoscript/fileName/PlayerControl.cs: 6df8b26511518ec75eac4160d12ac3bc -> 
  custom:scripting/monoscript/fileName/LineInspector.cs: b46fbdbe979ee95575b26620e8af2791 -> 
  custom:scripting/monoscript/fileName/PhotonNetworkPart.cs: 28ef43a4727cd01eb0456d4c51a096be -> 
  custom:scripting/monoscript/fileName/CustomTypesUnity.cs: 013c37589fb09e7f77b2d495dfa13043 -> 
  custom:scripting/monoscript/fileName/ChannelWellKnownProperties.cs: 7e2dabda8907dc60fb63ae9c28cb0b10 -> 
  custom:scripting/monoscript/fileName/ToggleExpand.cs: 8df2d7619ad2c56cf93b2f0cedc9c9a4 -> 
  custom:scripting/monoscript/fileName/EventSystemSpawner.cs: c525f40330ddc66d7e7f5297346da241 -> 
  custom:scripting/monoscript/fileName/PlayerNameInputField.cs: 27839abf4289ab34aa2cc2967033966d -> 
  custom:scripting/monoscript/fileName/IsConnectedProperty.cs: 981ecf71603e1baa6ce21b0fd1acc020 -> 
  custom:scripting/monoscript/fileName/PlayerAnimatorManager.cs: a7d34eb870b3ee44c83d5db31316a095 -> 
  custom:scripting/monoscript/fileName/MoveByKeys.cs: 0be06a6581575752c58847799d9932e6 -> 
  custom:scripting/monoscript/fileName/FriendListCell.cs: 8dfedb1e000853780b714ad0651f22a9 -> 
  custom:scripting/monoscript/fileName/PhotonTeamsManager.cs: ed14ceec94e7d1247f794ca4f7f3aa2e -> 
  custom:scripting/monoscript/fileName/ChatOperationCode.cs: dac444e0d5bbc5c837c33663c8b2cefb -> 
  custom:AudioImporter_EditorPlatform: d09bf68614088b80899f8185d706f6e7 -> 
  custom:scripting/monoscript/fileName/ChatEventCode.cs: 764a52cdc3a575d4587f1a0939ee2b6d -> 
  custom:scripting/monoscript/fileName/PhotonTransformViewEditor.cs: d59344a8429d1e1c91f78e42f728790a -> 
  custom:scripting/monoscript/fileName/DocLinkButton.cs: 551275f4066ad419ab79864501010643 -> 
  custom:scripting/monoscript/fileName/Room.cs: f509531380bf8f44be3c84421df8f27b -> 
  custom:scripting/monoscript/fileName/AsteroidsGame.cs: 39019f3fa92643372bcb4670a7434593 -> 
  custom:scripting/monoscript/fileName/LoaderAnime.cs: 95ab941fc8d4427c4fa6c07cf9af1057 -> 
  custom:scripting/monoscript/fileName/ButtonInsideScrollList.cs: 663db374c5f487d95198d2dce6dd1ce7 -> 
  custom:scripting/monoscript/fileName/ReorderableListResources.cs: a21396365aa80586d6fe0c3f093e8e8a -> 12f8cf94345b17bd1a3aef7c3b5bd157
  custom:scripting/monoscript/fileName/SendRateField.cs: 5786bd6806651c5e23c7d4a511e3dfaa -> 
  custom:scripting/monoscript/fileName/PhotonTeamsManagerInspector.cs: 55bea48a55e757c56d53ded3ae32c48e -> 
  custom:audio-decoder-ogg-vorbis: bf7c407c2cedff20999df2af8eb42d56 -> 
  custom:scripting/monoscript/fileName/UserIdUiForm.cs: 0a1836b26b3227dc4bf5c907f6dcc697 -> 
  custom:scripting/monoscript/fileName/ChatAppSettings.cs: db433ce9dc535a56c6c28a3183328622 -> 
  custom:scripting/monoscript/fileName/NetworkSceneManagerDefault.cs: 871a1346f3625e42e5be83f620052e51 -> 
  custom:scripting/monoscript/fileName/PropertyListenerBase.cs: f9338b1da94c09d1d4dc5b01f854e0e3 -> 
  custom:scripting/monoscript/fileName/FriendItem.cs: 7041a5cee458fd755b4167724bf865d2 -> 
  custom:scripting/monoscript/fileName/ChannelSelector.cs: 787aa32b539868663942ded37c6d24ef -> 
  custom:scripting/monoscript/fileName/RegionHandler.cs: 6de377e0adf86218af15234cc2039610 -> 
  custom:scripting/monoscript/fileName/ChatAppIdCheckerUI.cs: 1bb8fafd3e2c10dfddf187c423c0f4b8 -> 
  custom:scripting/monoscript/fileName/CullArea.cs: 75f7e0f84478d7778555f1e1e66d50b7 -> 
  custom:scripting/monoscript/fileName/CountOfPlayersOnMasterProperty.cs: aa74237d4beb81bd33ceee77917bae47 -> 
  custom:scripting/monoscript/fileName/GameManager.cs: 56bc6cc643bcbf5a5a0d63cbd09e7487 -> 9933fbcc6190e2a9171c2ec8808a053e
  custom:scripting/monoscript/fileName/CurrentRoomAutoCleanupProperty.cs: a92fec09d98c752e495341af83135d64 -> 
  custom:scripting/monoscript/fileName/ChatPeer.cs: ab4cb6a09b2bd7026434274768d75701 -> 
  custom:scripting/monoscript/fileName/DemoHubManager.cs: 0dd9c19f14946313f8d78bca90723987 -> 
  custom:scripting/monoscript/fileName/CreateRoomUiForm.cs: bf1ce360a976c4439345f8064d17d3ad -> 
  custom:scripting/monoscript/fileName/NamePickGui.cs: 2c5392a37dc177dc65a116f98af1080e -> 
  custom:scripting/monoscript/fileName/TabViewManager.cs: a7d06552ed611c43e44fb3fef2b558f5 -> 
  custom:scripting/monoscript/fileName/PlayerUI.cs: 4d64fa5e9e8828968d6cc191a132718d -> 
  custom:scripting/monoscript/fileName/EnableOnSingleRunner.cs: 9976ce768e23cc0678b095d30598d8cd -> 
  custom:scripting/monoscript/fileName/PunCockpit.cs: 534cb157a89724d3ca07a36bb2005880 -> 
  custom:scripting/monoscript/fileName/RoomListCell.cs: 8d1543bdc9816b8a578d6cd2eebe48be -> 
  custom:scripting/monoscript/fileName/CurrentRoomNameProperty.cs: 72010acf97fe1f3e9ff0b8c322c93e83 -> 
  custom:scripting/monoscript/fileName/NetworkObjectProviderDefault.cs: 0eb113b3784be4de9cc2f3cdcdf5e36c -> 
  custom:scripting/monoscript/fileName/PunPlayerScores.cs: eee61e21995464ded106b44bf2f6edd4 -> 
  custom:scripting/monoscript/fileName/PunTeamsInspector.cs: 4df913dbc11ac67364301ce3915ea909 -> 
  custom:scripting/monoscript/fileName/Extensions.cs: 3f8618856b92f72822431fd67127e289 -> 
  custom:scripting/monoscript/fileName/AutoSyncSceneToggle.cs: f5a0c8cb6428054959052eda2623401a -> 
  custom:scripting/monoscript/fileName/ToDemoHubButton.cs: 76a2afa2c645f73081ead15c9512dae8 -> 
  custom:scripting/monoscript/fileName/CountOfPlayersInRoomProperty.cs: 22a26994633102695250e14533d8bd88 -> 
  custom:scripting/monoscript/fileName/AppSettingsExtensions.cs: 7eb3b190282e171c2845b1d8ee71ed5c -> 
  custom:scripting/monoscript/fileName/Region.cs: a0331a07d2a132f6cd24585218741838 -> 
  custom:scripting/monoscript/fileName/Bezier.cs: b8534c761c3f32134ac0822189e167cc -> 
  custom:scripting/monoscript/fileName/PhotonEditor.cs: 9beee3a7ca2bc764b51880f31127a0ea -> 
  custom:scripting/monoscript/fileName/CountOfPlayersProperty.cs: 92593170cc4984fa211f8cfbd69ac9a3 -> 
  custom:scripting/monoscript/fileName/OnStartDelete.cs: ca7ff388213f651af9d8be5d8844a8f4 -> 
  custom:video-encoder-webm-vp8: eb34c28f22e8b96e1ab97ce403110664 -> 
  custom:scripting/monoscript/fileName/ChatClient.cs: d3eb880194f03abd869e259e1e9fd5f0 -> 
  custom:scripting/monoscript/fileName/PhotonRigidbody2DView.cs: cfabe07ff5658dc80bf23a32c3f3d3ea -> 
  custom:scripting/monoscript/fileName/RoomListView.cs: 2b7207d3ddc2539dd2b806ed485e033b -> 
  custom:scripting/monoscript/fileName/OfflineModeProperty.cs: 142619a08af07c654a2536f2386c9c6c -> 
  custom:container-demuxer-ogg: 62fdf1f143b41e24485cea50d1cbac27 -> 
  custom:scripting/monoscript/fileName/Noise.cs: dc35aa19dae9f4b9d9d351205aaba1c6 -> 
  custom:scripting/monoscript/fileName/GameVersionProperty.cs: 212cdb5858947bda9a55c4e8f58ef2c6 -> 
  custom:framework-win-MediaFoundation: 216162199b28c13a410421893ffa2e32 -> 
  custom:scripting/monoscript/fileName/ConnectAndJoinRandom.cs: 00d6f17fa442bd592f9dfb4622a40a5d -> 
  custom:scripting/monoscript/fileName/PhotonTransformView.cs: ea668b9d3ca2e512312f4d0840810b14 -> 
  custom:scripting/monoscript/fileName/FusionBootstrap.cs: ce6761b6f61ee75dccdb3d85fc55a691 -> 
  custom:scripting/monoscript/fileName/RoomListEntry.cs: c7ba9dd428a6b8b410fe51075bfba1e1 -> 
  custom:scripting/monoscript/fileName/CurrentRoomMasterClientIdProperty.cs: 8a7f2b18c7369cf86e69820d5f0602fe -> 
  custom:scripting/monoscript/fileName/PunTeams.cs: 97cdf6951e96c2643337cf5fb8f69c0b -> 
  custom:scripting/monoscript/fileName/RegionListCell.cs: f6a1e00ce33d3dec4b7e2cfe425726c7 -> 
  custom:scripting/monoscript/fileName/PunSceneSettings.cs: 91ded15e638c075e189911af7f870d60 -> 
  custom:scripting/monoscript/fileName/ThirdPersonCharacter.cs: d37a384ef7557636dd0499ecb4e48640 -> 
  custom:scripting/monoscript/fileName/PlayerDetailsController.cs: 4a8b583bcd181f124e040cd407eab3b7 -> 
  custom:scripting/monoscript/fileName/PhotonRigidbody2DViewEditor.cs: 1bbd8586933ea3b91d286e3a03ef0b15 -> 
  custom:scripting/monoscript/fileName/Fusion.Unity.Editor.cs: b14e14e52edac49806a8f9d4187d9f4c -> 
  custom:scripting/monoscript/fileName/Fusion.Unity.cs: 2f52e767df9231dc9ad5c805bed98e70 -> 
  custom:scripting/monoscript/fileName/SlotLanes.cs: 97949fb7cbc49a87a0e9a949a270c39f -> 
  custom:scripting/monoscript/fileName/StatesGui.cs: 98e5143501c303d7d5973c718d302233 -> 
  custom:scripting/monoscript/fileName/SplineWalker.cs: 5be65352f0f07fbe7665dfb31e99644d -> 
  custom:scripting/monoscript/fileName/PingProperty.cs: 9f24d087d77c62d9ddcbab43ed4cd5fe -> 
  custom:scripting/monoscript/fileName/LoadLevelUIForm.cs: 6198023540609558b39b6b3a84524494 -> 
  custom:scripting/monoscript/fileName/MultiplayerManager.cs: 29415d0687c638629166b314004ee270 -> 
  custom:scripting/monoscript/fileName/BezierCurve.cs: 6855a37c0f6b23766e2a15354899a784 -> 
  custom:scripting/monoscript/fileName/Line.cs: 5e23c11e3450a3cc94ccc16c37b15685 -> 
  custom:scripting/monoscript/fileName/FusionStatsBillboard.cs: beff202fd2a83c3f993d781559426984 -> 
  custom:scripting/monoscript/fileName/SetRoomCustomPropertyUIForm.cs: 9f1b75809ed6e2f34b0b61446d287bd4 -> 
  custom:scripting/monoscript/fileName/RunnerAOIGizmos.cs: 8b1629a60417f80a3d501474e540ad3f -> 
  custom:scripting/monoscript/fileName/PointedAtGameObjectInfo.cs: 0f220a9d7e421f59db30fb04c90d6c0e -> 
  custom:scripting/monoscript/fileName/PhotonLagSimulationGui.cs: de60acfca25c9c245519382776ad2f82 -> 
  custom:scripting/monoscript/fileName/OnPointerOverTooltip.cs: b9abe1fce28033712ba423247874af86 -> 
  custom:scripting/monoscript/fileName/PhotonViewHandler.cs: 7c6c7799f7e9296388067c605d1dc27c -> 
  custom:scripting/monoscript/fileName/CullingHandler.cs: ff4506351c41ac4ce471635b6b12ceb3 -> 
  custom:scripting/monoscript/fileName/PlayerListView.cs: 60e6f2e41401ae176dea7b70bab3c390 -> 
  custom:scripting/monoscript/fileName/SplinePosition.cs: b39b2fa35faaacaf63f8929368e2e5de -> 
  custom:video-decoder-ogg-theora: a1e56fd34408186e4bbccfd4996cb3dc -> 
  custom:scripting/monoscript/fileName/PlayerNumbering.cs: ce6d1f08b3d2d23009596a69c08b221d -> 
  custom:scripting/monoscript/fileName/PunStartup.cs: 961ddc858b2c0426ca5019c7e78c4fbf -> 
  custom:scripting/monoscript/fileName/FusionStatsMeterBar.cs: d21101dd4c4710df60c667e63d577d83 -> 
  custom:scripting/monoscript/fileName/PhotonHandler.cs: 70e641dd7ce55eb351f633fc29fb5f7f -> 
  custom:scripting/monoscript/fileName/IntInputField.cs: 40c0ee81b04639c26264c222a1aaea0c -> 
  custom:scripting/monoscript/fileName/PhotonRigidbodyView.cs: f6b453c3dd57cf47fa35b8156daece9a -> 
  custom:scripting/monoscript/fileName/TextToggleIsOnTransition.cs: 326b9c727c304dd69fe51444f64a7721 -> 
  custom:scripting/monoscript/fileName/WorldGenerator.cs: dca0ae82b72e05480b823fc7043006c0 -> 
  custom:scripting/monoscript/fileName/LobbyTopPanel.cs: 830e03b228bff7a95bbb092a2d6b29d2 -> 
  custom:scripting/monoscript/fileName/PlayerOverviewPanel.cs: 515bb293728f907f134591646985b9ce -> 
  custom:scripting/monoscript/fileName/OnlineDocButton.cs: e8bceb35def1f2c21aeb107b10e7c020 -> 
  custom:scripting/monoscript/fileName/AsteroidsGameManager.cs: 12a51843b5b71df994a62f28231ff7ef -> 
  custom:scripting/monoscript/fileName/ServerSettings.cs: 8fa55e8857e3ebd201455fd70a9f157d -> 
  custom:scripting/monoscript/fileName/ServerSettingsInspector.cs: 95da0bc9ecca5735a6f497f524ce7e54 -> 
  custom:scripting/monoscript/fileName/AppVersionProperty.cs: a4b4daafa219f35ecce40e74ac804003 -> 
  custom:scripting/monoscript/fileName/ProceduralController.cs: 294ae00e975ca4fe85822d6f85fe658a -> 
  custom:scripting/monoscript/fileName/BackgroundTimeOutField.cs: 301f4bb8d6480b188021ecf99ba8be6c -> 
  custom:scripting/monoscript/fileName/UserIdField.cs: 889d45ebefa87613726b801d1e5e80c8 -> 
  custom:scripting/monoscript/fileName/GraphicToggleIsOnTransition.cs: 7e3768d2f1167a9a7dc7f801820c67a5 -> 
  custom:scripting/monoscript/fileName/ChatGui.cs: 83ccb577c346edd301c0a35e11693dfd -> 
  custom:scripting/monoscript/fileName/AccountService.cs: 80b748556379aab9364d8ef00499f1a9 -> 
  custom:scripting/monoscript/fileName/PhotonRigidbodyViewEditor.cs: ab7e34153fa9a3c646e0316fa6fc5600 -> 
  custom:scripting/monoscript/fileName/CrcCheckToggle.cs: a236d00910b93ad4ae792080fb07508e -> 
  custom:scripting/monoscript/fileName/FusionBootstrapDebugGUI.cs: 371b4228dd1f5808b5897e19c03d546a -> 
  custom:scripting/monoscript/fileName/Player.cs: b6aef835b43cb69bef999bd5136f7c21 -> 
  custom:scripting/monoscript/fileName/LoadbalancingPeer.cs: d9dd9ca955de7f0a553b219d39f29621 -> 
  custom:scripting/monoscript/fileName/FusionStatsObjectIds.cs: 43a79179a267263c08267aeebfb7eafd -> 
  custom:scripting/monoscript/fileName/PunCockpitEmbed.cs: 2240c92b97535c6672465e83f1e36036 -> 
  custom:scripting/monoscript/fileName/CurrentRoomIsOpenToggle.cs: 229c6038772c64902eb501df39020417 -> 
  custom:scripting/monoscript/fileName/PhotonStatsGui.cs: d8361e63c4cf02d1cc41570adb7e9d85 -> 
  custom:scripting/monoscript/fileName/PunSceneSettingsInspector.cs: da5c9fdcd684cd1c669e2f5c5f40d373 -> 
  custom:scripting/monoscript/fileName/CurrentRoomMaxPlayersProperty.cs: f8d2a9d7157be1b82e5db9695b63da90 -> 
  custom:scripting/monoscript/fileName/PhotonNetwork.cs: b0631ad5c9d567edbfc4fb2b742f00d0 -> 
  custom:scripting/monoscript/fileName/OnClickRpc.cs: a4c1c482691ed3f8764f3736c0d692ea -> 
  custom:scripting/monoscript/fileName/BezierSpline.cs: fdb9ccdef0d3985b914118aec7c411f2 -> 
  custom:scripting/monoscript/fileName/PhotonPing.cs: 3f140d1df899c474f22230f66cc59a41 -> 
  custom:scripting/monoscript/fileName/CurrentRoomIsVisibleToggle.cs: 47a99e70dc7fd5d059dfbf899c22bbdb -> 
  custom:scripting/monoscript/fileName/Fusion.CodeGen.cs: b9ff9c5a347ec7e6d58d9aa467d5ae96 -> 
  custom:scripting/monoscript/fileName/PhotonStreamQueue.cs: 5d5e55e8eb60f78e116626969ed0311e -> 
  custom:scripting/monoscript/fileName/WebRpcImplementationExample.cs: 7bff59c7defddf73a4ceae1090065bd1 -> 
  custom:container-muxer-webm: aa71ff27fc2769a1b78a27578f13a17b -> 
  custom:scripting/monoscript/fileName/InfosPanelPlaceholder.cs: fef54b122412d96995fae2ad440bb18b -> 
  custom:scripting/monoscript/fileName/NestedComponentUtilities.cs: 033fd91b849b48295ab920beaf62446d -> 
  custom:scripting/monoscript/fileName/PhotonEditorUtils.cs: 4456563b945cca498f5f71d9eb2059b9 -> 
  custom:scripting/monoscript/fileName/IPunCallbacks.cs: 81caf01d84a9fa08671565d87776010b -> 
  custom:scripting/monoscript/fileName/FriendInfo.cs: be836ba41ecfa4c9dca4b510bdfea5c8 -> 
  custom:scripting/monoscript/fileName/CountOfRoomsProperty.cs: c0688910145f665105cec6c6eaf4f03c -> 
  custom:scripting/monoscript/fileName/ServerProperty.cs: d53bc3d40dee4679a13aa7a9ff58706e -> 
  custom:scripting/monoscript/fileName/Bullet.cs: 77c411c50d821352e611a16c30f40226 -> 
  custom:scripting/monoscript/fileName/OnClickDestroy.cs: 84deb4bc685f090f86133752922a945d -> 
  custom:scripting/monoscript/fileName/PhotonView.cs: b2662a18b33c427e0ec2e5ab1a56c2b5 -> 
  custom:scripting/monoscript/fileName/LoadBalancingClient.cs: 632813597f9db7bc895b13321ba1b05b -> 
  custom:scripting/monoscript/fileName/PhotonTransformViewClassic.cs: b13582f7122692c3dc0b0b58565603b7 -> 
  custom:scripting/monoscript/fileName/CameraWork.cs: 7182be285ca897b882f7b04a97b5001a -> 
  custom:scripting/monoscript/fileName/GameVersionField.cs: e1aaf98c257ad1044f09a430176c1d25 -> 
  custom:scripting/monoscript/fileName/CurrentRoomPlayerCountProperty.cs: 2e3a71196f608331c351de9edf7166b4 -> 
  custom:video-codec-MediaFoundation-h265: 746d11721c4dcdbdad8f713fa42b33f4 -> 
  custom:scripting/monoscript/fileName/PhotonAnimatorView.cs: d7e478a730cbe0e6a3a4e1f87600646a -> 
  custom:scripting/monoscript/fileName/CloudRegionProperty.cs: a98a80d4740fc4627fa07cd0d1b937f1 -> 
  custom:scripting/monoscript/fileName/PhotonGUI.cs: a5571c3104cbd100c9135419869f9e73 -> 
  custom:scripting/monoscript/fileName/CurrentRoomPlayerTtlProperty.cs: 5737d382a26e8898e597b19ab06904c5 -> 
  custom:CustomObjectIndexerAttribute: 756ad292c208cfabdd7b50bc23989ffe -> 
  custom:container-demuxer-webm: 4f35f7cbe854078d1ac9338744f61a02 -> 
  custom:scripting/monoscript/fileName/Cluster.cs: 5ff22076c2cc06a01d1cc1c38d08f712 -> 
  custom:scripting/monoscript/fileName/BestRegionInPrefsProperty.cs: f81195994c87654890233836f627cd69 -> 
  custom:scripting/monoscript/fileName/RunnerVisibilityLink.cs: 6e4a2325960fce24f58edb6ee6b338d8 -> 
  custom:scripting/monoscript/fileName/Spaceship.cs: 77d86dcddcb47a6cc18163eb292fa20b -> 
  custom:scripting/monoscript/fileName/CullAreaEditor.cs: ac85e81dd9fb835b90f15d14c78d253a -> 
  custom:scripting/monoscript/fileName/LobbyMainPanel.cs: bee85956556c66d6096a3300e7923c77 -> 
  custom:scripting/monoscript/fileName/ChatParameterCode.cs: a0fd6a090c21b2fc7ca69a867e9c27c2 -> 
  custom:scripting/monoscript/fileName/LayoutElementMatchSize.cs: 325cd6d9cb44d01cc8cfa43a5413de8f -> 
  custom:scripting/monoscript/fileName/TextButtonTransition.cs: 72f2c4484a6dc921aacef6b387422aa7 -> 
  custom:scripting/monoscript/fileName/SupportLogger.cs: 6226925e792eee84b718aee3baaa82a7 -> 
  custom:scripting/monoscript/fileName/Asteroid.cs: 8382d1ead570177214081c1ec12affef -> 
  custom:scripting/monoscript/fileName/CurrentRoomExpectedUsersProperty.cs: 15c7823a1b55465c741092cad452b5e4 -> 
  custom:scripting/monoscript/fileName/BoolInputField.cs: 96b6c600bd0428819f492c767ecf8b5b -> 
========================================================================
Received Prepare
Begin MonoManager ReloadAssembly
C:\build\output\Unity-Technologies\mono\mono\metadata\icall.c:1842:
C:\build\output\Unity-Technologies\mono\mono\metadata\icall.c:1842:
C:\build\output\Unity-Technologies\mono\mono\metadata\icall.c:1842:
C:\build\output\Unity-Technologies\mono\mono\metadata\icall.c:1842:
C:\build\output\Unity-Technologies\mono\mono\metadata\icall.c:1842:
C:\build\output\Unity-Technologies\mono\mono\metadata\icall.c:1842:
C:\build\output\Unity-Technologies\mono\mono\metadata\icall.c:1842:
C:\build\output\Unity-Technologies\mono\mono\metadata\icall.c:1842:
C:\build\output\Unity-Technologies\mono\mono\metadata\icall.c:1842:
C:\build\output\Unity-Technologies\mono\mono\metadata\icall.c:1842:
C:\build\output\Unity-Technologies\mono\mono\metadata\icall.c:1842:
C:\build\output\Unity-Technologies\mono\mono\metadata\icall.c:1842:
Symbol file LoadedFromMemory doesn't match image C:\Users\tudor\OneDrive\Imagini\Documente\GitHub\Anarchy chess\Library\PackageCache\com.unity.visualscripting@1.8.0\Editor\VisualScripting.Core\Dependencies\YamlDotNet\Unity.VisualScripting.YamlDotNet.dll
Symbol file LoadedFromMemory doesn't match image C:\Users\tudor\OneDrive\Imagini\Documente\GitHub\Anarchy chess\Library\PackageCache\com.unity.visualscripting@1.8.0\Editor\VisualScripting.Core\Dependencies\DotNetZip\Unity.VisualScripting.IonicZip.dll
- Loaded All Assemblies, in  0.589 seconds
Refreshing native plugins compatible for Editor in 3.44 ms, found 4 plugins.
Native extension for Android target not found
Native extension for WindowsStandalone target not found
Mono: successfully reloaded assembly
- Finished resetting the current domain, in  0.712 seconds
Domain Reload Profiling: 1298ms
	BeginReloadAssembly (149ms)
		ExecutionOrderSort (0ms)
		DisableScriptedObjects (11ms)
		BackupInstance (0ms)
		ReleaseScriptingObjects (0ms)
		CreateAndSetChildDomain (34ms)
	RebuildCommonClasses (25ms)
	RebuildNativeTypeToScriptingClass (9ms)
	initialDomainReloadingComplete (21ms)
	LoadAllAssembliesAndSetupDomain (381ms)
		LoadAssemblies (251ms)
		RebuildTransferFunctionScriptingTraits (0ms)
		AnalyzeDomain (202ms)
			TypeCache.Refresh (196ms)
				TypeCache.ScanAssembly (189ms)
			ScanForSourceGeneratedMonoScriptInfo (3ms)
			ResolveRequiredComponents (3ms)
	FinalizeReload (713ms)
		ReleaseScriptCaches (0ms)
		RebuildScriptCaches (0ms)
		SetupLoadedEditorAssemblies (314ms)
			LogAssemblyErrors (0ms)
			InitializePlatformSupportModulesInManaged (16ms)
			SetLoadedEditorAssemblies (2ms)
			BeforeProcessingInitializeOnLoad (62ms)
			ProcessInitializeOnLoadAttributes (209ms)
			ProcessInitializeOnLoadMethodAttributes (21ms)
			AfterProcessingInitializeOnLoad (3ms)
			EditorAssembliesLoaded (0ms)
		ExecutionOrderSort2 (0ms)
		AwakeInstancesAfterBackupRestoration (5ms)
Refreshing native plugins compatible for Editor in 3.26 ms, found 4 plugins.
Preloading 0 native plugins for Editor in 0.00 ms.
Unloading 4278 Unused Serialized files (Serialized files now loaded: 0)
Unloading 38 unused Assets / (37.5 KB). Loaded Objects now: 4923.
Memory consumption went from 200.0 MB to 200.0 MB.
Total: 3.404400 ms (FindLiveObjects: 0.194600 ms CreateObjectMapping: 0.110200 ms MarkObjects: 3.045000 ms  DeleteObjects: 0.053200 ms)

Prepare: number of updated asset objects reloaded= 0
AssetImportParameters requested are different than current active one (requested -> active):
  custom:scripting/monoscript/fileName/CountdownTimer.cs: 29151b8b1909dcb5f8770e606e1b626a -> 
  custom:scripting/monoscript/fileName/NickNameField.cs: 4566439151a528588c6e77fbea15ef25 -> 
  custom:scripting/monoscript/fileName/ConnectionHandler.cs: 33c1e29051dc60b1fb7e8675cafa9a54 -> 
  custom:scripting/monoscript/fileName/NetworkProjectConfigImporterEditor.cs: 0b9c7f8db96d38ff89dc9f2e19e80a40 -> 
  custom:scripting/monoscript/fileName/StringInputField.cs: 766f94c288e6bb2cfcd18d60914c0461 -> 
  custom:scripting/monoscript/fileName/PhotonTransformViewClassicEditor.cs: 174be401c238aa6e741f961399731929 -> 
  custom:scripting/monoscript/fileName/Fusion.CodeGen.User.cs: 7518413c31be8fc7fe79dd8f5b20fa0c -> 
  custom:scripting/monoscript/fileName/SmoothSyncMovement.cs: 31ee6a992a574c4e665f73e48482d3fc -> 
  custom:scripting/monoscript/fileName/PlayerListCell.cs: 76799f985e8a3951e5d132618c3350d8 -> 
  custom:scripting/monoscript/fileName/NetworkCharacterController.cs: 0d9ab4a1b508efe718225ceffebd8e54 -> 
  custom:scripting/monoscript/fileName/ConnectAndJoinRandomLb.cs: 9dd47be72f766f78cbbffce9f8575ef1 -> 
  custom:scripting/monoscript/fileName/RoomInfo.cs: 86776ad49e4deb535029b369c45e7f36 -> 
  custom:scripting/monoscript/fileName/ServerAddressProperty.cs: 284ddbe40a77584c9c8835a0d4d63859 -> 
  custom:video-decoder-webm-vp8: 9c59270c3fd7afecdb556c50c9e8de78 -> 
  custom:scripting/monoscript/fileName/SlotRacerSplashScreen.cs: 76e2c64393d61c31f26e20612278ec67 -> 
  custom:scripting/monoscript/fileName/ChannelCreationOptions.cs: 4231621e658bee43f79b42f64c894f83 -> 
  custom:scripting/monoscript/fileName/SystemConnectionSummary.cs: bf5673a8df4878a9885c94fd51dd3397 -> 
  custom:scripting/monoscript/fileName/RunnerLagCompensationGizmos.cs: f7028307a5d8b8de388a40efb20302af -> 
  custom:SearchIndexIgnoredProperties: e643bd26f0fe6173181afceb89e7c659 -> 
  custom:scripting/monoscript/fileName/DocLinks.cs: 22fc6e62d47c65fdd35bd32f57891e69 -> 
  custom:scripting/monoscript/fileName/FriendListView.cs: 04c66340ac95991cba62207cfc3f8015 -> 
  custom:scripting/monoscript/fileName/RunnerEnableVisibility.cs: e1b57f1bd6fcbd3137975404af4bcf85 -> 
  custom:scripting/monoscript/fileName/OnClickInstantiate.cs: 3929e8581c0458b4fa6c3ecec790414e -> 
  custom:scripting/monoscript/fileName/PlayerNumberingInspector.cs: e277bf463a09eaa6bcf2868a0f243e5c -> 
  custom:scripting/monoscript/fileName/NetworkProjectConfigImporter.cs: a2caae9d85fed596662aa6841efc1b3e -> 
  custom:scripting/monoscript/fileName/IChatClientListener.cs: e6ec1b8d09bf11f3791c0bd18ae45880 -> 
  custom:audio-encoder-webm-vorbis: bf7c407c2cedff20999df2af8eb42d56 -> 
  custom:scripting/monoscript/fileName/FusionEditorSkin.cs: c6dee1ba664a2a78ce51705f2322e50c -> 
  custom:scripting/monoscript/fileName/PunClasses.cs: d6a17dc119cdc0b4a5b92f4135a56268 -> 
  custom:scripting/monoscript/fileName/ScoreHelper.cs: 7e2091fcb90bdab85f4be0c18d586eba -> 
  custom:scripting/monoscript/fileName/FusionStatsGraph.cs: 7021e2a0a0c25bbb5696ad6d6108403d -> 
  custom:scripting/monoscript/fileName/IsConnectedAndReadyProperty.cs: af06b6e7ee3f25798787bf32cafcb247 -> 
  custom:scripting/monoscript/fileName/OnEscapeQuit.cs: be21f25ae17e13db5ee6619d0c4d06e1 -> 
  custom:scripting/monoscript/fileName/FusionRunnerVisibilityControlsWindow.cs: 503e55d51d5bac9ff9db7e3128ab6896 -> 
  custom:scripting/monoscript/fileName/OnJoinedInstantiate.cs: e6fcd481d2d6dd67f5b18fb26017d8ba -> 
  custom:scripting/monoscript/fileName/IgnoreUiRaycastWhenInactive.cs: 64ae0ba0567ac5043ee479695fe7bd2b -> 
  custom:scripting/monoscript/fileName/PlayerListEntry.cs: 3811c0a731ead3815771e470aaca8954 -> 
  custom:scripting/monoscript/fileName/ChatUserStatus.cs: 70a3ef1ac77c9464b5af9f3f7bba93e1 -> 
  custom:scripting/monoscript/fileName/CurrentRoomEmptyRoomTtlProperty.cs: ba459c40e550063227b6dbef6f2e12d7 -> 
  custom:scripting/monoscript/fileName/FusionAddressablePrefabsPreloader.cs: 609c7194fc18608a6ba4972670be253b -> 
  custom:scripting/monoscript/fileName/MonoBehaviourPunEditor.cs: a420633076e18e6ded9ee7ff41e5161d -> 
  custom:scripting/monoscript/fileName/IngameControlPanel.cs: e8e78297d18e08fd0d6ef99a75e376c2 -> 
  custom:scripting/monoscript/fileName/CustomTypes.cs: 32fb10f0e1ae6f1f4c5b8deb3c8e83c3 -> 
  custom:scripting/monoscript/fileName/PlayerManager.cs: 5b0494b39b9a262c0ad29b1931262023 -> 
  custom:scripting/monoscript/fileName/CurrentRoomIsOpenProperty.cs: 401af34d1219dc5c3b2d226ce3b12b08 -> 
  custom:scripting/monoscript/fileName/RegionListView.cs: d1509ce3c1dcf26ebb758f8eb59e1c54 -> 
  custom:scripting/monoscript/fileName/ConnectToRegionUIForm.cs: 662fbbb8f06b04129a615111e69dec89 -> 
  custom:scripting/monoscript/fileName/SendRateOnSerializeField.cs: 8559ed016d3004cf7fa75b6b51babcf0 -> 
  custom:scripting/monoscript/fileName/Block.cs: 4912a9664024ee7276656eb28373609a -> 
  custom:scripting/monoscript/fileName/RunnerVisibilityLinksRoot.cs: 64f229c02655e4ab1b3ad93c7368ccfe -> 
  custom:scripting/monoscript/fileName/WebRpc.cs: ee2bfdfdd166ac7a426061037e23ee8f -> 
  custom:scripting/monoscript/fileName/BezierSplineInspector.cs: 64d312faa4ce8272425b85e56f7f3f74 -> 
  custom:scripting/monoscript/fileName/IPhotonViewCallbacks.cs: 6b192d91218207b95c2b171719310343 -> 
  custom:scripting/monoscript/fileName/Launcher.cs: 6d0f0651107e8b978d50eb5d8ca63cd3 -> 
  custom:scripting/monoscript/fileName/PropertyCell.cs: caa15b0e3299de64e13d6f1d4cf295aa -> 
  custom:scripting/monoscript/fileName/PunTurnManager.cs: c24499e0acfb9782133d39c092b0366b -> 
  custom:scripting/monoscript/fileName/CurrentRoomIsVisibleProperty.cs: be95d33e9289a548289bfd3ab9507d59 -> 
  custom:scripting/monoscript/fileName/ChatChannel.cs: 052e931f7bf91536d9bda80d682b6368 -> 
  custom:scripting/monoscript/fileName/BezierCurveInspector.cs: cd033eb785ec71c240751fc164fcbff1 -> 
  custom:scripting/monoscript/fileName/AppSettings.cs: d20c247df910115cd4c5ae83482475ef -> 
  custom:scripting/monoscript/fileName/PhotonAnimatorViewEditor.cs: fd89a9c520118567d7b47e39070bcd39 -> 
  custom:scripting/monoscript/fileName/PhotonViewInspector.cs: da72c707197b3a14a9e4fc031131a7bc -> 
  custom:scripting/monoscript/fileName/CurrentRoomPropertiesListedInLobbyProperty.cs: c8880d240fca5295b2028661629631dc -> 
  custom:scripting/monoscript/fileName/ThirdPersonUserControl.cs: 1e36b4529ca7c2f8667ed6449c3722b9 -> 
  custom:scripting/monoscript/fileName/CurrentRoomIsOfflineProperty.cs: a3b570f54686008ce7d1ddf281dfdde2 -> 
  custom:scripting/monoscript/fileName/PlayerControl.cs: 6df8b26511518ec75eac4160d12ac3bc -> 
  custom:scripting/monoscript/fileName/LineInspector.cs: b46fbdbe979ee95575b26620e8af2791 -> 
  custom:scripting/monoscript/fileName/PhotonNetworkPart.cs: 28ef43a4727cd01eb0456d4c51a096be -> 
  custom:scripting/monoscript/fileName/CustomTypesUnity.cs: 013c37589fb09e7f77b2d495dfa13043 -> 
  custom:scripting/monoscript/fileName/ChannelWellKnownProperties.cs: 7e2dabda8907dc60fb63ae9c28cb0b10 -> 
  custom:scripting/monoscript/fileName/ToggleExpand.cs: 8df2d7619ad2c56cf93b2f0cedc9c9a4 -> 
  custom:scripting/monoscript/fileName/EventSystemSpawner.cs: c525f40330ddc66d7e7f5297346da241 -> 
  custom:scripting/monoscript/fileName/PlayerNameInputField.cs: 27839abf4289ab34aa2cc2967033966d -> 
  custom:scripting/monoscript/fileName/IsConnectedProperty.cs: 981ecf71603e1baa6ce21b0fd1acc020 -> 
  custom:scripting/monoscript/fileName/PlayerAnimatorManager.cs: a7d34eb870b3ee44c83d5db31316a095 -> 
  custom:scripting/monoscript/fileName/MoveByKeys.cs: 0be06a6581575752c58847799d9932e6 -> 
  custom:scripting/monoscript/fileName/FriendListCell.cs: 8dfedb1e000853780b714ad0651f22a9 -> 
  custom:scripting/monoscript/fileName/PhotonTeamsManager.cs: ed14ceec94e7d1247f794ca4f7f3aa2e -> 
  custom:scripting/monoscript/fileName/ChatOperationCode.cs: dac444e0d5bbc5c837c33663c8b2cefb -> 
  custom:AudioImporter_EditorPlatform: d09bf68614088b80899f8185d706f6e7 -> 
  custom:scripting/monoscript/fileName/ChatEventCode.cs: 764a52cdc3a575d4587f1a0939ee2b6d -> 
  custom:scripting/monoscript/fileName/PhotonTransformViewEditor.cs: d59344a8429d1e1c91f78e42f728790a -> 
  custom:scripting/monoscript/fileName/DocLinkButton.cs: 551275f4066ad419ab79864501010643 -> 
  custom:scripting/monoscript/fileName/Room.cs: f509531380bf8f44be3c84421df8f27b -> 
  custom:scripting/monoscript/fileName/AsteroidsGame.cs: 39019f3fa92643372bcb4670a7434593 -> 
  custom:scripting/monoscript/fileName/LoaderAnime.cs: 95ab941fc8d4427c4fa6c07cf9af1057 -> 
  custom:scripting/monoscript/fileName/ButtonInsideScrollList.cs: 663db374c5f487d95198d2dce6dd1ce7 -> 
  custom:scripting/monoscript/fileName/ReorderableListResources.cs: a21396365aa80586d6fe0c3f093e8e8a -> 12f8cf94345b17bd1a3aef7c3b5bd157
  custom:scripting/monoscript/fileName/SendRateField.cs: 5786bd6806651c5e23c7d4a511e3dfaa -> 
  custom:scripting/monoscript/fileName/PhotonTeamsManagerInspector.cs: 55bea48a55e757c56d53ded3ae32c48e -> 
  custom:audio-decoder-ogg-vorbis: bf7c407c2cedff20999df2af8eb42d56 -> 
  custom:scripting/monoscript/fileName/UserIdUiForm.cs: 0a1836b26b3227dc4bf5c907f6dcc697 -> 
  custom:scripting/monoscript/fileName/ChatAppSettings.cs: db433ce9dc535a56c6c28a3183328622 -> 
  custom:scripting/monoscript/fileName/NetworkSceneManagerDefault.cs: 871a1346f3625e42e5be83f620052e51 -> 
  custom:scripting/monoscript/fileName/PropertyListenerBase.cs: f9338b1da94c09d1d4dc5b01f854e0e3 -> 
  custom:scripting/monoscript/fileName/FriendItem.cs: 7041a5cee458fd755b4167724bf865d2 -> 
  custom:scripting/monoscript/fileName/ChannelSelector.cs: 787aa32b539868663942ded37c6d24ef -> 
  custom:scripting/monoscript/fileName/RegionHandler.cs: 6de377e0adf86218af15234cc2039610 -> 
  custom:scripting/monoscript/fileName/ChatAppIdCheckerUI.cs: 1bb8fafd3e2c10dfddf187c423c0f4b8 -> 
  custom:scripting/monoscript/fileName/CullArea.cs: 75f7e0f84478d7778555f1e1e66d50b7 -> 
  custom:scripting/monoscript/fileName/CountOfPlayersOnMasterProperty.cs: aa74237d4beb81bd33ceee77917bae47 -> 
  custom:scripting/monoscript/fileName/GameManager.cs: 56bc6cc643bcbf5a5a0d63cbd09e7487 -> 9933fbcc6190e2a9171c2ec8808a053e
  custom:scripting/monoscript/fileName/CurrentRoomAutoCleanupProperty.cs: a92fec09d98c752e495341af83135d64 -> 
  custom:scripting/monoscript/fileName/ChatPeer.cs: ab4cb6a09b2bd7026434274768d75701 -> 
  custom:scripting/monoscript/fileName/DemoHubManager.cs: 0dd9c19f14946313f8d78bca90723987 -> 
  custom:scripting/monoscript/fileName/CreateRoomUiForm.cs: bf1ce360a976c4439345f8064d17d3ad -> 
  custom:scripting/monoscript/fileName/NamePickGui.cs: 2c5392a37dc177dc65a116f98af1080e -> 
  custom:scripting/monoscript/fileName/TabViewManager.cs: a7d06552ed611c43e44fb3fef2b558f5 -> 
  custom:scripting/monoscript/fileName/PlayerUI.cs: 4d64fa5e9e8828968d6cc191a132718d -> 
  custom:scripting/monoscript/fileName/EnableOnSingleRunner.cs: 9976ce768e23cc0678b095d30598d8cd -> 
  custom:scripting/monoscript/fileName/PunCockpit.cs: 534cb157a89724d3ca07a36bb2005880 -> 
  custom:scripting/monoscript/fileName/RoomListCell.cs: 8d1543bdc9816b8a578d6cd2eebe48be -> 
  custom:scripting/monoscript/fileName/CurrentRoomNameProperty.cs: 72010acf97fe1f3e9ff0b8c322c93e83 -> 
  custom:scripting/monoscript/fileName/NetworkObjectProviderDefault.cs: 0eb113b3784be4de9cc2f3cdcdf5e36c -> 
  custom:scripting/monoscript/fileName/PunPlayerScores.cs: eee61e21995464ded106b44bf2f6edd4 -> 
  custom:scripting/monoscript/fileName/PunTeamsInspector.cs: 4df913dbc11ac67364301ce3915ea909 -> 
  custom:scripting/monoscript/fileName/Extensions.cs: 3f8618856b92f72822431fd67127e289 -> 
  custom:scripting/monoscript/fileName/AutoSyncSceneToggle.cs: f5a0c8cb6428054959052eda2623401a -> 
  custom:scripting/monoscript/fileName/ToDemoHubButton.cs: 76a2afa2c645f73081ead15c9512dae8 -> 
  custom:scripting/monoscript/fileName/CountOfPlayersInRoomProperty.cs: 22a26994633102695250e14533d8bd88 -> 
  custom:scripting/monoscript/fileName/AppSettingsExtensions.cs: 7eb3b190282e171c2845b1d8ee71ed5c -> 
  custom:scripting/monoscript/fileName/Region.cs: a0331a07d2a132f6cd24585218741838 -> 
  custom:scripting/monoscript/fileName/Bezier.cs: b8534c761c3f32134ac0822189e167cc -> 
  custom:scripting/monoscript/fileName/PhotonEditor.cs: 9beee3a7ca2bc764b51880f31127a0ea -> 
  custom:scripting/monoscript/fileName/CountOfPlayersProperty.cs: 92593170cc4984fa211f8cfbd69ac9a3 -> 
  custom:scripting/monoscript/fileName/OnStartDelete.cs: ca7ff388213f651af9d8be5d8844a8f4 -> 
  custom:video-encoder-webm-vp8: eb34c28f22e8b96e1ab97ce403110664 -> 
  custom:scripting/monoscript/fileName/ChatClient.cs: d3eb880194f03abd869e259e1e9fd5f0 -> 
  custom:scripting/monoscript/fileName/PhotonRigidbody2DView.cs: cfabe07ff5658dc80bf23a32c3f3d3ea -> 
  custom:scripting/monoscript/fileName/RoomListView.cs: 2b7207d3ddc2539dd2b806ed485e033b -> 
  custom:scripting/monoscript/fileName/OfflineModeProperty.cs: 142619a08af07c654a2536f2386c9c6c -> 
  custom:container-demuxer-ogg: 62fdf1f143b41e24485cea50d1cbac27 -> 
  custom:scripting/monoscript/fileName/Noise.cs: dc35aa19dae9f4b9d9d351205aaba1c6 -> 
  custom:scripting/monoscript/fileName/GameVersionProperty.cs: 212cdb5858947bda9a55c4e8f58ef2c6 -> 
  custom:framework-win-MediaFoundation: 216162199b28c13a410421893ffa2e32 -> 
  custom:scripting/monoscript/fileName/ConnectAndJoinRandom.cs: 00d6f17fa442bd592f9dfb4622a40a5d -> 
  custom:scripting/monoscript/fileName/PhotonTransformView.cs: ea668b9d3ca2e512312f4d0840810b14 -> 
  custom:scripting/monoscript/fileName/FusionBootstrap.cs: ce6761b6f61ee75dccdb3d85fc55a691 -> 
  custom:scripting/monoscript/fileName/RoomListEntry.cs: c7ba9dd428a6b8b410fe51075bfba1e1 -> 
  custom:scripting/monoscript/fileName/CurrentRoomMasterClientIdProperty.cs: 8a7f2b18c7369cf86e69820d5f0602fe -> 
  custom:scripting/monoscript/fileName/PunTeams.cs: 97cdf6951e96c2643337cf5fb8f69c0b -> 
  custom:scripting/monoscript/fileName/RegionListCell.cs: f6a1e00ce33d3dec4b7e2cfe425726c7 -> 
  custom:scripting/monoscript/fileName/PunSceneSettings.cs: 91ded15e638c075e189911af7f870d60 -> 
  custom:scripting/monoscript/fileName/ThirdPersonCharacter.cs: d37a384ef7557636dd0499ecb4e48640 -> 
  custom:scripting/monoscript/fileName/PlayerDetailsController.cs: 4a8b583bcd181f124e040cd407eab3b7 -> 
  custom:scripting/monoscript/fileName/PhotonRigidbody2DViewEditor.cs: 1bbd8586933ea3b91d286e3a03ef0b15 -> 
  custom:scripting/monoscript/fileName/Fusion.Unity.Editor.cs: b14e14e52edac49806a8f9d4187d9f4c -> 
  custom:scripting/monoscript/fileName/Fusion.Unity.cs: 2f52e767df9231dc9ad5c805bed98e70 -> 
  custom:scripting/monoscript/fileName/SlotLanes.cs: 97949fb7cbc49a87a0e9a949a270c39f -> 
  custom:scripting/monoscript/fileName/StatesGui.cs: 98e5143501c303d7d5973c718d302233 -> 
  custom:scripting/monoscript/fileName/SplineWalker.cs: 5be65352f0f07fbe7665dfb31e99644d -> 
  custom:scripting/monoscript/fileName/PingProperty.cs: 9f24d087d77c62d9ddcbab43ed4cd5fe -> 
  custom:scripting/monoscript/fileName/LoadLevelUIForm.cs: 6198023540609558b39b6b3a84524494 -> 
  custom:scripting/monoscript/fileName/MultiplayerManager.cs: 29415d0687c638629166b314004ee270 -> 
  custom:scripting/monoscript/fileName/BezierCurve.cs: 6855a37c0f6b23766e2a15354899a784 -> 
  custom:scripting/monoscript/fileName/Line.cs: 5e23c11e3450a3cc94ccc16c37b15685 -> 
  custom:scripting/monoscript/fileName/FusionStatsBillboard.cs: beff202fd2a83c3f993d781559426984 -> 
  custom:scripting/monoscript/fileName/SetRoomCustomPropertyUIForm.cs: 9f1b75809ed6e2f34b0b61446d287bd4 -> 
  custom:scripting/monoscript/fileName/RunnerAOIGizmos.cs: 8b1629a60417f80a3d501474e540ad3f -> 
  custom:scripting/monoscript/fileName/PointedAtGameObjectInfo.cs: 0f220a9d7e421f59db30fb04c90d6c0e -> 
  custom:scripting/monoscript/fileName/PhotonLagSimulationGui.cs: de60acfca25c9c245519382776ad2f82 -> 
  custom:scripting/monoscript/fileName/OnPointerOverTooltip.cs: b9abe1fce28033712ba423247874af86 -> 
  custom:scripting/monoscript/fileName/PhotonViewHandler.cs: 7c6c7799f7e9296388067c605d1dc27c -> 
  custom:scripting/monoscript/fileName/CullingHandler.cs: ff4506351c41ac4ce471635b6b12ceb3 -> 
  custom:scripting/monoscript/fileName/PlayerListView.cs: 60e6f2e41401ae176dea7b70bab3c390 -> 
  custom:scripting/monoscript/fileName/SplinePosition.cs: b39b2fa35faaacaf63f8929368e2e5de -> 
  custom:video-decoder-ogg-theora: a1e56fd34408186e4bbccfd4996cb3dc -> 
  custom:scripting/monoscript/fileName/PlayerNumbering.cs: ce6d1f08b3d2d23009596a69c08b221d -> 
  custom:scripting/monoscript/fileName/PunStartup.cs: 961ddc858b2c0426ca5019c7e78c4fbf -> 
  custom:scripting/monoscript/fileName/FusionStatsMeterBar.cs: d21101dd4c4710df60c667e63d577d83 -> 
  custom:scripting/monoscript/fileName/PhotonHandler.cs: 70e641dd7ce55eb351f633fc29fb5f7f -> 
  custom:scripting/monoscript/fileName/IntInputField.cs: 40c0ee81b04639c26264c222a1aaea0c -> 
  custom:scripting/monoscript/fileName/PhotonRigidbodyView.cs: f6b453c3dd57cf47fa35b8156daece9a -> 
  custom:scripting/monoscript/fileName/TextToggleIsOnTransition.cs: 326b9c727c304dd69fe51444f64a7721 -> 
  custom:scripting/monoscript/fileName/WorldGenerator.cs: dca0ae82b72e05480b823fc7043006c0 -> 
  custom:scripting/monoscript/fileName/LobbyTopPanel.cs: 830e03b228bff7a95bbb092a2d6b29d2 -> 
  custom:scripting/monoscript/fileName/PlayerOverviewPanel.cs: 515bb293728f907f134591646985b9ce -> 
  custom:scripting/monoscript/fileName/OnlineDocButton.cs: e8bceb35def1f2c21aeb107b10e7c020 -> 
  custom:scripting/monoscript/fileName/AsteroidsGameManager.cs: 12a51843b5b71df994a62f28231ff7ef -> 
  custom:scripting/monoscript/fileName/ServerSettings.cs: 8fa55e8857e3ebd201455fd70a9f157d -> 
  custom:scripting/monoscript/fileName/ServerSettingsInspector.cs: 95da0bc9ecca5735a6f497f524ce7e54 -> 
  custom:scripting/monoscript/fileName/AppVersionProperty.cs: a4b4daafa219f35ecce40e74ac804003 -> 
  custom:scripting/monoscript/fileName/ProceduralController.cs: 294ae00e975ca4fe85822d6f85fe658a -> 
  custom:scripting/monoscript/fileName/BackgroundTimeOutField.cs: 301f4bb8d6480b188021ecf99ba8be6c -> 
  custom:scripting/monoscript/fileName/UserIdField.cs: 889d45ebefa87613726b801d1e5e80c8 -> 
  custom:scripting/monoscript/fileName/GraphicToggleIsOnTransition.cs: 7e3768d2f1167a9a7dc7f801820c67a5 -> 
  custom:scripting/monoscript/fileName/ChatGui.cs: 83ccb577c346edd301c0a35e11693dfd -> 
  custom:scripting/monoscript/fileName/AccountService.cs: 80b748556379aab9364d8ef00499f1a9 -> 
  custom:scripting/monoscript/fileName/PhotonRigidbodyViewEditor.cs: ab7e34153fa9a3c646e0316fa6fc5600 -> 
  custom:scripting/monoscript/fileName/CrcCheckToggle.cs: a236d00910b93ad4ae792080fb07508e -> 
  custom:scripting/monoscript/fileName/FusionBootstrapDebugGUI.cs: 371b4228dd1f5808b5897e19c03d546a -> 
  custom:scripting/monoscript/fileName/Player.cs: b6aef835b43cb69bef999bd5136f7c21 -> 
  custom:scripting/monoscript/fileName/LoadbalancingPeer.cs: d9dd9ca955de7f0a553b219d39f29621 -> 
  custom:scripting/monoscript/fileName/FusionStatsObjectIds.cs: 43a79179a267263c08267aeebfb7eafd -> 
  custom:scripting/monoscript/fileName/PunCockpitEmbed.cs: 2240c92b97535c6672465e83f1e36036 -> 
  custom:scripting/monoscript/fileName/CurrentRoomIsOpenToggle.cs: 229c6038772c64902eb501df39020417 -> 
  custom:scripting/monoscript/fileName/PhotonStatsGui.cs: d8361e63c4cf02d1cc41570adb7e9d85 -> 
  custom:scripting/monoscript/fileName/PunSceneSettingsInspector.cs: da5c9fdcd684cd1c669e2f5c5f40d373 -> 
  custom:scripting/monoscript/fileName/CurrentRoomMaxPlayersProperty.cs: f8d2a9d7157be1b82e5db9695b63da90 -> 
  custom:scripting/monoscript/fileName/PhotonNetwork.cs: b0631ad5c9d567edbfc4fb2b742f00d0 -> 
  custom:scripting/monoscript/fileName/OnClickRpc.cs: a4c1c482691ed3f8764f3736c0d692ea -> 
  custom:scripting/monoscript/fileName/BezierSpline.cs: fdb9ccdef0d3985b914118aec7c411f2 -> 
  custom:scripting/monoscript/fileName/PhotonPing.cs: 3f140d1df899c474f22230f66cc59a41 -> 
  custom:scripting/monoscript/fileName/CurrentRoomIsVisibleToggle.cs: 47a99e70dc7fd5d059dfbf899c22bbdb -> 
  custom:scripting/monoscript/fileName/Fusion.CodeGen.cs: b9ff9c5a347ec7e6d58d9aa467d5ae96 -> 
  custom:scripting/monoscript/fileName/PhotonStreamQueue.cs: 5d5e55e8eb60f78e116626969ed0311e -> 
  custom:scripting/monoscript/fileName/WebRpcImplementationExample.cs: 7bff59c7defddf73a4ceae1090065bd1 -> 
  custom:container-muxer-webm: aa71ff27fc2769a1b78a27578f13a17b -> 
  custom:scripting/monoscript/fileName/InfosPanelPlaceholder.cs: fef54b122412d96995fae2ad440bb18b -> 
  custom:scripting/monoscript/fileName/NestedComponentUtilities.cs: 033fd91b849b48295ab920beaf62446d -> 
  custom:scripting/monoscript/fileName/PhotonEditorUtils.cs: 4456563b945cca498f5f71d9eb2059b9 -> 
  custom:scripting/monoscript/fileName/IPunCallbacks.cs: 81caf01d84a9fa08671565d87776010b -> 
  custom:scripting/monoscript/fileName/FriendInfo.cs: be836ba41ecfa4c9dca4b510bdfea5c8 -> 
  custom:scripting/monoscript/fileName/CountOfRoomsProperty.cs: c0688910145f665105cec6c6eaf4f03c -> 
  custom:scripting/monoscript/fileName/ServerProperty.cs: d53bc3d40dee4679a13aa7a9ff58706e -> 
  custom:scripting/monoscript/fileName/Bullet.cs: 77c411c50d821352e611a16c30f40226 -> 
  custom:scripting/monoscript/fileName/OnClickDestroy.cs: 84deb4bc685f090f86133752922a945d -> 
  custom:scripting/monoscript/fileName/PhotonView.cs: b2662a18b33c427e0ec2e5ab1a56c2b5 -> 
  custom:scripting/monoscript/fileName/LoadBalancingClient.cs: 632813597f9db7bc895b13321ba1b05b -> 
  custom:scripting/monoscript/fileName/PhotonTransformViewClassic.cs: b13582f7122692c3dc0b0b58565603b7 -> 
  custom:scripting/monoscript/fileName/CameraWork.cs: 7182be285ca897b882f7b04a97b5001a -> 
  custom:scripting/monoscript/fileName/GameVersionField.cs: e1aaf98c257ad1044f09a430176c1d25 -> 
  custom:scripting/monoscript/fileName/CurrentRoomPlayerCountProperty.cs: 2e3a71196f608331c351de9edf7166b4 -> 
  custom:video-codec-MediaFoundation-h265: 746d11721c4dcdbdad8f713fa42b33f4 -> 
  custom:scripting/monoscript/fileName/PhotonAnimatorView.cs: d7e478a730cbe0e6a3a4e1f87600646a -> 
  custom:scripting/monoscript/fileName/CloudRegionProperty.cs: a98a80d4740fc4627fa07cd0d1b937f1 -> 
  custom:scripting/monoscript/fileName/PhotonGUI.cs: a5571c3104cbd100c9135419869f9e73 -> 
  custom:scripting/monoscript/fileName/CurrentRoomPlayerTtlProperty.cs: 5737d382a26e8898e597b19ab06904c5 -> 
  custom:CustomObjectIndexerAttribute: 756ad292c208cfabdd7b50bc23989ffe -> 
  custom:container-demuxer-webm: 4f35f7cbe854078d1ac9338744f61a02 -> 
  custom:scripting/monoscript/fileName/Cluster.cs: 5ff22076c2cc06a01d1cc1c38d08f712 -> 
  custom:scripting/monoscript/fileName/BestRegionInPrefsProperty.cs: f81195994c87654890233836f627cd69 -> 
  custom:scripting/monoscript/fileName/RunnerVisibilityLink.cs: 6e4a2325960fce24f58edb6ee6b338d8 -> 
  custom:scripting/monoscript/fileName/Spaceship.cs: 77d86dcddcb47a6cc18163eb292fa20b -> 
  custom:scripting/monoscript/fileName/CullAreaEditor.cs: ac85e81dd9fb835b90f15d14c78d253a -> 
  custom:scripting/monoscript/fileName/LobbyMainPanel.cs: bee85956556c66d6096a3300e7923c77 -> 
  custom:scripting/monoscript/fileName/ChatParameterCode.cs: a0fd6a090c21b2fc7ca69a867e9c27c2 -> 
  custom:scripting/monoscript/fileName/LayoutElementMatchSize.cs: 325cd6d9cb44d01cc8cfa43a5413de8f -> 
  custom:scripting/monoscript/fileName/TextButtonTransition.cs: 72f2c4484a6dc921aacef6b387422aa7 -> 
  custom:scripting/monoscript/fileName/SupportLogger.cs: 6226925e792eee84b718aee3baaa82a7 -> 
  custom:scripting/monoscript/fileName/Asteroid.cs: 8382d1ead570177214081c1ec12affef -> 
  custom:scripting/monoscript/fileName/CurrentRoomExpectedUsersProperty.cs: 15c7823a1b55465c741092cad452b5e4 -> 
  custom:scripting/monoscript/fileName/BoolInputField.cs: 96b6c600bd0428819f492c767ecf8b5b -> 
========================================================================
Received Import Request.
  Time since last request: 3111.606308 seconds.
  path: Assets/Scripts/ChessBot.cs
  artifactKey: Guid(f96f9ef62d96dfc48943591bfc9a40d2) Importer(815301076,1909f56bfc062723c751e8b465ee728b)
Start importing Assets/Scripts/ChessBot.cs using Guid(f96f9ef62d96dfc48943591bfc9a40d2) Importer(815301076,1909f56bfc062723c751e8b465ee728b)  -> (artifact id: '5374613fa5a0f7afe2c8410c48211d64') in 0.002165 seconds
Number of updated asset objects reloaded before import = 0
Number of asset objects unloaded after import = 0
========================================================================
Received Prepare
Begin MonoManager ReloadAssembly
C:\build\output\Unity-Technologies\mono\mono\metadata\icall.c:1842:
C:\build\output\Unity-Technologies\mono\mono\metadata\icall.c:1842:
C:\build\output\Unity-Technologies\mono\mono\metadata\icall.c:1842:
C:\build\output\Unity-Technologies\mono\mono\metadata\icall.c:1842:
C:\build\output\Unity-Technologies\mono\mono\metadata\icall.c:1842:
C:\build\output\Unity-Technologies\mono\mono\metadata\icall.c:1842:
C:\build\output\Unity-Technologies\mono\mono\metadata\icall.c:1842:
C:\build\output\Unity-Technologies\mono\mono\metadata\icall.c:1842:
C:\build\output\Unity-Technologies\mono\mono\metadata\icall.c:1842:
C:\build\output\Unity-Technologies\mono\mono\metadata\icall.c:1842:
C:\build\output\Unity-Technologies\mono\mono\metadata\icall.c:1842:
C:\build\output\Unity-Technologies\mono\mono\metadata\icall.c:1842:
Symbol file LoadedFromMemory doesn't match image C:\Users\tudor\OneDrive\Imagini\Documente\GitHub\Anarchy chess\Library\PackageCache\com.unity.visualscripting@1.8.0\Editor\VisualScripting.Core\Dependencies\YamlDotNet\Unity.VisualScripting.YamlDotNet.dll
Symbol file LoadedFromMemory doesn't match image C:\Users\tudor\OneDrive\Imagini\Documente\GitHub\Anarchy chess\Library\PackageCache\com.unity.visualscripting@1.8.0\Editor\VisualScripting.Core\Dependencies\DotNetZip\Unity.VisualScripting.IonicZip.dll
- Loaded All Assemblies, in  0.616 seconds
Refreshing native plugins compatible for Editor in 3.52 ms, found 4 plugins.
Native extension for Android target not found
Native extension for WindowsStandalone target not found
Mono: successfully reloaded assembly
- Finished resetting the current domain, in  0.710 seconds
Domain Reload Profiling: 1323ms
	BeginReloadAssembly (156ms)
		ExecutionOrderSort (0ms)
		DisableScriptedObjects (10ms)
		BackupInstance (0ms)
		ReleaseScriptingObjects (0ms)
		CreateAndSetChildDomain (37ms)
	RebuildCommonClasses (27ms)
	RebuildNativeTypeToScriptingClass (10ms)
	initialDomainReloadingComplete (22ms)
	LoadAllAssembliesAndSetupDomain (397ms)
		LoadAssemblies (267ms)
		RebuildTransferFunctionScriptingTraits (0ms)
		AnalyzeDomain (207ms)
			TypeCache.Refresh (201ms)
				TypeCache.ScanAssembly (194ms)
			ScanForSourceGeneratedMonoScriptInfo (3ms)
			ResolveRequiredComponents (3ms)
	FinalizeReload (711ms)
		ReleaseScriptCaches (0ms)
		RebuildScriptCaches (0ms)
		SetupLoadedEditorAssemblies (311ms)
			LogAssemblyErrors (0ms)
			InitializePlatformSupportModulesInManaged (17ms)
			SetLoadedEditorAssemblies (2ms)
			BeforeProcessingInitializeOnLoad (60ms)
			ProcessInitializeOnLoadAttributes (206ms)
			ProcessInitializeOnLoadMethodAttributes (22ms)
			AfterProcessingInitializeOnLoad (3ms)
			EditorAssembliesLoaded (0ms)
		ExecutionOrderSort2 (0ms)
		AwakeInstancesAfterBackupRestoration (6ms)
Refreshing native plugins compatible for Editor in 3.41 ms, found 4 plugins.
Preloading 0 native plugins for Editor in 0.00 ms.
Unloading 4277 Unused Serialized files (Serialized files now loaded: 0)
Unloading 38 unused Assets / (37.5 KB). Loaded Objects now: 4926.
Memory consumption went from 201.7 MB to 201.7 MB.
Total: 3.466000 ms (FindLiveObjects: 0.208000 ms CreateObjectMapping: 0.112400 ms MarkObjects: 3.091600 ms  DeleteObjects: 0.052800 ms)

Prepare: number of updated asset objects reloaded= 0
AssetImportParameters requested are different than current active one (requested -> active):
  custom:scripting/monoscript/fileName/CountdownTimer.cs: 29151b8b1909dcb5f8770e606e1b626a -> 
  custom:scripting/monoscript/fileName/NickNameField.cs: 4566439151a528588c6e77fbea15ef25 -> 
  custom:scripting/monoscript/fileName/ConnectionHandler.cs: 33c1e29051dc60b1fb7e8675cafa9a54 -> 
  custom:scripting/monoscript/fileName/NetworkProjectConfigImporterEditor.cs: 0b9c7f8db96d38ff89dc9f2e19e80a40 -> 
  custom:scripting/monoscript/fileName/StringInputField.cs: 766f94c288e6bb2cfcd18d60914c0461 -> 
  custom:scripting/monoscript/fileName/PhotonTransformViewClassicEditor.cs: 174be401c238aa6e741f961399731929 -> 
  custom:scripting/monoscript/fileName/Fusion.CodeGen.User.cs: 7518413c31be8fc7fe79dd8f5b20fa0c -> 
  custom:scripting/monoscript/fileName/SmoothSyncMovement.cs: 31ee6a992a574c4e665f73e48482d3fc -> 
  custom:scripting/monoscript/fileName/PlayerListCell.cs: 76799f985e8a3951e5d132618c3350d8 -> 
  custom:scripting/monoscript/fileName/NetworkCharacterController.cs: 0d9ab4a1b508efe718225ceffebd8e54 -> 
  custom:scripting/monoscript/fileName/ConnectAndJoinRandomLb.cs: 9dd47be72f766f78cbbffce9f8575ef1 -> 
  custom:scripting/monoscript/fileName/RoomInfo.cs: 86776ad49e4deb535029b369c45e7f36 -> 
  custom:scripting/monoscript/fileName/ServerAddressProperty.cs: 284ddbe40a77584c9c8835a0d4d63859 -> 
  custom:video-decoder-webm-vp8: 9c59270c3fd7afecdb556c50c9e8de78 -> 
  custom:scripting/monoscript/fileName/SlotRacerSplashScreen.cs: 76e2c64393d61c31f26e20612278ec67 -> 
  custom:scripting/monoscript/fileName/ChannelCreationOptions.cs: 4231621e658bee43f79b42f64c894f83 -> 
  custom:scripting/monoscript/fileName/SystemConnectionSummary.cs: bf5673a8df4878a9885c94fd51dd3397 -> 
  custom:scripting/monoscript/fileName/RunnerLagCompensationGizmos.cs: f7028307a5d8b8de388a40efb20302af -> 
  custom:SearchIndexIgnoredProperties: e643bd26f0fe6173181afceb89e7c659 -> 
  custom:scripting/monoscript/fileName/DocLinks.cs: 22fc6e62d47c65fdd35bd32f57891e69 -> 
  custom:scripting/monoscript/fileName/FriendListView.cs: 04c66340ac95991cba62207cfc3f8015 -> 
  custom:scripting/monoscript/fileName/RunnerEnableVisibility.cs: e1b57f1bd6fcbd3137975404af4bcf85 -> 
  custom:scripting/monoscript/fileName/OnClickInstantiate.cs: 3929e8581c0458b4fa6c3ecec790414e -> 
  custom:scripting/monoscript/fileName/PlayerNumberingInspector.cs: e277bf463a09eaa6bcf2868a0f243e5c -> 
  custom:scripting/monoscript/fileName/NetworkProjectConfigImporter.cs: a2caae9d85fed596662aa6841efc1b3e -> 
  custom:scripting/monoscript/fileName/IChatClientListener.cs: e6ec1b8d09bf11f3791c0bd18ae45880 -> 
  custom:audio-encoder-webm-vorbis: bf7c407c2cedff20999df2af8eb42d56 -> 
  custom:scripting/monoscript/fileName/FusionEditorSkin.cs: c6dee1ba664a2a78ce51705f2322e50c -> 
  custom:scripting/monoscript/fileName/PunClasses.cs: d6a17dc119cdc0b4a5b92f4135a56268 -> 
  custom:scripting/monoscript/fileName/ScoreHelper.cs: 7e2091fcb90bdab85f4be0c18d586eba -> 
  custom:scripting/monoscript/fileName/FusionStatsGraph.cs: 7021e2a0a0c25bbb5696ad6d6108403d -> 
  custom:scripting/monoscript/fileName/IsConnectedAndReadyProperty.cs: af06b6e7ee3f25798787bf32cafcb247 -> 
  custom:scripting/monoscript/fileName/OnEscapeQuit.cs: be21f25ae17e13db5ee6619d0c4d06e1 -> 
  custom:scripting/monoscript/fileName/FusionRunnerVisibilityControlsWindow.cs: 503e55d51d5bac9ff9db7e3128ab6896 -> 
  custom:scripting/monoscript/fileName/OnJoinedInstantiate.cs: e6fcd481d2d6dd67f5b18fb26017d8ba -> 
  custom:scripting/monoscript/fileName/IgnoreUiRaycastWhenInactive.cs: 64ae0ba0567ac5043ee479695fe7bd2b -> 
  custom:scripting/monoscript/fileName/PlayerListEntry.cs: 3811c0a731ead3815771e470aaca8954 -> 
  custom:scripting/monoscript/fileName/ChatUserStatus.cs: 70a3ef1ac77c9464b5af9f3f7bba93e1 -> 
  custom:scripting/monoscript/fileName/CurrentRoomEmptyRoomTtlProperty.cs: ba459c40e550063227b6dbef6f2e12d7 -> 
  custom:scripting/monoscript/fileName/FusionAddressablePrefabsPreloader.cs: 609c7194fc18608a6ba4972670be253b -> 
  custom:scripting/monoscript/fileName/MonoBehaviourPunEditor.cs: a420633076e18e6ded9ee7ff41e5161d -> 
  custom:scripting/monoscript/fileName/IngameControlPanel.cs: e8e78297d18e08fd0d6ef99a75e376c2 -> 
  custom:scripting/monoscript/fileName/CustomTypes.cs: 32fb10f0e1ae6f1f4c5b8deb3c8e83c3 -> 
  custom:scripting/monoscript/fileName/PlayerManager.cs: 5b0494b39b9a262c0ad29b1931262023 -> 
  custom:scripting/monoscript/fileName/CurrentRoomIsOpenProperty.cs: 401af34d1219dc5c3b2d226ce3b12b08 -> 
  custom:scripting/monoscript/fileName/RegionListView.cs: d1509ce3c1dcf26ebb758f8eb59e1c54 -> 
  custom:scripting/monoscript/fileName/ConnectToRegionUIForm.cs: 662fbbb8f06b04129a615111e69dec89 -> 
  custom:scripting/monoscript/fileName/SendRateOnSerializeField.cs: 8559ed016d3004cf7fa75b6b51babcf0 -> 
  custom:scripting/monoscript/fileName/Block.cs: 4912a9664024ee7276656eb28373609a -> 
  custom:scripting/monoscript/fileName/RunnerVisibilityLinksRoot.cs: 64f229c02655e4ab1b3ad93c7368ccfe -> 
  custom:scripting/monoscript/fileName/WebRpc.cs: ee2bfdfdd166ac7a426061037e23ee8f -> 
  custom:scripting/monoscript/fileName/BezierSplineInspector.cs: 64d312faa4ce8272425b85e56f7f3f74 -> 
  custom:scripting/monoscript/fileName/IPhotonViewCallbacks.cs: 6b192d91218207b95c2b171719310343 -> 
  custom:scripting/monoscript/fileName/Launcher.cs: 6d0f0651107e8b978d50eb5d8ca63cd3 -> 
  custom:scripting/monoscript/fileName/PropertyCell.cs: caa15b0e3299de64e13d6f1d4cf295aa -> 
  custom:scripting/monoscript/fileName/PunTurnManager.cs: c24499e0acfb9782133d39c092b0366b -> 
  custom:scripting/monoscript/fileName/CurrentRoomIsVisibleProperty.cs: be95d33e9289a548289bfd3ab9507d59 -> 
  custom:scripting/monoscript/fileName/ChatChannel.cs: 052e931f7bf91536d9bda80d682b6368 -> 
  custom:scripting/monoscript/fileName/BezierCurveInspector.cs: cd033eb785ec71c240751fc164fcbff1 -> 
  custom:scripting/monoscript/fileName/AppSettings.cs: d20c247df910115cd4c5ae83482475ef -> 
  custom:scripting/monoscript/fileName/PhotonAnimatorViewEditor.cs: fd89a9c520118567d7b47e39070bcd39 -> 
  custom:scripting/monoscript/fileName/PhotonViewInspector.cs: da72c707197b3a14a9e4fc031131a7bc -> 
  custom:scripting/monoscript/fileName/CurrentRoomPropertiesListedInLobbyProperty.cs: c8880d240fca5295b2028661629631dc -> 
  custom:scripting/monoscript/fileName/ThirdPersonUserControl.cs: 1e36b4529ca7c2f8667ed6449c3722b9 -> 
  custom:scripting/monoscript/fileName/CurrentRoomIsOfflineProperty.cs: a3b570f54686008ce7d1ddf281dfdde2 -> 
  custom:scripting/monoscript/fileName/PlayerControl.cs: 6df8b26511518ec75eac4160d12ac3bc -> 
  custom:scripting/monoscript/fileName/LineInspector.cs: b46fbdbe979ee95575b26620e8af2791 -> 
  custom:scripting/monoscript/fileName/PhotonNetworkPart.cs: 28ef43a4727cd01eb0456d4c51a096be -> 
  custom:scripting/monoscript/fileName/CustomTypesUnity.cs: 013c37589fb09e7f77b2d495dfa13043 -> 
  custom:scripting/monoscript/fileName/ChannelWellKnownProperties.cs: 7e2dabda8907dc60fb63ae9c28cb0b10 -> 
  custom:scripting/monoscript/fileName/ToggleExpand.cs: 8df2d7619ad2c56cf93b2f0cedc9c9a4 -> 
  custom:scripting/monoscript/fileName/EventSystemSpawner.cs: c525f40330ddc66d7e7f5297346da241 -> 
  custom:scripting/monoscript/fileName/PlayerNameInputField.cs: 27839abf4289ab34aa2cc2967033966d -> 
  custom:scripting/monoscript/fileName/IsConnectedProperty.cs: 981ecf71603e1baa6ce21b0fd1acc020 -> 
  custom:scripting/monoscript/fileName/PlayerAnimatorManager.cs: a7d34eb870b3ee44c83d5db31316a095 -> 
  custom:scripting/monoscript/fileName/MoveByKeys.cs: 0be06a6581575752c58847799d9932e6 -> 
  custom:scripting/monoscript/fileName/FriendListCell.cs: 8dfedb1e000853780b714ad0651f22a9 -> 
  custom:scripting/monoscript/fileName/PhotonTeamsManager.cs: ed14ceec94e7d1247f794ca4f7f3aa2e -> 
  custom:scripting/monoscript/fileName/ChatOperationCode.cs: dac444e0d5bbc5c837c33663c8b2cefb -> 
  custom:AudioImporter_EditorPlatform: d09bf68614088b80899f8185d706f6e7 -> 
  custom:scripting/monoscript/fileName/ChatEventCode.cs: 764a52cdc3a575d4587f1a0939ee2b6d -> 
  custom:scripting/monoscript/fileName/PhotonTransformViewEditor.cs: d59344a8429d1e1c91f78e42f728790a -> 
  custom:scripting/monoscript/fileName/DocLinkButton.cs: 551275f4066ad419ab79864501010643 -> 
  custom:scripting/monoscript/fileName/Room.cs: f509531380bf8f44be3c84421df8f27b -> 
  custom:scripting/monoscript/fileName/AsteroidsGame.cs: 39019f3fa92643372bcb4670a7434593 -> 
  custom:scripting/monoscript/fileName/LoaderAnime.cs: 95ab941fc8d4427c4fa6c07cf9af1057 -> 
  custom:scripting/monoscript/fileName/ButtonInsideScrollList.cs: 663db374c5f487d95198d2dce6dd1ce7 -> 
  custom:scripting/monoscript/fileName/ReorderableListResources.cs: a21396365aa80586d6fe0c3f093e8e8a -> 12f8cf94345b17bd1a3aef7c3b5bd157
  custom:scripting/monoscript/fileName/SendRateField.cs: 5786bd6806651c5e23c7d4a511e3dfaa -> 
  custom:scripting/monoscript/fileName/PhotonTeamsManagerInspector.cs: 55bea48a55e757c56d53ded3ae32c48e -> 
  custom:audio-decoder-ogg-vorbis: bf7c407c2cedff20999df2af8eb42d56 -> 
  custom:scripting/monoscript/fileName/UserIdUiForm.cs: 0a1836b26b3227dc4bf5c907f6dcc697 -> 
  custom:scripting/monoscript/fileName/ChatAppSettings.cs: db433ce9dc535a56c6c28a3183328622 -> 
  custom:scripting/monoscript/fileName/NetworkSceneManagerDefault.cs: 871a1346f3625e42e5be83f620052e51 -> 
  custom:scripting/monoscript/fileName/PropertyListenerBase.cs: f9338b1da94c09d1d4dc5b01f854e0e3 -> 
  custom:scripting/monoscript/fileName/FriendItem.cs: 7041a5cee458fd755b4167724bf865d2 -> 
  custom:scripting/monoscript/fileName/ChannelSelector.cs: 787aa32b539868663942ded37c6d24ef -> 
  custom:scripting/monoscript/fileName/RegionHandler.cs: 6de377e0adf86218af15234cc2039610 -> 
  custom:scripting/monoscript/fileName/ChatAppIdCheckerUI.cs: 1bb8fafd3e2c10dfddf187c423c0f4b8 -> 
  custom:scripting/monoscript/fileName/CullArea.cs: 75f7e0f84478d7778555f1e1e66d50b7 -> 
  custom:scripting/monoscript/fileName/CountOfPlayersOnMasterProperty.cs: aa74237d4beb81bd33ceee77917bae47 -> 
  custom:scripting/monoscript/fileName/GameManager.cs: 56bc6cc643bcbf5a5a0d63cbd09e7487 -> 9933fbcc6190e2a9171c2ec8808a053e
  custom:scripting/monoscript/fileName/CurrentRoomAutoCleanupProperty.cs: a92fec09d98c752e495341af83135d64 -> 
  custom:scripting/monoscript/fileName/ChatPeer.cs: ab4cb6a09b2bd7026434274768d75701 -> 
  custom:scripting/monoscript/fileName/DemoHubManager.cs: 0dd9c19f14946313f8d78bca90723987 -> 
  custom:scripting/monoscript/fileName/CreateRoomUiForm.cs: bf1ce360a976c4439345f8064d17d3ad -> 
  custom:scripting/monoscript/fileName/NamePickGui.cs: 2c5392a37dc177dc65a116f98af1080e -> 
  custom:scripting/monoscript/fileName/TabViewManager.cs: a7d06552ed611c43e44fb3fef2b558f5 -> 
  custom:scripting/monoscript/fileName/PlayerUI.cs: 4d64fa5e9e8828968d6cc191a132718d -> 
  custom:scripting/monoscript/fileName/EnableOnSingleRunner.cs: 9976ce768e23cc0678b095d30598d8cd -> 
  custom:scripting/monoscript/fileName/PunCockpit.cs: 534cb157a89724d3ca07a36bb2005880 -> 
  custom:scripting/monoscript/fileName/RoomListCell.cs: 8d1543bdc9816b8a578d6cd2eebe48be -> 
  custom:scripting/monoscript/fileName/CurrentRoomNameProperty.cs: 72010acf97fe1f3e9ff0b8c322c93e83 -> 
  custom:scripting/monoscript/fileName/NetworkObjectProviderDefault.cs: 0eb113b3784be4de9cc2f3cdcdf5e36c -> 
  custom:scripting/monoscript/fileName/PunPlayerScores.cs: eee61e21995464ded106b44bf2f6edd4 -> 
  custom:scripting/monoscript/fileName/PunTeamsInspector.cs: 4df913dbc11ac67364301ce3915ea909 -> 
  custom:scripting/monoscript/fileName/Extensions.cs: 3f8618856b92f72822431fd67127e289 -> 
  custom:scripting/monoscript/fileName/AutoSyncSceneToggle.cs: f5a0c8cb6428054959052eda2623401a -> 
  custom:scripting/monoscript/fileName/ToDemoHubButton.cs: 76a2afa2c645f73081ead15c9512dae8 -> 
  custom:scripting/monoscript/fileName/CountOfPlayersInRoomProperty.cs: 22a26994633102695250e14533d8bd88 -> 
  custom:scripting/monoscript/fileName/AppSettingsExtensions.cs: 7eb3b190282e171c2845b1d8ee71ed5c -> 
  custom:scripting/monoscript/fileName/Region.cs: a0331a07d2a132f6cd24585218741838 -> 
  custom:scripting/monoscript/fileName/Bezier.cs: b8534c761c3f32134ac0822189e167cc -> 
  custom:scripting/monoscript/fileName/PhotonEditor.cs: 9beee3a7ca2bc764b51880f31127a0ea -> 
  custom:scripting/monoscript/fileName/CountOfPlayersProperty.cs: 92593170cc4984fa211f8cfbd69ac9a3 -> 
  custom:scripting/monoscript/fileName/OnStartDelete.cs: ca7ff388213f651af9d8be5d8844a8f4 -> 
  custom:video-encoder-webm-vp8: eb34c28f22e8b96e1ab97ce403110664 -> 
  custom:scripting/monoscript/fileName/ChatClient.cs: d3eb880194f03abd869e259e1e9fd5f0 -> 
  custom:scripting/monoscript/fileName/PhotonRigidbody2DView.cs: cfabe07ff5658dc80bf23a32c3f3d3ea -> 
  custom:scripting/monoscript/fileName/RoomListView.cs: 2b7207d3ddc2539dd2b806ed485e033b -> 
  custom:scripting/monoscript/fileName/OfflineModeProperty.cs: 142619a08af07c654a2536f2386c9c6c -> 
  custom:container-demuxer-ogg: 62fdf1f143b41e24485cea50d1cbac27 -> 
  custom:scripting/monoscript/fileName/Noise.cs: dc35aa19dae9f4b9d9d351205aaba1c6 -> 
  custom:scripting/monoscript/fileName/GameVersionProperty.cs: 212cdb5858947bda9a55c4e8f58ef2c6 -> 
  custom:framework-win-MediaFoundation: 216162199b28c13a410421893ffa2e32 -> 
  custom:scripting/monoscript/fileName/ConnectAndJoinRandom.cs: 00d6f17fa442bd592f9dfb4622a40a5d -> 
  custom:scripting/monoscript/fileName/PhotonTransformView.cs: ea668b9d3ca2e512312f4d0840810b14 -> 
  custom:scripting/monoscript/fileName/FusionBootstrap.cs: ce6761b6f61ee75dccdb3d85fc55a691 -> 
  custom:scripting/monoscript/fileName/RoomListEntry.cs: c7ba9dd428a6b8b410fe51075bfba1e1 -> 
  custom:scripting/monoscript/fileName/CurrentRoomMasterClientIdProperty.cs: 8a7f2b18c7369cf86e69820d5f0602fe -> 
  custom:scripting/monoscript/fileName/PunTeams.cs: 97cdf6951e96c2643337cf5fb8f69c0b -> 
  custom:scripting/monoscript/fileName/RegionListCell.cs: f6a1e00ce33d3dec4b7e2cfe425726c7 -> 
  custom:scripting/monoscript/fileName/PunSceneSettings.cs: 91ded15e638c075e189911af7f870d60 -> 
  custom:scripting/monoscript/fileName/ThirdPersonCharacter.cs: d37a384ef7557636dd0499ecb4e48640 -> 
  custom:scripting/monoscript/fileName/PlayerDetailsController.cs: 4a8b583bcd181f124e040cd407eab3b7 -> 
  custom:scripting/monoscript/fileName/PhotonRigidbody2DViewEditor.cs: 1bbd8586933ea3b91d286e3a03ef0b15 -> 
  custom:scripting/monoscript/fileName/Fusion.Unity.Editor.cs: b14e14e52edac49806a8f9d4187d9f4c -> 
  custom:scripting/monoscript/fileName/Fusion.Unity.cs: 2f52e767df9231dc9ad5c805bed98e70 -> 
  custom:scripting/monoscript/fileName/SlotLanes.cs: 97949fb7cbc49a87a0e9a949a270c39f -> 
  custom:scripting/monoscript/fileName/StatesGui.cs: 98e5143501c303d7d5973c718d302233 -> 
  custom:scripting/monoscript/fileName/SplineWalker.cs: 5be65352f0f07fbe7665dfb31e99644d -> 
  custom:scripting/monoscript/fileName/PingProperty.cs: 9f24d087d77c62d9ddcbab43ed4cd5fe -> 
  custom:scripting/monoscript/fileName/LoadLevelUIForm.cs: 6198023540609558b39b6b3a84524494 -> 
  custom:scripting/monoscript/fileName/MultiplayerManager.cs: 29415d0687c638629166b314004ee270 -> 
  custom:scripting/monoscript/fileName/BezierCurve.cs: 6855a37c0f6b23766e2a15354899a784 -> 
  custom:scripting/monoscript/fileName/Line.cs: 5e23c11e3450a3cc94ccc16c37b15685 -> 
  custom:scripting/monoscript/fileName/FusionStatsBillboard.cs: beff202fd2a83c3f993d781559426984 -> 
  custom:scripting/monoscript/fileName/SetRoomCustomPropertyUIForm.cs: 9f1b75809ed6e2f34b0b61446d287bd4 -> 
  custom:scripting/monoscript/fileName/RunnerAOIGizmos.cs: 8b1629a60417f80a3d501474e540ad3f -> 
  custom:scripting/monoscript/fileName/PointedAtGameObjectInfo.cs: 0f220a9d7e421f59db30fb04c90d6c0e -> 
  custom:scripting/monoscript/fileName/PhotonLagSimulationGui.cs: de60acfca25c9c245519382776ad2f82 -> 
  custom:scripting/monoscript/fileName/OnPointerOverTooltip.cs: b9abe1fce28033712ba423247874af86 -> 
  custom:scripting/monoscript/fileName/PhotonViewHandler.cs: 7c6c7799f7e9296388067c605d1dc27c -> 
  custom:scripting/monoscript/fileName/CullingHandler.cs: ff4506351c41ac4ce471635b6b12ceb3 -> 
  custom:scripting/monoscript/fileName/PlayerListView.cs: 60e6f2e41401ae176dea7b70bab3c390 -> 
  custom:scripting/monoscript/fileName/SplinePosition.cs: b39b2fa35faaacaf63f8929368e2e5de -> 
  custom:video-decoder-ogg-theora: a1e56fd34408186e4bbccfd4996cb3dc -> 
  custom:scripting/monoscript/fileName/PlayerNumbering.cs: ce6d1f08b3d2d23009596a69c08b221d -> 
  custom:scripting/monoscript/fileName/PunStartup.cs: 961ddc858b2c0426ca5019c7e78c4fbf -> 
  custom:scripting/monoscript/fileName/FusionStatsMeterBar.cs: d21101dd4c4710df60c667e63d577d83 -> 
  custom:scripting/monoscript/fileName/PhotonHandler.cs: 70e641dd7ce55eb351f633fc29fb5f7f -> 
  custom:scripting/monoscript/fileName/IntInputField.cs: 40c0ee81b04639c26264c222a1aaea0c -> 
  custom:scripting/monoscript/fileName/PhotonRigidbodyView.cs: f6b453c3dd57cf47fa35b8156daece9a -> 
  custom:scripting/monoscript/fileName/TextToggleIsOnTransition.cs: 326b9c727c304dd69fe51444f64a7721 -> 
  custom:scripting/monoscript/fileName/WorldGenerator.cs: dca0ae82b72e05480b823fc7043006c0 -> 
  custom:scripting/monoscript/fileName/LobbyTopPanel.cs: 830e03b228bff7a95bbb092a2d6b29d2 -> 
  custom:scripting/monoscript/fileName/PlayerOverviewPanel.cs: 515bb293728f907f134591646985b9ce -> 
  custom:scripting/monoscript/fileName/OnlineDocButton.cs: e8bceb35def1f2c21aeb107b10e7c020 -> 
  custom:scripting/monoscript/fileName/AsteroidsGameManager.cs: 12a51843b5b71df994a62f28231ff7ef -> 
  custom:scripting/monoscript/fileName/ServerSettings.cs: 8fa55e8857e3ebd201455fd70a9f157d -> 
  custom:scripting/monoscript/fileName/ServerSettingsInspector.cs: 95da0bc9ecca5735a6f497f524ce7e54 -> 
  custom:scripting/monoscript/fileName/AppVersionProperty.cs: a4b4daafa219f35ecce40e74ac804003 -> 
  custom:scripting/monoscript/fileName/ProceduralController.cs: 294ae00e975ca4fe85822d6f85fe658a -> 
  custom:scripting/monoscript/fileName/BackgroundTimeOutField.cs: 301f4bb8d6480b188021ecf99ba8be6c -> 
  custom:scripting/monoscript/fileName/UserIdField.cs: 889d45ebefa87613726b801d1e5e80c8 -> 
  custom:scripting/monoscript/fileName/GraphicToggleIsOnTransition.cs: 7e3768d2f1167a9a7dc7f801820c67a5 -> 
  custom:scripting/monoscript/fileName/ChatGui.cs: 83ccb577c346edd301c0a35e11693dfd -> 
  custom:scripting/monoscript/fileName/AccountService.cs: 80b748556379aab9364d8ef00499f1a9 -> 
  custom:scripting/monoscript/fileName/PhotonRigidbodyViewEditor.cs: ab7e34153fa9a3c646e0316fa6fc5600 -> 
  custom:scripting/monoscript/fileName/CrcCheckToggle.cs: a236d00910b93ad4ae792080fb07508e -> 
  custom:scripting/monoscript/fileName/FusionBootstrapDebugGUI.cs: 371b4228dd1f5808b5897e19c03d546a -> 
  custom:scripting/monoscript/fileName/Player.cs: b6aef835b43cb69bef999bd5136f7c21 -> 
  custom:scripting/monoscript/fileName/LoadbalancingPeer.cs: d9dd9ca955de7f0a553b219d39f29621 -> 
  custom:scripting/monoscript/fileName/FusionStatsObjectIds.cs: 43a79179a267263c08267aeebfb7eafd -> 
  custom:scripting/monoscript/fileName/PunCockpitEmbed.cs: 2240c92b97535c6672465e83f1e36036 -> 
  custom:scripting/monoscript/fileName/CurrentRoomIsOpenToggle.cs: 229c6038772c64902eb501df39020417 -> 
  custom:scripting/monoscript/fileName/PhotonStatsGui.cs: d8361e63c4cf02d1cc41570adb7e9d85 -> 
  custom:scripting/monoscript/fileName/PunSceneSettingsInspector.cs: da5c9fdcd684cd1c669e2f5c5f40d373 -> 
  custom:scripting/monoscript/fileName/CurrentRoomMaxPlayersProperty.cs: f8d2a9d7157be1b82e5db9695b63da90 -> 
  custom:scripting/monoscript/fileName/PhotonNetwork.cs: b0631ad5c9d567edbfc4fb2b742f00d0 -> 
  custom:scripting/monoscript/fileName/OnClickRpc.cs: a4c1c482691ed3f8764f3736c0d692ea -> 
  custom:scripting/monoscript/fileName/BezierSpline.cs: fdb9ccdef0d3985b914118aec7c411f2 -> 
  custom:scripting/monoscript/fileName/PhotonPing.cs: 3f140d1df899c474f22230f66cc59a41 -> 
  custom:scripting/monoscript/fileName/CurrentRoomIsVisibleToggle.cs: 47a99e70dc7fd5d059dfbf899c22bbdb -> 
  custom:scripting/monoscript/fileName/Fusion.CodeGen.cs: b9ff9c5a347ec7e6d58d9aa467d5ae96 -> 
  custom:scripting/monoscript/fileName/PhotonStreamQueue.cs: 5d5e55e8eb60f78e116626969ed0311e -> 
  custom:scripting/monoscript/fileName/WebRpcImplementationExample.cs: 7bff59c7defddf73a4ceae1090065bd1 -> 
  custom:container-muxer-webm: aa71ff27fc2769a1b78a27578f13a17b -> 
  custom:scripting/monoscript/fileName/InfosPanelPlaceholder.cs: fef54b122412d96995fae2ad440bb18b -> 
  custom:scripting/monoscript/fileName/NestedComponentUtilities.cs: 033fd91b849b48295ab920beaf62446d -> 
  custom:scripting/monoscript/fileName/PhotonEditorUtils.cs: 4456563b945cca498f5f71d9eb2059b9 -> 
  custom:scripting/monoscript/fileName/IPunCallbacks.cs: 81caf01d84a9fa08671565d87776010b -> 
  custom:scripting/monoscript/fileName/FriendInfo.cs: be836ba41ecfa4c9dca4b510bdfea5c8 -> 
  custom:scripting/monoscript/fileName/CountOfRoomsProperty.cs: c0688910145f665105cec6c6eaf4f03c -> 
  custom:scripting/monoscript/fileName/ServerProperty.cs: d53bc3d40dee4679a13aa7a9ff58706e -> 
  custom:scripting/monoscript/fileName/Bullet.cs: 77c411c50d821352e611a16c30f40226 -> 
  custom:scripting/monoscript/fileName/OnClickDestroy.cs: 84deb4bc685f090f86133752922a945d -> 
  custom:scripting/monoscript/fileName/PhotonView.cs: b2662a18b33c427e0ec2e5ab1a56c2b5 -> 
  custom:scripting/monoscript/fileName/LoadBalancingClient.cs: 632813597f9db7bc895b13321ba1b05b -> 
  custom:scripting/monoscript/fileName/PhotonTransformViewClassic.cs: b13582f7122692c3dc0b0b58565603b7 -> 
  custom:scripting/monoscript/fileName/CameraWork.cs: 7182be285ca897b882f7b04a97b5001a -> 
  custom:scripting/monoscript/fileName/GameVersionField.cs: e1aaf98c257ad1044f09a430176c1d25 -> 
  custom:scripting/monoscript/fileName/CurrentRoomPlayerCountProperty.cs: 2e3a71196f608331c351de9edf7166b4 -> 
  custom:video-codec-MediaFoundation-h265: 746d11721c4dcdbdad8f713fa42b33f4 -> 
  custom:scripting/monoscript/fileName/PhotonAnimatorView.cs: d7e478a730cbe0e6a3a4e1f87600646a -> 
  custom:scripting/monoscript/fileName/CloudRegionProperty.cs: a98a80d4740fc4627fa07cd0d1b937f1 -> 
  custom:scripting/monoscript/fileName/PhotonGUI.cs: a5571c3104cbd100c9135419869f9e73 -> 
  custom:scripting/monoscript/fileName/CurrentRoomPlayerTtlProperty.cs: 5737d382a26e8898e597b19ab06904c5 -> 
  custom:CustomObjectIndexerAttribute: 756ad292c208cfabdd7b50bc23989ffe -> 
  custom:container-demuxer-webm: 4f35f7cbe854078d1ac9338744f61a02 -> 
  custom:scripting/monoscript/fileName/Cluster.cs: 5ff22076c2cc06a01d1cc1c38d08f712 -> 
  custom:scripting/monoscript/fileName/BestRegionInPrefsProperty.cs: f81195994c87654890233836f627cd69 -> 
  custom:scripting/monoscript/fileName/RunnerVisibilityLink.cs: 6e4a2325960fce24f58edb6ee6b338d8 -> 
  custom:scripting/monoscript/fileName/Spaceship.cs: 77d86dcddcb47a6cc18163eb292fa20b -> 
  custom:scripting/monoscript/fileName/CullAreaEditor.cs: ac85e81dd9fb835b90f15d14c78d253a -> 
  custom:scripting/monoscript/fileName/LobbyMainPanel.cs: bee85956556c66d6096a3300e7923c77 -> 
  custom:scripting/monoscript/fileName/ChatParameterCode.cs: a0fd6a090c21b2fc7ca69a867e9c27c2 -> 
  custom:scripting/monoscript/fileName/LayoutElementMatchSize.cs: 325cd6d9cb44d01cc8cfa43a5413de8f -> 
  custom:scripting/monoscript/fileName/TextButtonTransition.cs: 72f2c4484a6dc921aacef6b387422aa7 -> 
  custom:scripting/monoscript/fileName/SupportLogger.cs: 6226925e792eee84b718aee3baaa82a7 -> 
  custom:scripting/monoscript/fileName/Asteroid.cs: 8382d1ead570177214081c1ec12affef -> 
  custom:scripting/monoscript/fileName/CurrentRoomExpectedUsersProperty.cs: 15c7823a1b55465c741092cad452b5e4 -> 
  custom:scripting/monoscript/fileName/BoolInputField.cs: 96b6c600bd0428819f492c767ecf8b5b -> 
